id,comment_text,clean,toxic_binary,qlora_pred
f50a39d17eb2a517,"Dalea compacta 

I've added a taxobox to this article. However, see p. 5 of this report (PDF); is it possible that the plant referred to by your source is really Dalea cylindriceps, as D. compacta, sensu Barneby, doesn't occur in New Mexico?",dalea compacta i ve added a taxobox to this article however see p 5 of this report pdf is it possible that the plant referred to by your source is really dalea cylindriceps as d compacta sensu barneby doesn t occur in new mexico,0,0
5a4bb8eb29debf54,"Jehochman, I think the three points you listed (in your initial comment) are valid concerns.  But the prevailing arguments in the archives were not trivial (WP:Recentism et cetera).  I'll probably cone down on your side, but please engage with the archived arguments, and try to AGF.  Thanks.198.228.201.144",jehochman i think the three points you listed in your initial comment are valid concerns but the prevailing arguments in the archives were not trivial wp recentism et cetera i ll probably cone down on your side but please engage with the archived arguments and try to agf thanks 198 228 201 144,0,0
6644e398e6a1a298,"""

 Hint (Sonic 2) 

""""Due to my recent hatred for vandalism, I am training to become a Wikipedia administrator. If you would like, kindly leave suggestions on how I can work my way to achieving this life goal.""""

Try to avoid edits like  this because both the edit _and_ the summary let you look like a fool.  """,hint sonic 2 due to my recent hatred for vandalism i am training to become a wikipedia administrator if you would like kindly leave suggestions on how i can work my way to achieving this life goal try to avoid edits like this because both the edit and the summary let you look like a fool,0,0
d382199c57746421,"""
thats not what i was talking about, i did not insult you, you didFREESAVELIYtalk 
""",thats not what i was talking about i did not insult you you didfreesaveliytalk,0,0
4650d0c88619e7d7,"""

 Influence and awards 

Greatiest?  That's a little thin, no?  Perhaps we can remove this and merge the other part to a different section?Makin'Bacon """,influence and awards greatiest that s a little thin no perhaps we can remove this and merge the other part to a different section makin bacon,0,0
1bb511b6182065ea,"Uh yes, if someone explains why they aren't an issue worth concern.",uh yes if someone explains why they aren t an issue worth concern,0,0
0c1e7d8d71e59b2b,"""
lol, thanks. -) (TALK) """,lol thanks talk,0,0
355d61ce8469814e,"""

This is laughably contemptable. 

""""Just because a character in a film says she's a girl and has breasts, doesn't mean she is actually is a girl! That's original research. Lord help us!""""

Furthermore, IllaZilla I haven't included any psychological analysis in the above description.   """,this is laughably contemptable just because a character in a film says she s a girl and has breasts doesn t mean she is actually is a girl that s original research lord help us furthermore illazilla i haven t included any psychological analysis in the above description,0,0
7ce00573f2a249da,"Vandal  

Dear WP Sysop CambridgeBayWeather,

, an ordained teacher of the Hamsa Yoga Sangh cult has been creating havoc for the past weeks by relentlessly inserting the name of his guru, his guru's book, quotes from his guru's book, and external link to their website on the following articles Kriya yoga, Mahavatar Babaji, Nath, and Adi Nath when the majority of the editors (actually all of them) who are experts on the subject agree that his guru is illegitimate, his inserts does not enrich (add anything substantial) the already existing articles, and only aims to promore the personal interest of their organization.

This  wants to turn WP into a propaganda material for a highly questionable (possibly harmful) pseudo-Hindu cult while pretending to be an impartial concerned Wikipedian who only wants to enrich it. The situation is really bad. He has just been banned but as soon as he gets unbanned he begins to relentlessly vandalize the pages with irrelevant and immaterial cult propaganda once again.

It is futile to try and protect the integrity of an article when someone like this person , like the Energizer Bunny, keeps on reverting them and gets away with it without being taught a lesson.

To see for yourself that Hamsacharya dan is really an ordained teacher of the cult he keeps on inserting to the articles and not just a concerned Wikipedian with no alterior motive, please see the following website [List of Authorized Teachers] and scroll down a bit for Hamsacharya Dan Kogan.

Please help us. Will you help us?

Thanking you in advance,",vandal dear wp sysop cambridgebayweather an ordained teacher of the hamsa yoga sangh cult has been creating havoc for the past weeks by relentlessly inserting the name of his guru his guru s book quotes from his guru s book and external link to their website on the following articles kriya yoga mahavatar babaji nath and adi nath when the majority of the editors actually all of them who are experts on the subject agree that his guru is illegitimate his inserts does not enrich add anything substantial the already existing articles and only aims to promore the personal interest of their organization this wants to turn wp into a propaganda material for a highly questionable possibly harmful pseudo hindu cult while pretending to be an impartial concerned wikipedian who only wants to enrich it the situation is really bad he has just been banned but as soon as he gets unbanned he begins to relentlessly vandalize the pages with irrelevant and immaterial cult propaganda once again it is futile to try and protect the integrity of an article when someone like this person like the energizer bunny keeps on reverting them and gets away with it without being taught a lesson to see for yourself that hamsacharya dan is really an ordained teacher of the cult he keeps on inserting to the articles and not just a concerned wikipedian with no alterior motive please see the following website list of authorized teachers and scroll down a bit for hamsacharya dan kogan please help us will you help us thanking you in advance,0,1
9cdf2ebedd5d593d,"""
Please read WP:CANVASS.  """"copyright nazis"""" is nowhere near nonpartisan, and you are only notifying """"your side"""" of the issue, rather than both sides.  You don't have any rights here, CJ.  The servers may be hosted on Florida, but they are private and they can ban you if you want.  You only have the right to free speech on public property; that is, they can't stop you from waering a """"Non-free content criteria sucks"""" in public, but they can do so in private.  """,please read wp canvass copyright nazis is nowhere near nonpartisan and you are only notifying your side of the issue rather than both sides you don t have any rights here cj the servers may be hosted on florida but they are private and they can ban you if you want you only have the right to free speech on public property that is they can t stop you from waering a non free content criteria sucks in public but they can do so in private,0,0
ebcb535bcb622350,i will not delete articles like you....attitude,i will not delete articles like you attitude,0,1
74d19038aa3400f3,"Image:Tierradentro.jpg listed for deletion 
An image or media file that you uploaded or altered, Image:Tierradentro.jpg, has been listed at Wikipedia:Images and media for deletion. Please see the discussion to see why this is (you may have to search for the title of the image to find its entry), if you are interested in it not being deleted.",image tierradentro jpg listed for deletion an image or media file that you uploaded or altered image tierradentro jpg has been listed at wikipedia images and media for deletion please see the discussion to see why this is you may have to search for the title of the image to find its entry if you are interested in it not being deleted,0,0
1123fa86b575d61c,"Congress gets involved the same way as it does with most any military purchase, they control the money which is appropriated.  Granted back then the various service secretaries had more lattitude than now but Congress often got involved.  Needless to say that organizing and maintaining an armored division is expensive enough Congress would have to be involved.   )0:15, 10 April 2006 (UTC)",congress gets involved the same way as it does with most any military purchase they control the money which is appropriated granted back then the various service secretaries had more lattitude than now but congress often got involved needless to say that organizing and maintaining an armored division is expensive enough congress would have to be involved 0 15 10 april 2006 utc,0,0
8c0a96f0d41691e0,"Justin Bieber
Thanks for alerting me of this!",justin bieber thanks for alerting me of this,0,0
7d2bf0cd21374d82,", 12 April 2012 (UTC)
And now it's gone (   20:36",12 april 2012 utc and now it s gone 20 36,0,0
982d143e8d744649,"""

Asha Bhosle and Lata Mangeshkar undoubtedly are the most famous Indian singers in the world. I'm sure there are popular artists today but these two singers are absolute legends in playback singing. What 90% of mainstream films produced between what, late 50s to early 80s? featured either of the sister on playback. There are zillions of sources to support the fact they are amongst India's most popular playback singers. Didn't they notch up over 1500 films between them, surely that is a testimony....If you continue disrupting this article you will be reverted by me, Shahid or somebody else. I am not even Indian and I know that Asha Bhosle and Lata are eminent singers. White cat  """,asha bhosle and lata mangeshkar undoubtedly are the most famous indian singers in the world i m sure there are popular artists today but these two singers are absolute legends in playback singing what 90 of mainstream films produced between what late 50s to early 80s featured either of the sister on playback there are zillions of sources to support the fact they are amongst india s most popular playback singers didn t they notch up over 1500 films between them surely that is a testimony if you continue disrupting this article you will be reverted by me shahid or somebody else i am not even indian and i know that asha bhosle and lata are eminent singers white cat,0,0
40cdbbbf4eba11f7,This looks like yet another attempt to defame Israel by a rabidly anti-Israel editor. The Right Sector leader worked with Israeli leadership to protect Jewish sites in Odessa.,this looks like yet another attempt to defame israel by a rabidly anti israel editor the right sector leader worked with israeli leadership to protect jewish sites in odessa,0,0
bd816b106bd84d9d,"Thanks ==

Thanks for the welcome Arun!
  

==",thanks thanks for the welcome arun,0,0
4f0aa23f0848c2c1,"Replies to Zebedee

Zebedee, I WAS NOT USING THE SAME GOD-DAMN COMPUTER AS THE PERSON WHO DID IT!!!!!!!!!!'Bold text'

I'm sorry if that seemed aggressive, but I hate it when people accuse you of something you haven't done.

Where is the evidence to suggest that the same computer was used??",replies to zebedee zebedee i was not using the same god damn computer as the person who did it bold text i m sorry if that seemed aggressive but i hate it when people accuse you of something you haven t done where is the evidence to suggest that the same computer was used,1,1
d082b062a77b3ee4,"""

 """"Microsoft Internet Explorer"""" vs """"Internet Explorer"""" 
Just a small detail, but I couldn't help but notice that Microsoft Internet Explorer is listed simply as """"Internet Explorer,"""" while other browsers (i.e. """"Mozilla Firefox"""" and """"Netscape Navigator"""") are listed under their full names.  Should """"Internet Explorer"""" be renamed to """"Microsoft Internet Explorer"""" in this article, or should """"Mozilla Firefox"""" be listed as """"Firefox"""" and so on?  """,microsoft internet explorer vs internet explorer just a small detail but i couldn t help but notice that microsoft internet explorer is listed simply as internet explorer while other browsers i e mozilla firefox and netscape navigator are listed under their full names should internet explorer be renamed to microsoft internet explorer in this article or should mozilla firefox be listed as firefox and so on,0,0
e640004611415b5d,"""

 Battle for Australia 
After I looked at the Battle for Britain page which was great I decided to have a look at the Battle for Australia page, and to my shock there is NO information about the battle and instead is something about contested historiography. So I went onto edit to make my view known, and there YOU are saying there is """"no such thing as a Battle for Australia"""". You should be ashamed of yourself, there very much was a battle and many people died in it yet here you are with your egotistical viewpoint shooting down anything you don't agree with. Wikipedia is a place for factual accounts, not contested historiography like you willingly support. Respond to this on my page   """,battle for australia after i looked at the battle for britain page which was great i decided to have a look at the battle for australia page and to my shock there is no information about the battle and instead is something about contested historiography so i went onto edit to make my view known and there you are saying there is no such thing as a battle for australia you should be ashamed of yourself there very much was a battle and many people died in it yet here you are with your egotistical viewpoint shooting down anything you don t agree with wikipedia is a place for factual accounts not contested historiography like you willingly support respond to this on my page,0,0
b3b9e36cf765fa25,"""

 A smile for you... 

 

 has smiled at you! Smiles promote WikiLove and hopefully this one has made your day better. Spread the WikiLove by smiling to someone else, whether it be someone you have had disagreements with in the past or a good friend. Smile to others by adding ,  or  to their talk page with a friendly message. Happy editing! """,a smile for you has smiled at you smiles promote wikilove and hopefully this one has made your day better spread the wikilove by smiling to someone else whether it be someone you have had disagreements with in the past or a good friend smile to others by adding or to their talk page with a friendly message happy editing,0,0
aa5cbef985dd52cb,"Image addition 

It would seem that a user has disputed the addition of images. Request viewers of the page to pls ad their comments.",image addition it would seem that a user has disputed the addition of images request viewers of the page to pls ad their comments,0,0
f0c049b2a15992a7,"Adam Beach
Why isn't it stated that he's going to play Chester Lake again? I wouldn't care as that name's not catchy, but...?Rocky",adam beach why isn t it stated that he s going to play chester lake again i wouldn t care as that name s not catchy but rocky,0,0
742be34ec9df1e7f,""":Naturally I will second that, and bring yet another proof of the controversy which surrounded the man in his lifetime:
""""...which caused some bold and forward man to write these verses following in a whole sheete of paper, & to cast it down in some part of Yorkehouse in the strand, wheere Viscount St. Alban yet lay:

    Within this sty a *hogg doth ly, That must be hang'd for Sodomy.

    (*alluding both to his sirname of Bacon, & to that swinish abominable sinne.)""""
Would you, Emery, in light of all the above, like to retract your assertion that there was no controversy during his own life?  

""",naturally i will second that and bring yet another proof of the controversy which surrounded the man in his lifetime which caused some bold and forward man to write these verses following in a whole sheete of paper to cast it down in some part of yorkehouse in the strand wheere viscount st alban yet lay within this sty a hogg doth ly that must be hang d for sodomy alluding both to his sirname of bacon to that swinish abominable sinne would you emery in light of all the above like to retract your assertion that there was no controversy during his own life,0,0
4da009c324607a7a,"Hugo Chavez
Would be interested in your opinion on the discussion on Talk:Hugo_Chávez#Relation_with_Carlos_the_Jackal. Thanks.",hugo chavez would be interested in your opinion on the discussion on talk hugo ch vez relation with carlos the jackal thanks,0,0
801fdc7adad0dae0,"AfD nomination of Heath McKnight
I have nominated Heath McKnight, an article you created, for deletion. I do not feel that this article satisfies Wikipedia's criteria for inclusion, and have explained why at Wikipedia:Articles for deletion/Heath McKnight. Your opinions on the matter are welcome at that same discussion page; also, you are welcome to edit the article to address these concerns. Thank you for your time.",afd nomination of heath mcknight i have nominated heath mcknight an article you created for deletion i do not feel that this article satisfies wikipedia s criteria for inclusion and have explained why at wikipedia articles for deletion heath mcknight your opinions on the matter are welcome at that same discussion page also you are welcome to edit the article to address these concerns thank you for your time,0,0
54a19ad74b885fda,"""

 Untitled Star Trek sequel 

I just figure you would know best at what the proper title should be for this article. Cheers.  777 """,untitled star trek sequel i just figure you would know best at what the proper title should be for this article cheers 777,0,0
b8b5502b15922dc1,Prick. Gimme some time to flesh things out. Stop being such a prick.,prick gimme some time to flesh things out stop being such a prick,1,1
857b61612884d431,"""
 Please read WP:RS to find what sorts of sources are usable here.  The information you are attempting to add is defamatory, and may not be written in Wikipedia's voice. Please read WP:BLP for clarification.  IV """,please read wp rs to find what sorts of sources are usable here the information you are attempting to add is defamatory and may not be written in wikipedia s voice please read wp blp for clarification iv,0,0
da860900d9469357,"I swear. I will never make anymore death threats. Just please unblock me. I will never make anymore sockpuppets or violate any other rules on Wikipedia. Please. Please. I worked to hard in Wikipedia to be blocked. This is my first ever wikipedia reign. I always tried to edit wikipedia, I never felt the jest. This time I do. And I'm really sorry for violating the rules. Please, Unblock me.",i swear i will never make anymore death threats just please unblock me i will never make anymore sockpuppets or violate any other rules on wikipedia please please i worked to hard in wikipedia to be blocked this is my first ever wikipedia reign i always tried to edit wikipedia i never felt the jest this time i do and i m really sorry for violating the rules please unblock me,0,0
32370641ae27c2f8,External web links within main body of text removed,external web links within main body of text removed,0,0
8421be4fa1322d2a,"""

Dohn, see my reply to Powers about Google searches, above. I regard these as crucial for our titles to take into account. That is how many web users encounter our articles; Google knows that, and gives our titles great prominence. This is not understood well by WP editors.
I consider the behaviour of WP's own search prompts important, even if these are a second consideration after Google has been taken into account. Under """"my scheme"""" in its completeness, or some scheme that I would accept, one might type as far as """"Catholic Memorial"""" and get a better, more comprehensive DAB page that would include several that are not readily findable now. As things stand, prompts show a couple of DAB pages with identical content (is that kosher?), and two specific article pages: for Massachusetts and Wisconsin. Under the proposal in this RM, it is hard to say how things might go. Not usefully for the reader, as far as I can see.
I regret that because of commitments in the world at large I have little time to take this further (though I have, you will agree, commented in detail already; thanks to you, for doing the same). For me the essential point is broad. I don't really care about individual cases of confusion arising from bad RMs; I would like to see a more sophisticated understanding of titles generally, for our millions of articles. Things are at a low standard right now.
NoeticaTea? """,dohn see my reply to powers about google searches above i regard these as crucial for our titles to take into account that is how many web users encounter our articles google knows that and gives our titles great prominence this is not understood well by wp editors i consider the behaviour of wp s own search prompts important even if these are a second consideration after google has been taken into account under my scheme in its completeness or some scheme that i would accept one might type as far as catholic memorial and get a better more comprehensive dab page that would include several that are not readily findable now as things stand prompts show a couple of dab pages with identical content is that kosher and two specific article pages for massachusetts and wisconsin under the proposal in this rm it is hard to say how things might go not usefully for the reader as far as i can see i regret that because of commitments in the world at large i have little time to take this further though i have you will agree commented in detail already thanks to you for doing the same for me the essential point is broad i don t really care about individual cases of confusion arising from bad rms i would like to see a more sophisticated understanding of titles generally for our millions of articles things are at a low standard right now noeticatea,0,1
4a27350d633e17bc,"Clearly, you do not understand what original research is 

I will combine this section later. 

But, no, it's not original research, IP, to state that the public was interested in celebrity supercouples after Bennifer. Why isn't it original research? Because it's a damn fact, as evidenced in that section. No citation is needed for a well-shown or known fact, especially not one that is backed up by references showing that the public is significantly interested in these couples as well. These couples came after Bennifer. There's the damn fact right there. Any great Wikipedian editor would tell you the same thing. What you're asking for is like asking for a citation that water exists. 

Hell, there's even a citation in that section that describes Brangelina as bigger than Bennifer. The facts are all in that section. Damn. It's that damn simple.",clearly you do not understand what original research is i will combine this section later but no it s not original research ip to state that the public was interested in celebrity supercouples after bennifer why isn t it original research because it s a damn fact as evidenced in that section no citation is needed for a well shown or known fact especially not one that is backed up by references showing that the public is significantly interested in these couples as well these couples came after bennifer there s the damn fact right there any great wikipedian editor would tell you the same thing what you re asking for is like asking for a citation that water exists hell there s even a citation in that section that describes brangelina as bigger than bennifer the facts are all in that section damn it s that damn simple,0,0
5050192169eb7507,"Indeed, a Good suggestion. Copied a crass word.",indeed a good suggestion copied a crass word,0,0
43d00d1ad34cc4f1,"Ok Phoenix of9, now you are arguing with 3 veteran editors of this article who do not approve of your edits,",ok phoenix of9 now you are arguing with 3 veteran editors of this article who do not approve of your edits,0,0
2c2327510555e1cd,Your mom plays gay music.. linkin park is the shit mutha fucka!!!,your mom plays gay music linkin park is the shit mutha fucka,1,1
61ba3d49efa2412d,"""
 I agree with 132.206.198.36. Another source that testifies to Ibn Sina's Sunnism, based on the Gutas paper mentioned above, is  Janssens asserts that Gutas """"convincingly demonstrates that I.S. was a sunni-Hanafi."""". He also gave more details. I see no reason why this view shouldn't be mentioned in the article.   """,i agree with 132 206 198 36 another source that testifies to ibn sina s sunnism based on the gutas paper mentioned above is janssens asserts that gutas convincingly demonstrates that i s was a sunni hanafi he also gave more details i see no reason why this view shouldn t be mentioned in the article,0,0
db087744ea578518,Merging articles makes sense to me.,merging articles makes sense to me,0,0
889b900cae9965a7,"Whoops - I can't.  The RFC needs two users who have tried and failed to resolve this issue, which I think is only me, Rangely, and History21.  I'll hold off.",whoops i can t the rfc needs two users who have tried and failed to resolve this issue which i think is only me rangely and history21 i ll hold off,0,0
5bdfc429612978fc,"""
Tables
In the discography should be countries if now has songs/albums in more countries. Black Widow (song) is a single to be released, why the song is in the section """"Other charted songs""""? If in """"Other charted songs"""" listed songs that are not 'singles'.   """,tables in the discography should be countries if now has songs albums in more countries black widow song is a single to be released why the song is in the section other charted songs if in other charted songs listed songs that are not singles,0,0
8c95127bc09f5487,shut up you decaying brained piece of raped s%%t.  go tell your mental diarrea to your mom,shut up you decaying brained piece of raped s t go tell your mental diarrea to your mom,1,1
40e2e2b8dfe6ae3d,"Thank you very much. Interestingly, the articles came almoust at the same time, as the English one.
I learned about the phenomenon in an English linguistic group and found similar words in German language. There seem to be much more such words in English than in German.

Best regards - Bernd  12:55, 16 Apr 2004 (UTC)",thank you very much interestingly the articles came almoust at the same time as the english one i learned about the phenomenon in an english linguistic group and found similar words in german language there seem to be much more such words in english than in german best regards bernd 12 55 16 apr 2004 utc,0,0
c15490932f891fee,"Please delete my talk page 

Just a reminder: Please delete my talk page.",please delete my talk page just a reminder please delete my talk page,0,0
a2d21af6868abd94,"""
 Not done: it's not clear what changes you want to be made. Please mention the specific changes in a """"change X to Y"""" format. — {{U|}} (e • t • c) """,not done it s not clear what changes you want to be made please mention the specific changes in a change x to y format u e t c,0,0
3ac3b903f9a9b0b5,"""

WRONG retard, The good ending is not the canon ending. Wheeler only said that no one knows what happened to Cybil. She could have simply sneaked back into town, backed up her belongings and fled town to start a new life. If you had paid attention while playing SH: Homecoming, you would have learned that Wheeler said that The Order is one to bear a grudge. They don't take kindly to people that don't share their beliefs. And they are known to have the ability to track people down. And in the translated book of memories, Silent Hill Hiroyuki Owaku stated that Cybil's fate is """"left to players' imaginations"""".

Also, SH4 revealed that SH2 protagonist James Sunderland disappeared when he went to Silent Hill. Does that mean he died too? NO, not at all.

PLEASE pay attention when you play video games. 

Thank you. ;)""",wrong retard the good ending is not the canon ending wheeler only said that no one knows what happened to cybil she could have simply sneaked back into town backed up her belongings and fled town to start a new life if you had paid attention while playing sh homecoming you would have learned that wheeler said that the order is one to bear a grudge they don t take kindly to people that don t share their beliefs and they are known to have the ability to track people down and in the translated book of memories silent hill hiroyuki owaku stated that cybil s fate is left to players imaginations also sh4 revealed that sh2 protagonist james sunderland disappeared when he went to silent hill does that mean he died too no not at all please pay attention when you play video games thank you,1,0
dc7b20f395a38186,"You have been doing yeoperson work 

 at the Pewabic Pottery article and for that I award you the seldom coveted  Thumbs Up Award.  Might I suggest that you begin something to remove the red ink from  Mary Chase Perry Stratton?  The first decision, one that has held me in check is to decide what version of her name to use, or, put another way, whether to include the Stratton part or not.  Life is good.     PS if you write something/anything on your user page then you will no longer appear in red either, and this is, I feel, a good thing.",you have been doing yeoperson work at the pewabic pottery article and for that i award you the seldom coveted thumbs up award might i suggest that you begin something to remove the red ink from mary chase perry stratton the first decision one that has held me in check is to decide what version of her name to use or put another way whether to include the stratton part or not life is good ps if you write something anything on your user page then you will no longer appear in red either and this is i feel a good thing,0,0
45a16f6a72a97929,""":::::::::::It was in that area.  
""",it was in that area,0,0
f5fefc83ebea0500,"Have you found that Pilgrimage thing anywhere? I looked and couldn't find anything reliable. For 1450, it looks faked up. BTW - I've moved your 'talk' from the article to the talk page. Happens to all of us sometime...",have you found that pilgrimage thing anywhere i looked and couldn t find anything reliable for 1450 it looks faked up btw i ve moved your talk from the article to the talk page happens to all of us sometime,0,0
58f9c3347d060533,"""

There is no problem in putting a picture on the article, but do you have:

1- A picture which clearly represents Muhammad in accordance to the textual descriptions of his physical appearance as well as his life?........and IF there is such picture available then:
2- Is that Picture Credible and cited in any scholastic works Notably?
3- If above two conditions are met AND the picture NOT titled as """"Muhammad."""" but by the artists reference 

If above three conditions are true then I am right here to support the picture. Otherwise please find out such picture and come back.

 """,there is no problem in putting a picture on the article but do you have 1 a picture which clearly represents muhammad in accordance to the textual descriptions of his physical appearance as well as his life and if there is such picture available then 2 is that picture credible and cited in any scholastic works notably 3 if above two conditions are met and the picture not titled as muhammad but by the artists reference if above three conditions are true then i am right here to support the picture otherwise please find out such picture and come back,0,0
2d45fb32d2d46eea,You don't even clean your ass when you poop. Nice try. 202.124.135.206,you don t even clean your ass when you poop nice try 202 124 135 206,1,1
565f042293bd5f38,"""

Please stop. If you continue to vandalize pages,  you will be blocked from editing Wikipedia.    3:16 """,please stop if you continue to vandalize pages you will be blocked from editing wikipedia 3 16,0,0
38ae97f58c765a9c,"16 October 2013 

  JessieLTurner",16 october 2013 jessielturner,0,0
e5835b75a690d81d,"""]]
Hello, Ccopleyff, and welcome to Wikipedia! I hope you like the place and decide to stay. Here are some pages you might find helpful:
Introduction
The five pillars of Wikipedia
How to edit a page
How to write a great article
Simplified Manual of Style
Your first article
Also feel free to make test edits in the sandbox.
I hope you enjoy editing here and being a Wikipedian! Please sign your name on talk pages using four tildes (~~~~); this will automatically produce your name and the date. If you need help, please see our help pages''', and if you can't find what you are looking for there, please feel free to leave me a message or place """""""" on this page and someone will drop by to help.   """,hello ccopleyff and welcome to wikipedia i hope you like the place and decide to stay here are some pages you might find helpful introduction the five pillars of wikipedia how to edit a page how to write a great article simplified manual of style your first article also feel free to make test edits in the sandbox i hope you enjoy editing here and being a wikipedian please sign your name on talk pages using four tildes this will automatically produce your name and the date if you need help please see our help pages and if you can t find what you are looking for there please feel free to leave me a message or place on this page and someone will drop by to help,0,0
8c59f7e99b47c51b,"""
I don't feel that I can comment on your case yet. SarekOfVulcan (talk) """,i don t feel that i can comment on your case yet sarekofvulcan talk,0,0
8868ad2f05411ae0,"Bot tagging 

Greetings,
I have seen your name everywhere already. Thanks for your recent attention to WP:PHILO and the aesthetics dept. I had recently been working on the logic project. I did quite a bit of work on it, and then ran up against some cultural issues.

I wanted to get User:SatyrBot (an apparently wonderful service!!) to automatically tag articles with the new logic banner for the purpose of assessment. I put together a category list, publicized the issue, and then moved forward with no objection. Well the complainers came out of the woodwork! The bot was stopped and at this point most have been untagged. I find all of this quite terrible.

Since then, I have been working on WP:PHILO with all of these task forces. I got the sense that people were a lot less uptight in general over there. I have changed direction a bit and now am advocating that the philosophy project tag incorporate these fields and be placed appropriately, etc. However, there is no real enthusiasm for the auomatic bot tagging proposal. Although there is far less hostility to it!  

I intend to ask the bot to tag just the Aesthetics project and see how things go. I haven't put this proposal out to WP:PHILO yet, I wanted to give you a chance to comment on it. Any advice or support in these goals would be appreciated.",bot tagging greetings i have seen your name everywhere already thanks for your recent attention to wp philo and the aesthetics dept i had recently been working on the logic project i did quite a bit of work on it and then ran up against some cultural issues i wanted to get user satyrbot an apparently wonderful service to automatically tag articles with the new logic banner for the purpose of assessment i put together a category list publicized the issue and then moved forward with no objection well the complainers came out of the woodwork the bot was stopped and at this point most have been untagged i find all of this quite terrible since then i have been working on wp philo with all of these task forces i got the sense that people were a lot less uptight in general over there i have changed direction a bit and now am advocating that the philosophy project tag incorporate these fields and be placed appropriately etc however there is no real enthusiasm for the auomatic bot tagging proposal although there is far less hostility to it i intend to ask the bot to tag just the aesthetics project and see how things go i haven t put this proposal out to wp philo yet i wanted to give you a chance to comment on it any advice or support in these goals would be appreciated,0,1
3e7e52b1b38b5e5d,"Move to Elizabeth, The Queen Mother of United Kingdom 

She married the Windsor family, making her Mrs Windsor and she never officially mantained that last name post her marriage.  She was given the Queen Mother by her daughter.",move to elizabeth the queen mother of united kingdom she married the windsor family making her mrs windsor and she never officially mantained that last name post her marriage she was given the queen mother by her daughter,0,0
d96c726d05ee518e,I already responded on the workshop page.,i already responded on the workshop page,0,0
61b026ba38088e52,"""

I'm guess you're monitoring Wikipedia talk:WikiProject Actors and Filmmakers, where an interesting proposal has been made on the colors of the Actor infobox. I'm leaning towards gold, but am like you - I'd like to see one default color.

Thai film list
Over at the , I ran into a problem with the box being too long and it was running into the year heading for the 1920s films. So I changed the map image to one that was horizontal. I think the svg locator-map renderings are more appropriate. They have been made for every country, are a standard size and easier to discern than the satellite images. It's something to consider  not that I'm trying to add to your workload. I was just having a problem with the Thai film list, and that's the solution I came up with. I hope you understand. However, these locator maps might also prove to be workable for the regional cinema templates that contain the soon-to-be-deleted film reel image, if only just temporarily until a more """"filmy"""" image is located.

Oh, thanks for adding the Tony Jaa photo to Cinema of Thailand. It was one I took a couple of years ago, and is out of focus. I've never liked it that much, but uploaded it out of desperation when I had nothing else. I moved it  lower on the page and added a caption. My favorite photo so far is the one of the Siam Theater marquee when it was playing The Tin Mine, and the marquee was Thai characters. That, to me, is the cinema of Thailand, literally. I try to take my camera to press preview events when I get the chance. The free-use photos have so much more flexibility than the gol-durned fair-use images, which are becoming increasingly problematic and restrictive. I fear that in the near future, most, if not all, fair-use images will be banned from English Wikipedia.

Well, enough from me. I should sleep, or maybe knock out some film icons. — ''''''Kwai """,i m guess you re monitoring wikipedia talk wikiproject actors and filmmakers where an interesting proposal has been made on the colors of the actor infobox i m leaning towards gold but am like you i d like to see one default color thai film list over at the i ran into a problem with the box being too long and it was running into the year heading for the 1920s films so i changed the map image to one that was horizontal i think the svg locator map renderings are more appropriate they have been made for every country are a standard size and easier to discern than the satellite images it s something to consider not that i m trying to add to your workload i was just having a problem with the thai film list and that s the solution i came up with i hope you understand however these locator maps might also prove to be workable for the regional cinema templates that contain the soon to be deleted film reel image if only just temporarily until a more filmy image is located oh thanks for adding the tony jaa photo to cinema of thailand it was one i took a couple of years ago and is out of focus i ve never liked it that much but uploaded it out of desperation when i had nothing else i moved it lower on the page and added a caption my favorite photo so far is the one of the siam theater marquee when it was playing the tin mine and the marquee was thai characters that to me is the cinema of thailand literally i try to take my camera to press preview events when i get the chance the free use photos have so much more flexibility than the gol durned fair use images which are becoming increasingly problematic and restrictive i fear that in the near future most if not all fair use images will be banned from english wikipedia well enough from me i should sleep or maybe knock out some film icons kwai,0,1
e67a15a71d8773b2,"Yes it sure can and that is something that I would be willing to work towards. If this list is cut down to 300, I want to give you a list of players that would be removed from this page: HOFers - Roger Bresnahan, Zack Wheat, Frank Robinson, George Brett, Bobby Wallace, Jackie Robinson, Wilbert Robinson, Jimmy Collins, Charlie Gehringer, Luke Appling, Ray Schalk, Goose Goslin, Mike Schmidt, Carl Yastrzemski, Bucky Harris and Pie Traynor. Also, the following future HOFers, All-Stars, great base stealers and current players (in bold) will be removed from this great list - Randy Winn, Roger Cedeno, Shawon Dunston, Rajai Davis, Minnie Minoso, Jeff Bagwell, Shoeless Joe Jackson, Jose Canseco, Ken Griffey, Sr., Julio Lugo, Pete Rose, Brian McRae, Willy Taveras, Jason Kendall, Tom Herr, Shane Victorino, Deion Sanders, Ken Griffey, Jr., Bill Buckner, Dave Martinez, Gary Matthews, Torii Hunter, Ellis Burks, Vladimir Guerrero, Darin Erstad, Jacoby Ellsbury, Adam Kennedy, Frank White, Tony Phillips, Alex Rios, Mariano Duncan, Bill Madlock, Ralph Garr, Buck Weaver, Ozzie Guillen, Doug Glanville, Tommie Agee, Dickie Thon, David Wright, Shawn Green, Dale Murphy, Matty Alou, Ian Kinsler, John Cangelosi and Dave Parker.",yes it sure can and that is something that i would be willing to work towards if this list is cut down to 300 i want to give you a list of players that would be removed from this page hofers roger bresnahan zack wheat frank robinson george brett bobby wallace jackie robinson wilbert robinson jimmy collins charlie gehringer luke appling ray schalk goose goslin mike schmidt carl yastrzemski bucky harris and pie traynor also the following future hofers all stars great base stealers and current players in bold will be removed from this great list randy winn roger cedeno shawon dunston rajai davis minnie minoso jeff bagwell shoeless joe jackson jose canseco ken griffey sr julio lugo pete rose brian mcrae willy taveras jason kendall tom herr shane victorino deion sanders ken griffey jr bill buckner dave martinez gary matthews torii hunter ellis burks vladimir guerrero darin erstad jacoby ellsbury adam kennedy frank white tony phillips alex rios mariano duncan bill madlock ralph garr buck weaver ozzie guillen doug glanville tommie agee dickie thon david wright shawn green dale murphy matty alou ian kinsler john cangelosi and dave parker,0,1
fc8e993c707109b8,"December 2014 (UTC)

No answer? Can't say I'm surprised. And now I have someone else telling me that it would only take a couple of hours to write an article on London Northern. I don't know where these people get their information from, but to be able to write these articles in this sort of time, they must have vast libraries at their disposal, with perfect and completely comprehensive indexes, and they must be able to read/interpret/summarise information at lightening speed. Based on the current coverage in Wikipedia of this topic, it's pretty obvious they do not.   17:01, 24",december 2014 utc no answer can t say i m surprised and now i have someone else telling me that it would only take a couple of hours to write an article on london northern i don t know where these people get their information from but to be able to write these articles in this sort of time they must have vast libraries at their disposal with perfect and completely comprehensive indexes and they must be able to read interpret summarise information at lightening speed based on the current coverage in wikipedia of this topic it s pretty obvious they do not 17 01 24,0,0
61f4c950db2706a5,Information about the articles,information about the articles,0,0
f6e8ee150bf036bf,Also i believe the fact that Shaft is not in the article should be adressed. The mayir would have had our school bulldowzed down to create a mini-mall if it wernt for Shaft.,also i believe the fact that shaft is not in the article should be adressed the mayir would have had our school bulldowzed down to create a mini mall if it wernt for shaft,0,0
8fc289ee9c9fdfa9,"""

 English translations 

For the curious, could someone provide English translations for the French track names using the """"note="""" field?   """,english translations for the curious could someone provide english translations for the french track names using the note field,0,0
fce026f4d8e95c0b,"May 2008
 /Blaxthos ( t / c )",may 2008 blaxthos t c,0,0
cc765c26cde5ab32,"i'm coming bavk from vacation, can't figure out what^picture was this one. anyway it's too late now since the pic was deleted before i came.",i m coming bavk from vacation can t figure out what picture was this one anyway it s too late now since the pic was deleted before i came,0,0
7da2ef2fe677f02b,"I'd call it more extrapolation or mere enlargement — I was trying to duplicate the postage stamp as accurately as possible; consequently, any other fairly accurate duplications would look quite similar.  The outline of the state doesn't match all that well to mine… which I s'pose could be explained by processing, but still, I'm not entirely convinced.  eBay is of course inherently lame and people shouldn't have to pay $15 for a badge they can download for free, but I'm not sure I'm the entity legally entitled or behooved to curtail incidents such as this, at least at this time. ¦",i d call it more extrapolation or mere enlargement i was trying to duplicate the postage stamp as accurately as possible consequently any other fairly accurate duplications would look quite similar the outline of the state doesn t match all that well to mine which i s pose could be explained by processing but still i m not entirely convinced ebay is of course inherently lame and people shouldn t have to pay 15 for a badge they can download for free but i m not sure i m the entity legally entitled or behooved to curtail incidents such as this at least at this time,0,0
eb905013c91fcdb0,"""
Please do not do that. Either change it to """"scriptwriting"""" with your source, or else consider that """"production"""" means very different things when considering an independent, animated work and that you are applying an incorrectly chosen standard. 76.31.236.91  """,please do not do that either change it to scriptwriting with your source or else consider that production means very different things when considering an independent animated work and that you are applying an incorrectly chosen standard 76 31 236 91,0,0
146fcd3acb84e847,it is true and where does it say i have to insert my references. so it is ok for you to add blog pages but i can add my facts to the story? what kind of sense is that? further more pornographic pages are not blog sites. your site is in violation of wikipedia rules......thank you...anoymous......bye sweetie,it is true and where does it say i have to insert my references so it is ok for you to add blog pages but i can add my facts to the story what kind of sense is that further more pornographic pages are not blog sites your site is in violation of wikipedia rules thank you anoymous bye sweetie,0,0
242bd38da7ad9c1a,"Material about the program has been inserted into the hijackers section, where I think it fits best, with some additional information and better wording.",material about the program has been inserted into the hijackers section where i think it fits best with some additional information and better wording,0,0
4b4378c8377e7199,"I came looking for extra information on the Ralfe Band, years active, releases etc but they didn't have a page. I believe Ralfe Band are noteworthy, they've been reviewed by NME, the late John Peel was a fan, they were personally selected to play Glastonbury by Emily Eavis, they've appeared on TV, and they play a song as an extra on The Mighty Boosh DVD.",i came looking for extra information on the ralfe band years active releases etc but they didn t have a page i believe ralfe band are noteworthy they ve been reviewed by nme the late john peel was a fan they were personally selected to play glastonbury by emily eavis they ve appeared on tv and they play a song as an extra on the mighty boosh dvd,0,0
d59b9b6893d61e75,"""

 The Mahdi and ad-Dajjal section is off topic for this article

This section deals with events that precede the day of judgement and are outside the scope of the article, which is only a survey of the Muslim narrative of the Day of Judgement.  

 non-NPOV + inaccurate information 

Regarding the piece of text """"Since most of those hadith are on the authority of Abu Huraira, most Shia dismiss them as a sad examples of what happens when all Sahaba are counted as trustworthy: A clear breach in Tawhid, the belief that God is above its creation.""""

Reasons for removal:

 Abu Huraira is one of the most prolific muhaddithin and a source of many of the sahih hadith. 

 The phrase """"most shia"""" does not cite any authority or text and could therefore be completely fabricated. Not to mention that there are over a dozen subsects among the shi`a.

 """"sad examples of what happens"""" <- that's a non-NPOV (non-Neutral Point Of View)

 See God as one sees the full moon or the sun in the sky. Or seeing part of God on the day of judgement is not a contradiction that God is above His (not """"its"""") creatures in every respect.  """,the mahdi and ad dajjal section is off topic for this article this section deals with events that precede the day of judgement and are outside the scope of the article which is only a survey of the muslim narrative of the day of judgement non npov inaccurate information regarding the piece of text since most of those hadith are on the authority of abu huraira most shia dismiss them as a sad examples of what happens when all sahaba are counted as trustworthy a clear breach in tawhid the belief that god is above its creation reasons for removal abu huraira is one of the most prolific muhaddithin and a source of many of the sahih hadith the phrase most shia does not cite any authority or text and could therefore be completely fabricated not to mention that there are over a dozen subsects among the shi a sad examples of what happens that s a non npov non neutral point of view see god as one sees the full moon or the sun in the sky or seeing part of god on the day of judgement is not a contradiction that god is above his not its creatures in every respect,0,1
14f86dd3d0bf8ec3,"Vandalism warning

 [
http://en.wikipedia.org/w/index.php?title=Ctenophora&curid;=62251&action;=history This edit] toCtenophora was vandalism - stop it or you will be blocked.",vandalism warning this edit toctenophora was vandalism stop it or you will be blocked,0,0
1f13152716786b48,"This page should not be speedy deleted because...  

This page should not be speedily deleted because... (your reason here)   
RABIT is a CI software designed to accelarate application development in an IT Enterprise. It has a research wing and the product is given to Universities and students to provide better CI solutions.
There are wiki pages similar to our product  http://en.wikipedia.org/wiki/Bamboo_(software) [ Reference ]",this page should not be speedy deleted because this page should not be speedily deleted because your reason here rabit is a ci software designed to accelarate application development in an it enterprise it has a research wing and the product is given to universities and students to provide better ci solutions there are wiki pages similar to our product reference,0,0
d99e6182d8812dce,"""

Very telling
""""When you say that I """"refuse to listen to what people are saying"""", its because I have heard this repeatedly from many editors, but frankly when it comes to POV pushing it just goes out the other ear."""" - that quote tells me that what I've long suspected is completely true.  """"Discussions"""" with certain editors are completely pointless. ) Since anything which does not agree with his POV is """"pushing someone else's POV"""" it is irrelevant, and will be ignored. What some people fail to realize is that on Wikipedia, consensus is all-important, moreso than any guideline or even policy, and even more important than """"being right"""".  If a dozen or so editors disagree with you and you alone, then the problem lies with you and not them. If a problem exists, then you seek mediation rather than fight with everyone else.   """,very telling when you say that i refuse to listen to what people are saying its because i have heard this repeatedly from many editors but frankly when it comes to pov pushing it just goes out the other ear that quote tells me that what i ve long suspected is completely true discussions with certain editors are completely pointless since anything which does not agree with his pov is pushing someone else s pov it is irrelevant and will be ignored what some people fail to realize is that on wikipedia consensus is all important moreso than any guideline or even policy and even more important than being right if a dozen or so editors disagree with you and you alone then the problem lies with you and not them if a problem exists then you seek mediation rather than fight with everyone else,0,0
d7e3b7d341d4c058,"""

 RE: Special:UnwatchedPages 

Hey, finally someone graps what I mean, and the fact that we need to get it opened up. Have you any idea where we can take this to get the ball rolling? littleirish """,re special unwatchedpages hey finally someone graps what i mean and the fact that we need to get it opened up have you any idea where we can take this to get the ball rolling littleirish,0,0
145024a0a4653be3,"Whatever 

why dont you just mind your own business?

go away and leve me alone.",whatever why dont you just mind your own business go away and leve me alone,0,1
b0695090700206ca,"Okay thank you very much, I'll adjust the borders.",okay thank you very much i ll adjust the borders,0,0
03d7de18e7668163,I support the move of 'Ade (disambiguation) → Ade' but 'Ade → Ade (disambiguation)' surely can't be right? More accurate would be 'Ade → Ade (drink)'.,i support the move of ade disambiguation ade but ade ade disambiguation surely can t be right more accurate would be ade ade drink,0,0
40b67c026f2569c6,Why are you unable to see what Homeontherange is about? I'm appalled. He is instigating a purge against the British Conservative Right.,why are you unable to see what homeontherange is about i m appalled he is instigating a purge against the british conservative right,0,0
c39e35966c0ab430,Listen to me nigga I am your Lord ! Go to cotton plantation and work for Proud South!,listen to me nigga i am your lord go to cotton plantation and work for proud south,1,1
79fbac0c8b80d1b7,"No i don't want your edit Mccon, cause it clearly diffrent interpetion than what i wrote first. both argumention let it be hears as references. and prove what epoch time did and falun gong did damage and too blind to see other sufer cause them, the falungong selfesnes and egois act WHO think, only them who have the right and other people didn't have right to live too. and as you see the date of the foto are 7 desember 2006. Huh did you think the court in hell ( god of hell) hear only falun gong side story or argumention.",no i don t want your edit mccon cause it clearly diffrent interpetion than what i wrote first both argumention let it be hears as references and prove what epoch time did and falun gong did damage and too blind to see other sufer cause them the falungong selfesnes and egois act who think only them who have the right and other people didn t have right to live too and as you see the date of the foto are 7 desember 2006 huh did you think the court in hell god of hell hear only falun gong side story or argumention,1,0
2ce9b6c5e66a8490,"""

I didn't change it per se, Blofeld did that, I just adjusted it so that it would work.  I will revert my changes until Blofeld and Angelo can agree on a map.  Blofeld can the """"green map"""" be redrawn to include this island? — (yak) """,i didn t change it per se blofeld did that i just adjusted it so that it would work i will revert my changes until blofeld and angelo can agree on a map blofeld can the green map be redrawn to include this island yak,0,0
d842d836a5898e67,"Vandals

Just going to point out the section about Theodoric's relations with the Vandals is nonsense. I'd edit it now, but I have work, and I am lazy. Good place to check is Procopius Wars III viii. 11 onwards",vandals just going to point out the section about theodoric s relations with the vandals is nonsense i d edit it now but i have work and i am lazy good place to check is procopius wars iii viii 11 onwards,0,0
8ff67d863767bcb4,"""
A """"tad wrong""""? You were completely wrong. Indeed, you couldn't have been more wrong with the patron Saint of wrongness came down and whipped you with the wrongness stick. Basically, I've been blocked for deleting the content of another editor when I haven't deleted ANY content of ANY editors. 122.60.93.162  """,a tad wrong you were completely wrong indeed you couldn t have been more wrong with the patron saint of wrongness came down and whipped you with the wrongness stick basically i ve been blocked for deleting the content of another editor when i haven t deleted any content of any editors 122 60 93 162,0,0
343788838c74b6f4,"""::::::I disagree - or rather, the consensus among Wikipedia editors seems to disagree. In looking through the noticeboards, I definitely get the sense that television documentaries, with few exceptions, are considered on par with opinion pieces. In this case, however, the point may be moot - the source is in German, and difficult to verify anyways, and the claims being made are, in many cases, exceptional, which requires more, better reliable sources than just a documentary anyways. Any claims made in the documentary, if notable, can surely be cited to other, more reliable sources. If not, I'd have to ask why.  ←  talk 

""",i disagree or rather the consensus among wikipedia editors seems to disagree in looking through the noticeboards i definitely get the sense that television documentaries with few exceptions are considered on par with opinion pieces in this case however the point may be moot the source is in german and difficult to verify anyways and the claims being made are in many cases exceptional which requires more better reliable sources than just a documentary anyways any claims made in the documentary if notable can surely be cited to other more reliable sources if not i d have to ask why talk,0,0
0ac25036ac82eaff,"""
and re """"assuming bad faith from everyone around'' is not factual; there are many people who treat me and what I have to say, and the real wiki-work I do, with respect and GF...""""everyone"""" is hyperbole and untrue.  """,and re assuming bad faith from everyone around is not factual there are many people who treat me and what i have to say and the real wiki work i do with respect and gf everyone is hyperbole and untrue,0,0
8022d716b96f3f44,"""

@Kautilya3: okay.
@ Iddli: that's really interesting. Compare Karma in Buddhism#Liberation from samsara. 
 -Let's talk! """,kautilya3 okay iddli that s really interesting compare karma in buddhism liberation from samsara let s talk,0,0
817848e281420a8e,so you just abuse Wikipedia in general and go around bullying people?  clever.  I like that idea.,so you just abuse wikipedia in general and go around bullying people clever i like that idea,0,1
facdd951b69672ee,"Question for administrator 


Please refer to [Alien_(creature_in_Alien_franchise)]
User McGeddon is knowingly revising edits against policy.

Friendly reminder: Policy based revisions, as I understand it, are exempt from edit war counts.
This user has been instructed on both my talk page, and the Alien talk page to request dispute resolution in place of further edits.

Thank you for your time",question for administrator please refer to alien creature in alien franchise user mcgeddon is knowingly revising edits against policy friendly reminder policy based revisions as i understand it are exempt from edit war counts this user has been instructed on both my talk page and the alien talk page to request dispute resolution in place of further edits thank you for your time,0,0
501f0eadd1a1da00,"Addendum: Now three editors, including",addendum now three editors including,0,0
55eb1f2d17638158,"It does not matter. The Turkish translation does not have any importance, especially not in the English Wikipedia. The current title is correct, and only the Persian original should be given.",it does not matter the turkish translation does not have any importance especially not in the english wikipedia the current title is correct and only the persian original should be given,0,0
1f564db929797f6a,"I submitted this information from the Carina Software Voyager program. Because everyone online seems to think Sothis rises the same day every year at every latitude. The date July 20 is Julian and comes from 30 degree GIza and Memphis. At 31 degree Alexandria (and Ur) the absence is 72 days instead of 70 because it cannot be seen July 20 and it rises a day later on July 21. Septua-Gint means 72 not 70. That's the first fact the rise is pending latitude. The further fact is that rise at Memphis is July 17 not July 20 thru the years 2782-1872bc which means in 2782bc the July 20 rise of Sothis on Thoth 1 is already the 4th rising having been seen July 17 on epagum day 3. Thus Thoth 1 must slip back 12 years 3 leap days to be July 17 the first day of rising. When information like this is submitted and deleted, it is arrogance and wicked heart that does so. So i submit no longer, and advise many never to donate cash to this cause. 98.144.71.174",i submitted this information from the carina software voyager program because everyone online seems to think sothis rises the same day every year at every latitude the date july 20 is julian and comes from 30 degree giza and memphis at 31 degree alexandria and ur the absence is 72 days instead of 70 because it cannot be seen july 20 and it rises a day later on july 21 septua gint means 72 not 70 that s the first fact the rise is pending latitude the further fact is that rise at memphis is july 17 not july 20 thru the years 2782 1872bc which means in 2782bc the july 20 rise of sothis on thoth 1 is already the 4th rising having been seen july 17 on epagum day 3 thus thoth 1 must slip back 12 years 3 leap days to be july 17 the first day of rising when information like this is submitted and deleted it is arrogance and wicked heart that does so so i submit no longer and advise many never to donate cash to this cause 98 144 71 174,0,1
75e3719b32f3f4cc,"""

 What's up? 

I was strongly considering blocking you for disruption (but I'd prefer it doesn't come to that.)  It's been going on for days, at least.  Will you stop, or will someone need to stop you?   (talk) 

 Constructive suggestion? 

Hey, thanks for your responsiveness about the """"Stolen Earth"""" images. Now, let me genuinely try to be constructive for once, in return: how about that other old idea of yours about having an image from that climax scene of the doctor dying? It would be a bit similar to the """"Last of the Time Lords"""" one we fought over so hard, but unlike in that case, here you'd actually have the """"critical analysis"""" in place, because the scene is covered substantially, and not just in the sense of a renarration of the plot. How about one of those with Rose holding the dying Doctor in her arms, like here, caption along the lines of: """"The climactic final scene, described as a """"bitter moment of high emotion"""", as the Doctor is seemingly dying in Rose's arms. (bah, a bit long, but you get my drift.) (Trouble is, if you want it in the infobox, you'll probably want a longish caption to make the analytic significance transparent. In my opinion at least, it really helps if the caption refers explicitly to the analytic aspect, rather than just to the plot.)  ☼ 

 Tag at WP:CIV 

Actually I had best intentions when putting that up, and was meaning it to be pointy. I apologise that it came across that way. However, when one person disputes a page, the tag should be applicable to one person. I don't see a reason to have the full tag on the page because it's not disputed, so I replaced it with one for an individual user. No other meaning was intended or implied, and I was reverted for being pointy (which I wasn't being), so I consider this matter concluded. Best,  (talk) 
heh.  Is that first sentence Freudian?  (was meaning it to be pointy ?)   76 
 *'t. Apologies.  (talk) 

 On the double man, on the double! 

Well, maybe not on the double, but Jimbo and I would be pretty tickled if you could work some magic for him. D —  $PЯINGεrαgђ  03:31 8 August, 2008 (UTC)

 Rock music WikiProject 
I'd like to invite you to join the newly-formed Rock music WikiProject.  There's alot of Rock-related articles on Wikipedia that could use a little attention, and I hope this project can help organize an effort to improve them.  So please, take a look and if you like what you see, help us get this project off the ground and a few Rock music pages into the front ranks of Wikipedia articles.  Thanks!   

Wikipedia:WikiProject Eurovision Newsletter - August 2008
{| class=""""navbox collapsible"""" style=""""text-align: left; border: 0px; margin-top: 0.2em;""""
|-
! style=""""background-color: #bfb1a3; text-align: center;"""" |The WikiProject Eurovision Newsletter
|-
| style=""""border: solid 1px #bfb1a3;""""|

{|
|- valign=""""top""""
| colspan=""""2"""" valign=""""middle"""" style=""""width: 60%; background: #bfb1a3 solid; border: 0px; padding: 1em; background: #50A6C2"""" | Project Talk Page
 The WikiProject Eurovision Newsletter Issue I - August 2008  
|- valign=""""top""""
| valign=""""top"""" style=""""border: 0px; padding: 0em; width: 65%; """" | 

{| valign=""""top"""" padding: 1em;"""" |
| valign=""""top"""" style=""""border: 1px gray solid; padding: 1em; width: 65%; """" |
 Important Project News
 There is a discussion under way on what this project should include. Currently, the m",what s up i was strongly considering blocking you for disruption but i d prefer it doesn t come to that it s been going on for days at least will you stop or will someone need to stop you talk constructive suggestion hey thanks for your responsiveness about the stolen earth images now let me genuinely try to be constructive for once in return how about that other old idea of yours about having an image from that climax scene of the doctor dying it would be a bit similar to the last of the time lords one we fought over so hard but unlike in that case here you d actually have the critical analysis in place because the scene is covered substantially and not just in the sense of a renarration of the plot how about one of those with rose holding the dying doctor in her arms like here caption along the lines of the climactic final scene described as a bitter moment of high emotion as the doctor is seemingly dying in rose s arms bah a bit long but you get my drift trouble is if you want it in the infobox you ll probably want a longish caption to make the analytic significance transparent in my opinion at least it really helps if the caption refers explicitly to the analytic aspect rather than just to the plot tag at wp civ actually i had best intentions when putting that up and was meaning it to be pointy i apologise that it came across that way however when one person disputes a page the tag should be applicable to one person i don t see a reason to have the full tag on the page because it s not disputed so i replaced it with one for an individual user no other meaning was intended or implied and i was reverted for being pointy which i wasn t being so i consider this matter concluded best talk heh is that first sentence freudian was meaning it to be pointy 76 t apologies talk on the double man on the double well maybe not on the double but jimbo and i would be pretty tickled if you could work some magic for him d p ing r g 03 31 8 august 2008 utc rock music wikiproject i d like to invite you to join the newly formed rock music wikiproject there s alot of rock related articles on wikipedia that could use a little attention and i hope this project can help organize an effort to improve them so please take a look and if you like what you see help us get this project off the ground and a few rock music pages into the front ranks of wikipedia articles thanks wikipedia wikiproject eurovision newsletter august 2008 class navbox collapsible style text align left border 0px margin top 0 2em style background color bfb1a3 text align center the wikiproject eurovision newsletter style border solid 1px bfb1a3 valign top colspan 2 valign middle style width 60 background bfb1a3 solid border 0px padding 1em background 50a6c2 project talk page the wikiproject eurovision newsletter issue i august 2008 valign top valign top style border 0px padding 0em width 65 valign top padding 1em valign top style border 1px gray solid padding 1em width 65 important project news there is a discussion under way on what this project should include currently the m,0,1
6218d20719929459,"""

 Please reconsider taking a break 

It's not just because of Sapphic's loss of temper that I'm suggesting a break, although it certainly plays a part.  I really think more progress would be made (in arriving at a community decision supported — and enforced — by ArbCom, as well as in getting the injunction lifted) if the named parties all removed themselves from the situation.

As for my comments about your son, I did NOT mean to imply that his trying out to be a SEAL was important to you and nobody else.  If I'd meant that, I'd have written it that way.  I don't like sarcasm or veiled insults, and prefer the more direct variety.  If I'm not writing mean things to you, then you can be sure I'm not thinking mean thoughts about you when I write whatever I do write.  I think in at least that one aspect of things, we have pretty similar views, and I definitely respect you for being able to shrug off insults.

I'm not posting anything to any of the dates-related pages for at least a week, I'm fairly sure I'll be able to convince Sapphic to do the same, and hopefully Locke Cole will follow suit.  You can choose to keep posting, but I don't think you're actually helping your cause by doing so at this point, and you may in fact be hurting it.  Most of the reason I picked the names I did is because we all seem to have a rather... """"wordy"""" ... approach to things, and we're drowning out (and probably scaring off) other people who might want to voice their opinion.

You don't need to reply here if you don't want to, I'm not trying to strike up a conversation, I just wanted to let you know how I see things.  Have a good day,   """,please reconsider taking a break it s not just because of sapphic s loss of temper that i m suggesting a break although it certainly plays a part i really think more progress would be made in arriving at a community decision supported and enforced by arbcom as well as in getting the injunction lifted if the named parties all removed themselves from the situation as for my comments about your son i did not mean to imply that his trying out to be a seal was important to you and nobody else if i d meant that i d have written it that way i don t like sarcasm or veiled insults and prefer the more direct variety if i m not writing mean things to you then you can be sure i m not thinking mean thoughts about you when i write whatever i do write i think in at least that one aspect of things we have pretty similar views and i definitely respect you for being able to shrug off insults i m not posting anything to any of the dates related pages for at least a week i m fairly sure i ll be able to convince sapphic to do the same and hopefully locke cole will follow suit you can choose to keep posting but i don t think you re actually helping your cause by doing so at this point and you may in fact be hurting it most of the reason i picked the names i did is because we all seem to have a rather wordy approach to things and we re drowning out and probably scaring off other people who might want to voice their opinion you don t need to reply here if you don t want to i m not trying to strike up a conversation i just wanted to let you know how i see things have a good day,0,1
200764aaaabcfa69,"Fictional books from tv etc 

Nice work on splitting off List of fictional books from non-book media  looks great )",fictional books from tv etc nice work on splitting off list of fictional books from non book media looks great,0,0
e0634ed8caeeb8e8,"You have awarded me with the North Korean Fashion Watch barnstar, even though I was not part of the discussion on the Ri Sol-ju page. Was this intended for another person?",you have awarded me with the north korean fashion watch barnstar even though i was not part of the discussion on the ri sol ju page was this intended for another person,0,0
073ccb511a15f2f3,""":::: Halliburton was for sure homosexual (or bisexual). In 1935, french police wrote in his file on Halliburton (matricule 69000.245.) that he was a """"very famous homosexual"""" frequenting gay areas in Paris 

""""Romancier américain. 35 ans. Né à New York. Habite 1, rue Scribe.
A franchi les Alpes au col du Grand Saint-Bernard sur son éléphant Dolly. Ci-joint un article de Paris Soir (3 août 1935) montrant Dolly au repos dans un parc zoologique et le même en train de se désaltérer, place de la Concorde.
Mr Halliburton est un homosexuel très connu dans certains établissements spécialisés.
Il a pris l'habitude de racoler rue Saint-Lazare. Il propose des """"succions buccales"""" (blow jobs) aux passants"""".
You can read it in the book of François Buot, but it's not translated from french into english 

http://books.google.fr/books?id=NMfAYezBcr4C&pg;=PT133&dq;=gay+paris+richard+halliburton&hl;=fr&sa;=X&ei;=LY0ZVPHfDtLtaIOWgeAJ&ved;=0CBsQ6AEwAA#v=onepage&q;=gay%20paris%20richard%20halliburton&f;=false   

""",halliburton was for sure homosexual or bisexual in 1935 french police wrote in his file on halliburton matricule 69000 245 that he was a very famous homosexual frequenting gay areas in paris romancier am ricain 35 ans n new york habite 1 rue scribe a franchi les alpes au col du grand saint bernard sur son l phant dolly ci joint un article de paris soir 3 ao t 1935 montrant dolly au repos dans un parc zoologique et le m me en train de se d salt rer place de la concorde mr halliburton est un homosexuel tr s connu dans certains tablissements sp cialis s il a pris l habitude de racoler rue saint lazare il propose des succions buccales blow jobs aux passants you can read it in the book of fran ois buot but it s not translated from french into english,0,1
d12c4869733f18aa,I was looking over WP policies and was wondering what policy are you sighting cause to delete this article?,i was looking over wp policies and was wondering what policy are you sighting cause to delete this article,0,0
cee1713d49a55b87,I don't give a flying fuck about wiki and I am sure telling you that will get another of your petty bans. My fiancee has maybe another year of life before she is murdered. It may be you are another self-important wiki masturbator or you are part of the conspiracy to have her isolated and murdered. Who gives a fuck what you wankers decide it's only wiki. Now piss off and go edit model railways or whatever else you do you disgusting little creep.,i don t give a flying fuck about wiki and i am sure telling you that will get another of your petty bans my fiancee has maybe another year of life before she is murdered it may be you are another self important wiki masturbator or you are part of the conspiracy to have her isolated and murdered who gives a fuck what you wankers decide it s only wiki now piss off and go edit model railways or whatever else you do you disgusting little creep,1,1
ab66b5516d0b2fe2,There doesn't need to be an etymology section. What was originally in the lead explained concisely that the German spelling was mistakenly used by authors up to the present date. Nothing else needs to be said. Period. I'll remove it the first chance I get.,there doesn t need to be an etymology section what was originally in the lead explained concisely that the german spelling was mistakenly used by authors up to the present date nothing else needs to be said period i ll remove it the first chance i get,0,0
c6a719beaba37afe,""":This is not an """"auction"""" discussion forum. There are communitees on eBay that might have an answer to your question or Ask.com.   

""",this is not an auction discussion forum there are communitees on ebay that might have an answer to your question or ask com,0,0
68ceac2925be4e6b,"Location 

I forget the episode, but Lisa said that if you look at the clues it's possible to figure out the location of Springfield.  I wonder about this because I remember them being able to plant lemon trees, but also having snow.  If Springfield is in area that gets snow (and I don't think they were all just freak storms), it can't also have a climate that's hot enough for long enough to grow lemon trees.",location i forget the episode but lisa said that if you look at the clues it s possible to figure out the location of springfield i wonder about this because i remember them being able to plant lemon trees but also having snow if springfield is in area that gets snow and i don t think they were all just freak storms it can t also have a climate that s hot enough for long enough to grow lemon trees,0,0
a885f185bb391af5,(only then is God on your Side and will be victorious or you break this rule then God is against you and you will be defeated),only then is god on your side and will be victorious or you break this rule then god is against you and you will be defeated,0,0
f9d7148aabf0532b,"""
 

Arbitration enforcement action appeal by Ivan Štambuk

Procedural notes: The rules governing arbitration enforcement appeals are found here. According to the procedures, a """"clear, substantial, and active consensus of uninvolved editors"""" is required to overturn an arbitration enforcement action. To help determine any such consensus, involved editors may make brief statements in separate sections but should not edit the section for discussion among uninvolved editors. Editors are normally considered involved if they are in a current dispute with the sanctioning or sanctioned editor, or have taken part in disputes (if any) related to the contested enforcement action. Administrators having taken administrative actions are not normally considered involved for this reason alone (see WP:UNINVOLVED).

 Appealing user   –   

 Sanction being appealed  

 Administrator imposing the sanction  

 Notification of that administrator  The appealing editor is asked to notify the administrator who made the enforcement action of this appeal, and then to replace this text with a diff of that notification. The appeal may not be processed otherwise. If a block is appealed, the editor moving the appeal to this board should make the notification.

Statement by Ivan Štambuk

see the unblock request

Statement by Sandstein

Statement by (involved editor 1)

Statement by (involved editor 2)

Discussion among uninvolved editors about the appeal by Ivan Štambuk 

Result of the appeal by Ivan Štambuk
This section is to be edited only by uninvolved administrators. Comments by others will be moved to the sections above.

""",arbitration enforcement action appeal by ivan tambuk procedural notes the rules governing arbitration enforcement appeals are found here according to the procedures a clear substantial and active consensus of uninvolved editors is required to overturn an arbitration enforcement action to help determine any such consensus involved editors may make brief statements in separate sections but should not edit the section for discussion among uninvolved editors editors are normally considered involved if they are in a current dispute with the sanctioning or sanctioned editor or have taken part in disputes if any related to the contested enforcement action administrators having taken administrative actions are not normally considered involved for this reason alone see wp uninvolved appealing user sanction being appealed administrator imposing the sanction notification of that administrator the appealing editor is asked to notify the administrator who made the enforcement action of this appeal and then to replace this text with a diff of that notification the appeal may not be processed otherwise if a block is appealed the editor moving the appeal to this board should make the notification statement by ivan tambuk see the unblock request statement by sandstein statement by involved editor 1 statement by involved editor 2 discussion among uninvolved editors about the appeal by ivan tambuk result of the appeal by ivan tambuk this section is to be edited only by uninvolved administrators comments by others will be moved to the sections above,0,1
46f0a3faced285a3,"F*** OFF, YOU F***ING B****! I AM TELLING THE TRUTH! IT IS ALL TRUE, F***ING JACK***",f off you f ing b i am telling the truth it is all true f ing jack,1,1
d7d092e04289b2e6,"""

Before this all started, the main things I did is revert vandalism and patrol new pages and recent changes. I also did often do minor grammar and formatting edits and try to improve articles. That’s until YOU came to my page and clamed that I was doing vandalism. How you found me is wean I edited Ridgecrest, CA and anyone that edits that article, You gets them blocked. Well, I did nothing wrong and I think its time for you to understand the Misuse of administrative tools, Read (""""Administrator abuse"""") at Wikipedia:Administrators. By Jeff Griffin85.25.176.136  """,before this all started the main things i did is revert vandalism and patrol new pages and recent changes i also did often do minor grammar and formatting edits and try to improve articles that s until you came to my page and clamed that i was doing vandalism how you found me is wean i edited ridgecrest ca and anyone that edits that article you gets them blocked well i did nothing wrong and i think its time for you to understand the misuse of administrative tools read administrator abuse at wikipedia administrators by jeff griffin85 25 176 136,0,0
26b9c2721ab61f7d,"your informing pink floyd fans as to how much their band sucks,",your informing pink floyd fans as to how much their band sucks,1,1
01fb147a18381dea,I think it is a little disingenuous of Zet to claim that a division which had lost most of its fighting troops was 'far from destroyed' when its fighting capacity was close to nil.,i think it is a little disingenuous of zet to claim that a division which had lost most of its fighting troops was far from destroyed when its fighting capacity was close to nil,0,0
d56796aed2508656,"Quit your bitching, tattletale. I'm not trolling, it's all legit. Watch the product.",quit your bitching tattletale i m not trolling it s all legit watch the product,1,1
1b410656630f33fc,"Youe question about your sister 

I know exactly what you are talking about.even thought I dont believe in any god I know a lot about religion.

Beliving in God and not Jesus Christ is not likey a Catholic or protestant follow but a Jewish foolowing.

Jews believe that there is a god and noone else.",youe question about your sister i know exactly what you are talking about even thought i dont believe in any god i know a lot about religion beliving in god and not jesus christ is not likey a catholic or protestant follow but a jewish foolowing jews believe that there is a god and noone else,0,0
8add5b80ce23b6d1,"Carmicheal was a member of the Black Panther Party and became a black separatist, I am only adding information listed in his biography so please don't revert it again, unless you change his biography as well",carmicheal was a member of the black panther party and became a black separatist i am only adding information listed in his biography so please don t revert it again unless you change his biography as well,0,0
be3eb88070081054,"""

Diphenhydramine edit

Why was my edit in the """"recreational use"""" segment on diphenhydramine reverted?  It is extremely common for the drug to be taken up to 900mg and some daring individuals have taken well over that.  It is also common knowledge in the diphenhydramine abuser underground that full hallucinations and interactions usually start after ingesting about 550mg.""",diphenhydramine edit why was my edit in the recreational use segment on diphenhydramine reverted it is extremely common for the drug to be taken up to 900mg and some daring individuals have taken well over that it is also common knowledge in the diphenhydramine abuser underground that full hallucinations and interactions usually start after ingesting about 550mg,0,0
aff7f2997b12ce19,"Well given that the date of the newspaper pre-dates the supposed death, unless reports of his death were greatly exaggerated, which seems unlikely, I suspect that the various other sources might have picked up the date of his funeral by mistake.",well given that the date of the newspaper pre dates the supposed death unless reports of his death were greatly exaggerated which seems unlikely i suspect that the various other sources might have picked up the date of his funeral by mistake,0,0
cfdbe99fdb6e9381,"You are clueless 

I know Hdayejr and you have no business running your mouth when you only have knowledge of his war with Steve here last summer. You only know that much and nothing more. Makes you look just a bit ignorant. Get lost.",you are clueless i know hdayejr and you have no business running your mouth when you only have knowledge of his war with steve here last summer you only know that much and nothing more makes you look just a bit ignorant get lost,1,1
cb78e608ffa54c42,"Please do not add inappropriate external links to Wikipedia. Wikipedia is not a mere directory of links nor should it be used for advertising or promotion.  Inappropriate links include (but are not limited to) links to personal web sites, links to web sites with which you are affiliated, and links that exist to attract visitors to a web site or promote a product.  See the external links guideline and spam policies for further explanations of links that are considered appropriate.  If you feel the link should be added to the article, then please discuss it on the article's talk page rather than re-adding it. See the welcome page to learn more about Wikipedia. Thank you.  (also the same or similar links in several other articles)",please do not add inappropriate external links to wikipedia wikipedia is not a mere directory of links nor should it be used for advertising or promotion inappropriate links include but are not limited to links to personal web sites links to web sites with which you are affiliated and links that exist to attract visitors to a web site or promote a product see the external links guideline and spam policies for further explanations of links that are considered appropriate if you feel the link should be added to the article then please discuss it on the article s talk page rather than re adding it see the welcome page to learn more about wikipedia thank you also the same or similar links in several other articles,0,0
618f5951fdfe9adc,"Exactly. Now, the purpose of an EL is that the reader (hopefully not a Scn-basher, but a normal person) can see from the link description what awaits him. You proposal does not show that. So I might amend mine a bit.",exactly now the purpose of an el is that the reader hopefully not a scn basher but a normal person can see from the link description what awaits him you proposal does not show that so i might amend mine a bit,0,0
e456a245fd15fa69,"Foreign languages 

Please refrain from writing articles in a foreign language on English Wikipedia.  Feel free to make contributions to da.wikipedia.org.",foreign languages please refrain from writing articles in a foreign language on english wikipedia feel free to make contributions to da wikipedia org,0,0
161492ce88b0d1f6,"I sincerely wish i could meet you chumps   
    
You freaks really get my goat. Etaonsh(still stuck in 1940's Europe), Firestar(firststatr Kung Fu extraordinaire), COvenantD(typical east coast jerk), Mibhofroovvsskskkety(russkie man frozen in USSR), Samuel Luo(weird lookin crazy), and crazy ol' Tomanandaaa!(brokeback mt.! u give w.hollywood a bad name!) Hey tom, when are you going to make a real citation? your scholarship is the worst i have ever seen. stay in your hole in the public library, transient!   
    
    
We know you have no lives and are failures, I really can't believe how much you guys are on this site. I have been away for awhile(thanks to some good old censorship courtesy of that advocate of free speech, Fristare, kung fu chump) but you have been here night and day it appears. It's like you are writing books on the Falun Gong page alone. Freaks!   
    
Get a life! enjoy the sun, the wind, the air.",i sincerely wish i could meet you chumps you freaks really get my goat etaonsh still stuck in 1940 s europe firestar firststatr kung fu extraordinaire covenantd typical east coast jerk mibhofroovvsskskkety russkie man frozen in ussr samuel luo weird lookin crazy and crazy ol tomanandaaa brokeback mt u give w hollywood a bad name hey tom when are you going to make a real citation your scholarship is the worst i have ever seen stay in your hole in the public library transient we know you have no lives and are failures i really can t believe how much you guys are on this site i have been away for awhile thanks to some good old censorship courtesy of that advocate of free speech fristare kung fu chump but you have been here night and day it appears it s like you are writing books on the falun gong page alone freaks get a life enjoy the sun the wind the air,0,1
c1466d92b4c5506e,"I HAVE NO LIFE, AND IF I DON'T GET TO EVER HAVE SEX THEN I WILL MAKE EVERYONE'S LIFE I CAN AS MISERABLE AS POSSIBLE!",i have no life and if i don t get to ever have sex then i will make everyone s life i can as miserable as possible,1,1
033d402c5f4cf866,"If edit-warring is one person overriding a decision as their own little Crusade, only",if edit warring is one person overriding a decision as their own little crusade only,0,0
7cda3841fe7e0804,'''FUCK YOU Ckatz you are german Cock sucker and FUCKER MOTHER FUCKER,fuck you ckatz you are german cock sucker and fucker mother fucker,1,1
546e4286b0d3fa4f,"""
A few other related tidbits: 1) Crawford 2008 cites the Old Parochial Registers of Scotland as listing a Robert Turnbull as """"witness"""" (to the baptism, I suppose), so there's the source of the name  whoever Robert Turnbull was. 2) Crawford 2008 also claims that Robert Turnbull Macpherson disappears from the records of the Royal Scottish Academy's exhibitions after 1839, while Robert (T) Macpherson appears in Rome in 1840. Part of the significant, but still circumstantial, body of evidence that the two are the same person. IainL, you said """"We have been advised elsewhere not to correspond with Alistair Crawford"""". Can you elaborate? In my correspondence I found Crawford to be most helpful.   """,a few other related tidbits 1 crawford 2008 cites the old parochial registers of scotland as listing a robert turnbull as witness to the baptism i suppose so there s the source of the name whoever robert turnbull was 2 crawford 2008 also claims that robert turnbull macpherson disappears from the records of the royal scottish academy s exhibitions after 1839 while robert t macpherson appears in rome in 1840 part of the significant but still circumstantial body of evidence that the two are the same person iainl you said we have been advised elsewhere not to correspond with alistair crawford can you elaborate in my correspondence i found crawford to be most helpful,0,0
7aa5c09e7baac0c3,"brady's lake 

:File:Brady's_lake_2007-01-27_lighter.png

nice pic",brady s lake file brady s lake 2007 01 27 lighter png nice pic,0,0
42452066ae5ffee1,to you and everyone else,to you and everyone else,0,0
ea0daca37c99a5ce,You reverted my edition when I added Arouca but when SLBedit added it you didn't! Wtf?,you reverted my edition when i added arouca but when slbedit added it you didn t wtf,1,0
df6e898ecfc96232,"For Alpha Delta Phi to insert its internal politics into an article on Welseyan is irrelevant. For you to insert your personal dramas into the talk page is inappropriate. For the record, your characterizations are incorrect.",for alpha delta phi to insert its internal politics into an article on welseyan is irrelevant for you to insert your personal dramas into the talk page is inappropriate for the record your characterizations are incorrect,0,0
16f13d1452178e4b,I'd like to remind Deep Shadow and his Nazi followers that the page should be updated as regularly as possible. I guess using common sense isn't something they're too keen on.,i d like to remind deep shadow and his nazi followers that the page should be updated as regularly as possible i guess using common sense isn t something they re too keen on,0,1
c504fef0a18d8c1b,"- Thursday, August 17, 2006 6:34 PM",thursday august 17 2006 6 34 pm,0,0
548b15c944953693,"""== Contested deletion ==

This article should not be speedy deleted as being recently created, having no relevant page history and duplicating an existing English Wikipedia topic, because... (your reason here)   

Hi, """"Ash"""" (artist) is mostly know as """"Victor Ash"""", Ash (Artist) is the same person. """"Ash (artist)"""" should only forward to """"Victor Ash"""".

Best regards,""",contested deletion this article should not be speedy deleted as being recently created having no relevant page history and duplicating an existing english wikipedia topic because your reason here hi ash artist is mostly know as victor ash ash artist is the same person ash artist should only forward to victor ash best regards,0,0
6f621c28f27eb98e,"""

It only has a short description and a list of courses offered? d """,it only has a short description and a list of courses offered d,0,0
23cc9424063fe807,"Jon & Kate 

It's like banging our heads against a brick wall. Why is nobody getting this but us?",jon kate it s like banging our heads against a brick wall why is nobody getting this but us,0,0
46df40db6f7027c1,"Then my blue link has served its purpose by pointing out/up a mistake in Sullivan's biography by reference to a particular institution (where the reference was cited). The article said he was a music teacher - I linked it to an institution where he worked. I do not have sufficient interest in Sullivan to make myself confident enough to re-cast that section in his biog (and now I'm so pleased I did not bother). Tired of casual references to institutions in WP's many biographies I occasionally set to work as I did to created the CS School article after finding a reference on another biography and now (because I got fired up) at least some of the confusion surrounding another dozen or so WP biographies is partly clarified. Had he no link with the school by 1883? (Knighthood) I don't know and you, may I point out, didn't know he even had Any link. Thanks for adjusting Sullivan's to your taste. Regards and happy editing!",then my blue link has served its purpose by pointing out up a mistake in sullivan s biography by reference to a particular institution where the reference was cited the article said he was a music teacher i linked it to an institution where he worked i do not have sufficient interest in sullivan to make myself confident enough to re cast that section in his biog and now i m so pleased i did not bother tired of casual references to institutions in wp s many biographies i occasionally set to work as i did to created the cs school article after finding a reference on another biography and now because i got fired up at least some of the confusion surrounding another dozen or so wp biographies is partly clarified had he no link with the school by 1883 knighthood i don t know and you may i point out didn t know he even had any link thanks for adjusting sullivan s to your taste regards and happy editing,0,0
62dc6dc535388956,"December 2008 ASCB workshop

Hi Tim, 

What does your schedule look like in the near future?  We should probably start to sketch plans for the workshop, and to draft a new description for Alison.  I made a subpage as a central place for us and other interested Wikipedians to plan the workshop.  I threw out some basic ideas there, but they might be terribly obvious to you and other experienced Wikipedians.  I also contacted  and , two Wikipedians I met at Wikimania, to ask for their help and advice.  I might begin writing up a tutorial for newbie scientists, but as a newbie scientist myself, I'll definitely need your help with that.  If possible, I'd like to get most of the workshop organized by the beginning of September, since I have a significant teaching load next semester.  Regards,",december 2008 ascb workshop hi tim what does your schedule look like in the near future we should probably start to sketch plans for the workshop and to draft a new description for alison i made a subpage as a central place for us and other interested wikipedians to plan the workshop i threw out some basic ideas there but they might be terribly obvious to you and other experienced wikipedians i also contacted and two wikipedians i met at wikimania to ask for their help and advice i might begin writing up a tutorial for newbie scientists but as a newbie scientist myself i ll definitely need your help with that if possible i d like to get most of the workshop organized by the beginning of september since i have a significant teaching load next semester regards,0,0
3aa9d25f3fe93b66,"feedback for the Simmons folks 

It seems you are using the Talk Page to assemble material that will eventually be incorporated into the article, right? Please use this page to monitor who's doing what, and remember to sign any additions to the talk page. Thanks.",feedback for the simmons folks it seems you are using the talk page to assemble material that will eventually be incorporated into the article right please use this page to monitor who s doing what and remember to sign any additions to the talk page thanks,0,0
bb37f66fab41d77d,Should we wait for people to come and express their opinions or go look for them on other video-game related articles and draw their attention?,should we wait for people to come and express their opinions or go look for them on other video game related articles and draw their attention,0,0
fe9bad31d7d39cae,"""

This is the BS I am talking about. You have lied about me and other editors. The Murray information was to support """"200 fewer bombers"""". If you look at Bzuk's talk page you will see I provided him the Murray citation via google books, so that is false as well. And the same for Irving. You didn't bother to trace his citation to the sources section did you? Tut, tut. It reveals the figures for production came from Milch's notes. If you had also bothered to read the next page (p. 164 I believe) Irving demonstrates perfectly clearly what Milch felt about production levels.
This is part of the reason why you were blocked from editing on the Battle of Britain page, and then again for socket puppeting.

I am not refusing to give anything. In fact I can give you the quote for the """"77"""". Only I think I'll do it tomorrow night, given I am tired and you having wasted most my time today.
You should have simply asked for it in the begining, like a normal person, instead of moving everything around and removing my citations.
As for the change in """"Romanian"""" to """"Reich"""", yes it is difficult to work out what Caldwell is referring to. It seems this particular mission was a diversion to the synthetic oil plants in W.Germany (not Polesti). RAF Bomber Command used an attack by the 8AF to attack this target.
In fact, no, I can't resist.
""""Two Gruppen of JG 27 were sent up after the RAF Lancasters, but could not get past the swarms of RAF Spitfires and Mustangs. For the day the RLV force lost 44 KIA, 16 WIA, and 77 fighters. The RAF lost no bombers, and one Spitfire""""

So there you have it.

So now I would like you to recipricate.  """,this is the bs i am talking about you have lied about me and other editors the murray information was to support 200 fewer bombers if you look at bzuk s talk page you will see i provided him the murray citation via google books so that is false as well and the same for irving you didn t bother to trace his citation to the sources section did you tut tut it reveals the figures for production came from milch s notes if you had also bothered to read the next page p 164 i believe irving demonstrates perfectly clearly what milch felt about production levels this is part of the reason why you were blocked from editing on the battle of britain page and then again for socket puppeting i am not refusing to give anything in fact i can give you the quote for the 77 only i think i ll do it tomorrow night given i am tired and you having wasted most my time today you should have simply asked for it in the begining like a normal person instead of moving everything around and removing my citations as for the change in romanian to reich yes it is difficult to work out what caldwell is referring to it seems this particular mission was a diversion to the synthetic oil plants in w germany not polesti raf bomber command used an attack by the 8af to attack this target in fact no i can t resist two gruppen of jg 27 were sent up after the raf lancasters but could not get past the swarms of raf spitfires and mustangs for the day the rlv force lost 44 kia 16 wia and 77 fighters the raf lost no bombers and one spitfire so there you have it so now i would like you to recipricate,0,1
c41a3e51bcb7b617,"Move review for Anti-Semitism:Requested move

Hi, I have asked for a move review, see Wikipedia:Move review#Anti-Semitism, pertaining to Anti-Semitism#Requested move. Because you were/are involved in the discussion/s for this page, or otherwise were interested in the page/topic, you might want to participate in the move review. Thank you,",move review for anti semitism requested move hi i have asked for a move review see wikipedia move review anti semitism pertaining to anti semitism requested move because you were are involved in the discussion s for this page or otherwise were interested in the page topic you might want to participate in the move review thank you,0,0
588720d3efbfdf5c,"revert
In music, two octaves plus a semitone equals  .
Dear Dicklyon,

I agree with you that without a RS we should not include a lot of text on this. However, even if I cannot find a RS right now, the fact cannot be in dispute since it is as valid as 1+1=2, for which I would not know how to find a RS. Could we not agree on including this one sentence in the disputed sightings section, hoping that someone will find this knowledge useful and/or will find a source for it? We could attach the {{fact}} tag, if you like?   ♫☺♥♪ (talk)",revert in music two octaves plus a semitone equals dear dicklyon i agree with you that without a rs we should not include a lot of text on this however even if i cannot find a rs right now the fact cannot be in dispute since it is as valid as 1 1 2 for which i would not know how to find a rs could we not agree on including this one sentence in the disputed sightings section hoping that someone will find this knowledge useful and or will find a source for it we could attach the fact tag if you like talk,0,0
650ed1c863eddcd1,"""What I was saying was that South Africa was never a """"black"""" country. The indigenous people were the Khoikhoi and the San(Capoids) who lived there for hundreds of thousand of years all alone. In the 15th century white Europeans arrived, and steadily built a civilization, dispossessing the native Khoisan. Only during the 18th and 19th centuries did the first blacks enter South Africa as settlers, invaders, and unwilling labourers. They outbred the indigenous Khoisan and the native whites to the point where the ruling white people who had built everything and anything resembling a civilisation or a modern state realised that they could lose their country to these non-indigenous people who rejected the very essence of that civilisation itself and refused to assimilate. So the official policy was apartness...apartheid. At the time everyone was happy with that, until millions more black people swet in, because their independent Black African states slid into Third World states in rapid succession. Meanwhile the local black population continued to have one of the highest birthrates in the world. The ANC, PAC, SACP etc were ALL funded by, and ruled from Soviet Moscow. The head of the ANC was never Tambo or Mandela, but rather East European Marxists. ALL weaponry, money, even idealogy came not from Soweto but Moscow. The obssessive terrorist war led to the end of white rule, and the rise of a FOREIGN-BORN black population who now represented the majority through relentless immigartion, murder, terrorism and an unnatural reproductive rate. At Mandela's inaugaration the Oppenheimers etc were there to let him know who was REALLY calling the shots. And since, """"independecne"""" and black rulse, South africa has deteriorated at a shocking rate. South Africa now has the highest murder, rape, armed assault, car theft, and child abuse statistics in the world. The HIV-infection and illegal narcotics statistics are rapidly catching up. The economy is approximately 15 % what it was under """"deliberate discrimination"""". There are massive blackouts every day, and the only people who are well off are the Marxist puppets who are the ANC, the druglords, and people who install security systems. That's part of what I meant.

""",what i was saying was that south africa was never a black country the indigenous people were the khoikhoi and the san capoids who lived there for hundreds of thousand of years all alone in the 15th century white europeans arrived and steadily built a civilization dispossessing the native khoisan only during the 18th and 19th centuries did the first blacks enter south africa as settlers invaders and unwilling labourers they outbred the indigenous khoisan and the native whites to the point where the ruling white people who had built everything and anything resembling a civilisation or a modern state realised that they could lose their country to these non indigenous people who rejected the very essence of that civilisation itself and refused to assimilate so the official policy was apartness apartheid at the time everyone was happy with that until millions more black people swet in because their independent black african states slid into third world states in rapid succession meanwhile the local black population continued to have one of the highest birthrates in the world the anc pac sacp etc were all funded by and ruled from soviet moscow the head of the anc was never tambo or mandela but rather east european marxists all weaponry money even idealogy came not from soweto but moscow the obssessive terrorist war led to the end of white rule and the rise of a foreign born black population who now represented the majority through relentless immigartion murder terrorism and an unnatural reproductive rate at mandela s inaugaration the oppenheimers etc were there to let him know who was really calling the shots and since independecne and black rulse south africa has deteriorated at a shocking rate south africa now has the highest murder rape armed assault car theft and child abuse statistics in the world the hiv infection and illegal narcotics statistics are rapidly catching up the economy is approximately 15 what it was under deliberate discrimination there are massive blackouts every day and the only people who are well off are the marxist puppets who are the anc the druglords and people who install security systems that s part of what i meant,0,1
87734f361b60e73f,"""
Anyone who reads the patient, well-reasoned discussion presented on that Talk page can see that Consensus has been established by reliable sources.  It is my actions that are in accord with those sources.  If anyone is on the destructive side of """"edit warring"""", it would be those who refuse to follow the clearly stated policy.  You yourself are refusing to address the points I have been stressing regarding how my actions are the ones that conform to policy.

I have now posted a video of Jimmy Wales there where he explains how facts are established by what the reliable sources say.
If you don't want to listen to me, and you don't want to read it in Wikipedia Policy, then maybe you'll listen to him.
I am very sad to know that the majority of admins I have encountered here are those who don't seem to care enough to follow what the policies say.  """,anyone who reads the patient well reasoned discussion presented on that talk page can see that consensus has been established by reliable sources it is my actions that are in accord with those sources if anyone is on the destructive side of edit warring it would be those who refuse to follow the clearly stated policy you yourself are refusing to address the points i have been stressing regarding how my actions are the ones that conform to policy i have now posted a video of jimmy wales there where he explains how facts are established by what the reliable sources say if you don t want to listen to me and you don t want to read it in wikipedia policy then maybe you ll listen to him i am very sad to know that the majority of admins i have encountered here are those who don t seem to care enough to follow what the policies say,0,0
8a3c32a8145913a5,That might prove somewhat difficult considering one specific editor has generated 400 kilobytes worth of text without a single improvement to the article.,that might prove somewhat difficult considering one specific editor has generated 400 kilobytes worth of text without a single improvement to the article,0,0
bff52a9d512e0fb1,"Has it occurred to you that I wouldn't tell someone to fuck off if they hadn't first referred to my edits as bullshit? And if NPA is not exhaustive, what criteria exactly are you using to decide that telling someone to fuck off counts as an attack?79.97.92.28",has it occurred to you that i wouldn t tell someone to fuck off if they hadn t first referred to my edits as bullshit and if npa is not exhaustive what criteria exactly are you using to decide that telling someone to fuck off counts as an attack 79 97 92 28,1,1
a9591657a5f3fe1e,"""

 Chronology of first translation (by nation) in national newspapers 

I have added to sections (which might be suitable as subsections of a yet to be determined section), 
""""Date of the first translation (by nation) in national newspapers""""
""""Translations published on websites of national newspapers""""

The sections are notable and encyclopedic. (When was the last time a poem was translated and printed in national newspapers in more than 4 countries?)

That websites print poems, is possibly less notable then when national newspapers in different countries prints them. (There seems to be somewhat of a threshold regarding printing poems in newspapers, on pages allocated to literature reviews etc—the Norwegian newspaper Aftenposten is one example of a newspaper that did not print the poem on a page assigned to literary review.)

As the first section is improved, then it might indicate the chronology of when the very first national newspapers (in various nations) printed translations of the poem. (I would not be suprised if my Nordic country was """"the last Nordic country to print the poem""""—not that anyone necessarily could draw a conclusion from that, even if it is the case.)   """,chronology of first translation by nation in national newspapers i have added to sections which might be suitable as subsections of a yet to be determined section date of the first translation by nation in national newspapers translations published on websites of national newspapers the sections are notable and encyclopedic when was the last time a poem was translated and printed in national newspapers in more than 4 countries that websites print poems is possibly less notable then when national newspapers in different countries prints them there seems to be somewhat of a threshold regarding printing poems in newspapers on pages allocated to literature reviews etc the norwegian newspaper aftenposten is one example of a newspaper that did not print the poem on a page assigned to literary review as the first section is improved then it might indicate the chronology of when the very first national newspapers in various nations printed translations of the poem i would not be suprised if my nordic country was the last nordic country to print the poem not that anyone necessarily could draw a conclusion from that even if it is the case,0,1
4918bb31af8c11a8,"Name
Shouldn't this be called deviantART as the title? 86.186.199.101",name shouldn t this be called deviantart as the title 86 186 199 101,0,0
4aba3c8e5cf47441,"11th Airborne Division 

Hey there. You've been a real help to me in the past, ES, and I was hoping you might be again. I want to get 11th Airborne Division (United States) to FA, and intend to take it to FAC as soon as the MILHIST Peer Review is finished. However, I want to check that the article is MoS compliant, but I never seem to find a lot of the things people list at an FAC. Is there someone, or a group even, who do MoS checks? Cheers,",11th airborne division hey there you ve been a real help to me in the past es and i was hoping you might be again i want to get 11th airborne division united states to fa and intend to take it to fac as soon as the milhist peer review is finished however i want to check that the article is mos compliant but i never seem to find a lot of the things people list at an fac is there someone or a group even who do mos checks cheers,0,0
60540f03fb2a5842,"Inclusion of Inuit Creation myths 
Is there space in this article for inclusion of Inuit perspectives on their origins?",inclusion of inuit creation myths is there space in this article for inclusion of inuit perspectives on their origins,0,0
8b7b85e54dadb63e,"Dan. To adopt your analogy, Ed Johnston is the systems manager guy in the wikioffice, with seniority, wide knowledge of the way it best functions, and a demonstrated capacity for making judgements all sides accept as neutral, and he's telling a less experienced wikipedian how this peculiar society works.  Most serious, professional writers, scholars and thinkers find this place exasperating and refuse to help out. Some just learn to bite the bullet, wear the bullshit, adapt to suppressing the 'Ah, you fucken dopey arsehole' sort of thought that passes one's article-parsing mind from hour to hour, and write instead, 'you're mistaken' or even 'you screwed up'. Of course there are lots of ignoramuses and liars here, like everywhere in the world and in every sphere of activity. Here, the rule is, if you want to lie or push a POV against the evidence, as long as you stick to the AGF rules, you can enjoy longevity while enjoying exhibitions of suicide by people who call you out. That looks outrageous, at first glance, but without it, tens of thousands of quite good quality articles on difficult and controversial topics would never have been written. Anthropologists, when studying a tribe in field research, understand that they must adapt, provisorily, to the rules of the tribe: back in their professorial armchair, a different discourse obtains which, were it thrown the tribe's way would (a) only be offensive (b) obstruct the acquisition of a tribe's ethnography and (c) ultimately, be detrimental to the tribe itself, which down the line may well need that expert's return to assist it in adapting in turn to a larger world outside of its own mental confines. Best",dan to adopt your analogy ed johnston is the systems manager guy in the wikioffice with seniority wide knowledge of the way it best functions and a demonstrated capacity for making judgements all sides accept as neutral and he s telling a less experienced wikipedian how this peculiar society works most serious professional writers scholars and thinkers find this place exasperating and refuse to help out some just learn to bite the bullet wear the bullshit adapt to suppressing the ah you fucken dopey arsehole sort of thought that passes one s article parsing mind from hour to hour and write instead you re mistaken or even you screwed up of course there are lots of ignoramuses and liars here like everywhere in the world and in every sphere of activity here the rule is if you want to lie or push a pov against the evidence as long as you stick to the agf rules you can enjoy longevity while enjoying exhibitions of suicide by people who call you out that looks outrageous at first glance but without it tens of thousands of quite good quality articles on difficult and controversial topics would never have been written anthropologists when studying a tribe in field research understand that they must adapt provisorily to the rules of the tribe back in their professorial armchair a different discourse obtains which were it thrown the tribe s way would a only be offensive b obstruct the acquisition of a tribe s ethnography and c ultimately be detrimental to the tribe itself which down the line may well need that expert s return to assist it in adapting in turn to a larger world outside of its own mental confines best,0,1
0ef9d96e8397216a,"Death

Can anyone find a reference for his date of death (possibly 22 June 2013) ?",death can anyone find a reference for his date of death possibly 22 june 2013,0,0
693ca392ace22d06,"""==JOPPA==
Please don't block me from editing...please. Trust me, my life doesn't revolve around editing pages in wikipedia, like yours. I couldn't give a flying shit on Sunday.  Hope deleting people's articles makes you feel better inside. Just because you have yet to produce a quality page on this site, doesn't mean you should be jealous of others, and use that as the ONLY reason for getting rid of them. Do something with yourself for God's Sake. Can you honestly look at your life right now and say, """"I've made a difference."""" If not, then leave the rest of us alone. That's my advice to you. Don't be a fucking cynic. You end up very lonely that way. Maybe you should watch my show sometime to see what it's like trying to be creative. The address is Whatisjoppa.com  

""",joppa please don t block me from editing please trust me my life doesn t revolve around editing pages in wikipedia like yours i couldn t give a flying shit on sunday hope deleting people s articles makes you feel better inside just because you have yet to produce a quality page on this site doesn t mean you should be jealous of others and use that as the only reason for getting rid of them do something with yourself for god s sake can you honestly look at your life right now and say i ve made a difference if not then leave the rest of us alone that s my advice to you don t be a fucking cynic you end up very lonely that way maybe you should watch my show sometime to see what it s like trying to be creative the address is whatisjoppa com,1,1
f25df6dd05412c53,"asteroid colonization 

i am curreently doing research on colonizing asteroids and so far i have come up with a huge amount of money that will be needed to get there. and i am not even finished caculated the costs,i am talking hundereds of millions of dollars. if anyone has any i deas what woould happen if we did colonize an asteroid. please feel free to add any coments",asteroid colonization i am curreently doing research on colonizing asteroids and so far i have come up with a huge amount of money that will be needed to get there and i am not even finished caculated the costs i am talking hundereds of millions of dollars if anyone has any i deas what woould happen if we did colonize an asteroid please feel free to add any coments,0,0
a363254bda1f923b,""":The above discussion is preserved as an archive. Please do not modify it. Subsequent comments should be made in a new section.""",the above discussion is preserved as an archive please do not modify it subsequent comments should be made in a new section,0,0
af138e631fe893e2,"1) 1st u said my edit summary was blank\wrong Nowu say it formatting.
2) What formattting? All I did was move her personal section up into her bio section.
3) Dont be an *ss. Or can u not help it since youre agnostic? 70.108.92.126",1 1st u said my edit summary was blank wrong nowu say it formatting 2 what formattting all i did was move her personal section up into her bio section 3 dont be an ss or can u not help it since youre agnostic 70 108 92 126,1,1
0066dcf7d9ecd360,"""

 123 18:38, July 18, 2005 (UTC)

P.S. Feel free to leave a message on my talk page if you need help with anything or simply wish to say hello. )""",123 18 38 july 18 2005 utc p s feel free to leave a message on my talk page if you need help with anything or simply wish to say hello,0,0
c817fd509f87a0a2,"""
You're the man, then.  I guess """"most"""" can be plural by context....  """,you re the man then i guess most can be plural by context,0,0
c045efcb3373d7c6,"Name

redirected due to her name being Maria Luisa of Spain..Louisa is the English spelling 86.164.91.170",name redirected due to her name being maria luisa of spain louisa is the english spelling 86 164 91 170,0,0
a48206789bc63d86,"Crying 
Coral made Mike the Miz, Rachel, Jisella all cry I think at some point. Interesting stuff, wouldn't you say?",crying coral made mike the miz rachel jisella all cry i think at some point interesting stuff wouldn t you say,0,0
05c5934907a2d7c0,That makes it so much easier. I didn't know I was allowed to do that. Thanks!,that makes it so much easier i didn t know i was allowed to do that thanks,0,0
c622221c04de1205,"""

 Aregakn appeal 

Hi Stifle. Aregakn was placed on an edit summary restriction by you at Wikipedia:Arbitration/Requests/Enforcement/Archive62#Hittit, unless I'm being dense and misreading. That is the sanction that he is appealing against in the pending AE thread. There seems to be some discrepancy between what I understand the appeal to be about and what you are commenting on, so please set me straight if I am not making sense. Regards, AGK  """,aregakn appeal hi stifle aregakn was placed on an edit summary restriction by you at wikipedia arbitration requests enforcement archive62 hittit unless i m being dense and misreading that is the sanction that he is appealing against in the pending ae thread there seems to be some discrepancy between what i understand the appeal to be about and what you are commenting on so please set me straight if i am not making sense regards agk,0,0
19370fead7a27efc,"re SC Dynamo Berlin 

Thank you for your message at my talkpage. The ip block was the last thing I did before ending my lunchbreak, but I see that the next one was also blocked. I have quickly reviewed the above article and noted that ips are changing every time one gets blocked, replacing the vandalism. I subsequently reverted the last vandalism and have protected the article from editing by ip and new accounts for 3 days; I noted my actions at Talk:SC_Dynamo_Berlin#protection. I hope this brings a (temporary) end to this matter.",re sc dynamo berlin thank you for your message at my talkpage the ip block was the last thing i did before ending my lunchbreak but i see that the next one was also blocked i have quickly reviewed the above article and noted that ips are changing every time one gets blocked replacing the vandalism i subsequently reverted the last vandalism and have protected the article from editing by ip and new accounts for 3 days i noted my actions at talk sc dynamo berlin protection i hope this brings a temporary end to this matter,0,0
ba6d2cf57fec2c5a,"""

Response:
Wikipedia welcomes pictures even if they are not from the 'serious' sources. Pictures are the exclusion from the rule that one cannot add a personal content to Wikipedia. I thought the same applies to the link to the websites containing only mere pictures, nothing more and so did www.garycki.com/nationalparks.html  
If the content in Polish on the website www.garycki.com/index.html contradicts the above statement the website can be split between two independent domains (although still mutually linked, why not?) - one of which will be dedicated to the national parks.
I would at least leave the link on the """"List of national parks of Norway"""" pages because you cannot find a better photo guide to ALL national parks in this country, including the planned ones, even on the government www.dirnat.no pages. The same applies to Poland and maybe Sweden (at least to Laponia). Please also note that the Cathrin's World is also a personal website but nobody even attempts to remove the link to this website nor do I.
Some links may also be helpful with the less popular national parks such as Anderdalen or Lomsdal-Visten etc.
Please reconsider readdition of the links.""",response wikipedia welcomes pictures even if they are not from the serious sources pictures are the exclusion from the rule that one cannot add a personal content to wikipedia i thought the same applies to the link to the websites containing only mere pictures nothing more and so did if the content in polish on the website contradicts the above statement the website can be split between two independent domains although still mutually linked why not one of which will be dedicated to the national parks i would at least leave the link on the list of national parks of norway pages because you cannot find a better photo guide to all national parks in this country including the planned ones even on the government pages the same applies to poland and maybe sweden at least to laponia please also note that the cathrin s world is also a personal website but nobody even attempts to remove the link to this website nor do i some links may also be helpful with the less popular national parks such as anderdalen or lomsdal visten etc please reconsider readdition of the links,0,1
b3f68279709ea78b,"""

Adding nonsense to this encyclopedia is regarded as vandalism, and will very quickly lead to your being prevented from editing . Please be warned. """"talk"""" """,adding nonsense to this encyclopedia is regarded as vandalism and will very quickly lead to your being prevented from editing please be warned talk,0,0
86e4859edc4c1228,"""
 Yah because if it's from a christian site then if must be a lie right? How Bigoted of you to say that just because it's from a christian site it can't be unbiased. Wikipedia is based on Secular Humanisn so that means that anything it says about Jeus must be a lie? Why not say, """"well that quote comes from a Jewish site and we all know that they can't be trusted"""" Christaphobic bigotry is just as bad as racism so knock it off.69.14.96.9  """,yah because if it s from a christian site then if must be a lie right how bigoted of you to say that just because it s from a christian site it can t be unbiased wikipedia is based on secular humanisn so that means that anything it says about jeus must be a lie why not say well that quote comes from a jewish site and we all know that they can t be trusted christaphobic bigotry is just as bad as racism so knock it off 69 14 96 9,0,0
a0115ad5d4cfd680,"""::::Deskana, what is your point of saying """"by Black Kite, no less""""?  Black Kite only did that because Jimbo Wales compelled him to do so.  In addition Black Kite makes a false representation on the diff where he unblocked .  He says it was due to a private discussion.  It occurred because Jimbo investigated and made him do it. This editor was blocked from participation for almost a year and the reason was abuse of administrative powers to pursue a non-neutral agenda.

Please also note how on his userpage,  trys to blame his bad acts on others.  This cannot go unchallenged.

Please also look at my contribution above. Do you agree that I have proven that  was engaged in """"systematic exclusion of reliable sources""""?  I've named reliable sources that Jimbo Wales has made note of.  There are five instances where  is saying they're not notable.  This is serious evidence.    

""",deskana what is your point of saying by black kite no less black kite only did that because jimbo wales compelled him to do so in addition black kite makes a false representation on the diff where he unblocked he says it was due to a private discussion it occurred because jimbo investigated and made him do it this editor was blocked from participation for almost a year and the reason was abuse of administrative powers to pursue a non neutral agenda please also note how on his userpage trys to blame his bad acts on others this cannot go unchallenged please also look at my contribution above do you agree that i have proven that was engaged in systematic exclusion of reliable sources i ve named reliable sources that jimbo wales has made note of there are five instances where is saying they re not notable this is serious evidence,0,0
02843e29a74e7e40,"""
I conclude he's a vandal for what I consider very sound reasons leading to inevitable deductions....but let's not talk about him, and stick to the specifics of the issue at hand:
1. It is """"backwards"""" to approach any controversal subject by first listing the defense of the perpetrators  can you imagine how jarring it would be for you to read an account of, say, the Antebellum South, which began by listing """"choice"""" quotes regarding lenient recommendations plantation owners gave to their overseers concerning the treatment of their subjects? It's utterly bizarre.
2. It is grossly POV as well as inaccurate to portrary the perpetrators as """"giving rights"""" and """"protection"""" when they are doing precisely the contrary. The whole turgid mess is an appalling whitewash, despite a few throw-a-bone references in the links, and everyone involved in whatever horrific """"consensus"""" (if any) Hell-spawned it ought to be very ashamed of themselves. """,i conclude he s a vandal for what i consider very sound reasons leading to inevitable deductions but let s not talk about him and stick to the specifics of the issue at hand 1 it is backwards to approach any controversal subject by first listing the defense of the perpetrators can you imagine how jarring it would be for you to read an account of say the antebellum south which began by listing choice quotes regarding lenient recommendations plantation owners gave to their overseers concerning the treatment of their subjects it s utterly bizarre 2 it is grossly pov as well as inaccurate to portrary the perpetrators as giving rights and protection when they are doing precisely the contrary the whole turgid mess is an appalling whitewash despite a few throw a bone references in the links and everyone involved in whatever horrific consensus if any hell spawned it ought to be very ashamed of themselves,0,0
47ba1be88dbfe851,"No, as shown in Lion-Eating_Poet_in_the_Stone_Den, the accent marks does not help.
  01:01 02-Sep-2009.",no as shown in lion eating poet in the stone den the accent marks does not help 01 01 02 sep 2009,0,0
dae69cbfe8f39d8c,"""

 Dream theater template 

I've been a DT fan since images and words. I know a lot about them. Im wondering how come """"Six degrees of inner turbulence"""" and """"A change of season"""" aren't on the template. I added them and someone deleted them. Im just wondering, those 2 songs ARE infact Suites.  """,dream theater template i ve been a dt fan since images and words i know a lot about them im wondering how come six degrees of inner turbulence and a change of season aren t on the template i added them and someone deleted them im just wondering those 2 songs are infact suites,0,0
0b26cb08c882659a,REDIRECT Talk:Moldovan Cyrillic alphabet,redirect talk moldovan cyrillic alphabet,0,0
97396435dbf93756,"QED As long as we're tattling to the teacher, AnotherSolipsist said I'm ludicrous, and he started it!  Gwernol, I'm sorry to be a pain in your ass - you're a good Wikipedian just doing your job.  I just can't stomach these people.  Do what you must. OK, I'll quit being a pain in the ass.  Googie Man.",qed as long as we re tattling to the teacher anothersolipsist said i m ludicrous and he started it gwernol i m sorry to be a pain in your ass you re a good wikipedian just doing your job i just can t stomach these people do what you must ok i ll quit being a pain in the ass googie man,1,0
fca85967237a75dd,"""

 """"Extremism"""" - and """"The notion of 'extremism'"""" 

The reason for my recreation of the page under the different title (and for the associated redirect) is that it is at least highly (if, perhaps, not """"extremely"""") controversial to assert, or imply or assume that there actually exists a phenomenon appropriately characterized as """"extremism"""". 

I appreciate that I may not have chosen the best way of addressing this diffculty. I would be grateful if you would advise me accordingly.

Regards,

LJ

  """,extremism and the notion of extremism the reason for my recreation of the page under the different title and for the associated redirect is that it is at least highly if perhaps not extremely controversial to assert or imply or assume that there actually exists a phenomenon appropriately characterized as extremism i appreciate that i may not have chosen the best way of addressing this diffculty i would be grateful if you would advise me accordingly regards lj,0,0
c39dc4fd8a8feeea,"Okay, that's fair. Let's proceed at GA without the info included. I think this is reasonable since his ntability is derived from his WW2 actions which are covered.",okay that s fair let s proceed at ga without the info included i think this is reasonable since his ntability is derived from his ww2 actions which are covered,0,0
825fead91a62a4ef,"Hey there. I've noticed your huge additions to the Furry article. Could you provide a source for these informations? Did you got them from a website or did you wrote them all yourself? Just curious. |✉ 20:50, Feb 19, 2005 (UTC)",hey there i ve noticed your huge additions to the furry article could you provide a source for these informations did you got them from a website or did you wrote them all yourself just curious 20 50 feb 19 2005 utc,0,0
47e03fd09281fa89,"Go back and reread jacobolus's comments.  Take note of how he attempted to difuse all of the frustration and anxiety.  Notice that eventhough he is correcting me he isn't accusing me, talking down or being condescending.",go back and reread jacobolus s comments take note of how he attempted to difuse all of the frustration and anxiety notice that eventhough he is correcting me he isn t accusing me talking down or being condescending,0,0
f593a847fb774f49,Subject herself acknowledges birthname in a 2005 message board post: http://www.xxxpo rntalk.com/ubbthreads/showflat.php?Board=dvdtalk&Number;=87933,subject herself acknowledges birthname in a 2005 message board post rntalk com ubbthreads showflat php board dvdtalk number 87933,0,0
443e0b2ce465e714,The US Military exists to protect freedom.  Support for the US Military is support for freedom.  I almost didn't even reply to you because you are so ignorant.,the us military exists to protect freedom support for the us military is support for freedom i almost didn t even reply to you because you are so ignorant,0,1
7ddf7f3e8352d559,Hey is there a petition thing like that for Canadian-Bacon?  Because power-hungry egotists shouldn't be allowed to be administrators.,hey is there a petition thing like that for canadian bacon because power hungry egotists shouldn t be allowed to be administrators,0,0
a3380d5f77a713f0,FUCK YOU Jdelanoy. You are German COCK SUCKER & FUCKER MOTHER FUCKER. Good to know how you FUCKED face looks.,fuck you jdelanoy you are german cock sucker fucker mother fucker good to know how you fucked face looks,1,1
6aabe44bc87751c8,"""
I was happy to do it. Thank you! Triple M """,i was happy to do it thank you triple m,0,0
3696c40dcae6961c,add many links to your site,add many links to your site,0,0
092c387581171e43,"_____________________________________________________________________________

How do we come to a consensus when you don't say anything here and I have shown that you have misquoted a reference?

So you going to lock me out of the article again?",how do we come to a consensus when you don t say anything here and i have shown that you have misquoted a reference so you going to lock me out of the article again,0,0
b39b38509af79619,"Is this the same Michael Dorosh with 20,000+ posts at the Battlefront Forum ?  The last time I read there six months ago, CMSF was suppose to be released in June 2006 !",is this the same michael dorosh with 20 000 posts at the battlefront forum the last time i read there six months ago cmsf was suppose to be released in june 2006,0,0
9937f01f95c1bc14,( ) oh no! blocked from wikipedia! my life is OVER!!!!!!!!! eat my fucking pussy you whore.,oh no blocked from wikipedia my life is over eat my fucking pussy you whore,1,1
17d0e5bfed9b5db8,Thanks; I've deleted two pages already!,thanks i ve deleted two pages already,0,0
94f95ef58bf939c6,"May 2008 
 Please stop your disruptive editing. If your vandalism continues, you will be blocked from editing Wikipedia.   (T)/(C) 
If this is a shared IP address, and you didn't make the edit, consider creating an account for yourself so you can avoid further irrelevant notices.",may 2008 please stop your disruptive editing if your vandalism continues you will be blocked from editing wikipedia t c if this is a shared ip address and you didn t make the edit consider creating an account for yourself so you can avoid further irrelevant notices,0,0
b3e7ed42a55e14ee,"""
My campaigning days are over, my wiki-destiny lies in other fields, but if you found an alternative the same """"know-all"""" crew would just descend with their rules and regulation. Tell me whay you want to know about the station on my talk.  """,my campaigning days are over my wiki destiny lies in other fields but if you found an alternative the same know all crew would just descend with their rules and regulation tell me whay you want to know about the station on my talk,0,0
20b96e4294c75ce0,"Charles Mccarthy
Is this Charles McCarthy stuff vanity material or AS promotion???",charles mccarthy is this charles mccarthy stuff vanity material or as promotion,0,0
2a87d321d641fadc,"""
Okay well this book was published before his trial and him being """"discredited"""". Doesn't that make it a reliable source? It's not the book he was sued for, that was """"Hitler's war"""", published after the book being reviewed. Just to make it clear I'm not trying to whitewash the Nazis or anything and say they didn't commit war crimes, obviously they did. I am just trying to make sure both sides of an academic issue are presented.  """,okay well this book was published before his trial and him being discredited doesn t that make it a reliable source it s not the book he was sued for that was hitler s war published after the book being reviewed just to make it clear i m not trying to whitewash the nazis or anything and say they didn t commit war crimes obviously they did i am just trying to make sure both sides of an academic issue are presented,0,0
13dd21442899bf47,"oh why dear johnny boy 

Oi, cock face johnCD my pages that have now been deleted, thanks (sarcasm) but my pages weren't finished i was in rush and planned to edit them later contact me. also keep looking over your shoulder for sisher and his army of trojin horses. remember that name CD sishers coming for you",oh why dear johnny boy oi cock face johncd my pages that have now been deleted thanks sarcasm but my pages weren t finished i was in rush and planned to edit them later contact me also keep looking over your shoulder for sisher and his army of trojin horses remember that name cd sishers coming for you,1,1
b21ea44f6bb7d276,"WTF. I did not do whatever a sock puppet is. That was a friend of mine that I told him to change things, isn't it obvious by having two different IP addresses. You shouldn't be the one who is able to post whatever he wants and change whatever he doesn't like. That isn't how this works. There was nothing wrong with that post for Nocioni. It was no POV or whatever, if you ever watch a Bulls' game you would notice there are chants like that almost every damn home game.",wtf i did not do whatever a sock puppet is that was a friend of mine that i told him to change things isn t it obvious by having two different ip addresses you shouldn t be the one who is able to post whatever he wants and change whatever he doesn t like that isn t how this works there was nothing wrong with that post for nocioni it was no pov or whatever if you ever watch a bulls game you would notice there are chants like that almost every damn home game,0,0
0a9e8e2adc09070b,Still reckon the specific locations/penitentaries are what is needed in the title of the list - and even another separate bit of info for the times that the colonies were specific penal colonies (dont know the dates myself) Suro,still reckon the specific locations penitentaries are what is needed in the title of the list and even another separate bit of info for the times that the colonies were specific penal colonies dont know the dates myself suro,0,0
93aed48a7b43198a,we have to state his nationality at the time when he was first notable and,we have to state his nationality at the time when he was first notable and,0,0
fa945118978e7837,"""
They say it's in """"Jerusalem"""". You're the one that's claiming there's a difference between """"Jerusalem"""" (as used by UNESCO) and """"Jerusalem"""" (as used by Wikipedia).   """,they say it s in jerusalem you re the one that s claiming there s a difference between jerusalem as used by unesco and jerusalem as used by wikipedia,0,0
515f2de85cea1f00,or else I WOULD DESTROY YOU!!!!!,or else i would destroy you,1,1
fd4f6cbda0ef42e6,"""

 B-cell lymphoma? 

Came across this review:  whose abstract includes """" B cell lymphoma was positively associated with phenoxy herbicides and the organophosphorus herbicide glyphosate."""" Should this go in?   """,b cell lymphoma came across this review whose abstract includes b cell lymphoma was positively associated with phenoxy herbicides and the organophosphorus herbicide glyphosate should this go in,0,0
d70049a1637de419,You can post me messages here.,you can post me messages here,0,0
48f46f8102b608f7,"Changes to the article 

Not sure If I am posting correctly and if I am not please forgive me.  There appears there has been some changes to the article. The sentences that reference 17,18, and 19 appear to have been changed. After reading the statements in the article. I went to the linked sources and they do not support the claims in the article. How can this be fixed? Thank you for your time.",changes to the article not sure if i am posting correctly and if i am not please forgive me there appears there has been some changes to the article the sentences that reference 17 18 and 19 appear to have been changed after reading the statements in the article i went to the linked sources and they do not support the claims in the article how can this be fixed thank you for your time,0,0
fb8671a9a59ae5f2,""":: Is the Scotsman a sufficient source?  Alan Massie's article, para 2: http://sport.scotsman.com/topics.cfm?tid=736&id;=90962003 .  On the other hand, a pdf on the SRU site says """"The first-ever inter-school match recorded in Scotland was The High School versus Merchiston, played on 13 February 1858."""" ( http://www.scottishrugby.org/shadomx/apps/fms/fmsdownload.cfm?file_uuid=A25BB25D-E612-A4BD-CA0C-E106CB0ED01F&siteName;=sru at the foot of page 1)  So it would be necessary to stress the continuing nature of the fixture, if I understand the claim correctly?  

""",is the scotsman a sufficient source alan massie s article para 2 on the other hand a pdf on the sru site says the first ever inter school match recorded in scotland was the high school versus merchiston played on 13 february 1858 at the foot of page 1 so it would be necessary to stress the continuing nature of the fixture if i understand the claim correctly,0,0
50a2eb40b3969fc6,", 13 April 2006 (UTC)

Well-where is the answer to this ? What about Starčević's admirers, from Matoš to Krleža ? 19:48",13 april 2006 utc well where is the answer to this what about star evi s admirers from mato to krle a 19 48,0,0
7f315d8aebf252be,Can you tell us how you know this? ~,can you tell us how you know this,0,0
4ea0d7b66d3a7406,"""

I see that Bbb23 has recently received quite the """"don't censor"""" rebuke from Jimbo Wales . I wonder what ol' Jimbo would think of Bbb23's little Napoleon routine at the Men's rights movement talk page.   """,i see that bbb23 has recently received quite the don t censor rebuke from jimbo wales i wonder what ol jimbo would think of bbb23 s little napoleon routine at the men s rights movement talk page,0,0
6252c80690bf2259,"stop what?! 

How is it spam to post information relevant to an article and post a link in the talk page, as you suggested, which is also relevant to the article? I see links in Wikipedia articles all the time, but they don't get deleted neurotically.",stop what how is it spam to post information relevant to an article and post a link in the talk page as you suggested which is also relevant to the article i see links in wikipedia articles all the time but they don t get deleted neurotically,0,0
ba2070bdd3664058,. fukk it im goin 2 encyclopedia dramatica,fukk it im goin 2 encyclopedia dramatica,1,1
486f224962bffce4,"""==April 2008==
   Talk  """,april 2008 talk,0,0
e6d4d05add7c045e,"July 2009 

Please do not replace Wikipedia pages with blank content. Blank pages are harmful to Wikipedia because they have a tendency to confuse readers. If it is a duplicate article, please redirect it to an appropriate existing page. If the page has been vandalized, please revert it to the last legitimate version. If you feel that the content of a page is inappropriate, please edit the page and replace it with appropriate content. If you believe there is no hope for the page, please see the deletion policy for how to proceed.     —  (|contribs)",july 2009 please do not replace wikipedia pages with blank content blank pages are harmful to wikipedia because they have a tendency to confuse readers if it is a duplicate article please redirect it to an appropriate existing page if the page has been vandalized please revert it to the last legitimate version if you feel that the content of a page is inappropriate please edit the page and replace it with appropriate content if you believe there is no hope for the page please see the deletion policy for how to proceed contribs,0,0
f518777b6335fe48,""", 17 February 2009 (UTC)

Well, why don't you block him for accusing me of being an anti-semite? The discussion is still ongoing. I find this uncivil and offending.  Talk Contribs 17:08""",17 february 2009 utc well why don t you block him for accusing me of being an anti semite the discussion is still ongoing i find this uncivil and offending talk contribs 17 08,0,0
fc144e0dde72ad51,"Dear Macrakis: I was the one who gave that exact solution in the first place. The golden ratio naturally appears in the 5th roots of unity; if you plot the roots in the complex plane, they form the vertices of a pentagon. This then explains why you can express a lot of trigonometric angles pi*n/5 in terms of the golden ratio. For example, cos 18 = (b/4)sqrt[2] = 5^(1/4)/2 sqrt[φ].  When you solve a quintic equation, naturally the fifth roots of unity are involved, hence why the radical solution of the quintic x^5-5x+12 = 0 can be expressed in terms of the golden ratio.  I hope it is clearer now.",dear macrakis i was the one who gave that exact solution in the first place the golden ratio naturally appears in the 5th roots of unity if you plot the roots in the complex plane they form the vertices of a pentagon this then explains why you can express a lot of trigonometric angles pi n 5 in terms of the golden ratio for example cos 18 b 4 sqrt 2 5 1 4 2 sqrt when you solve a quintic equation naturally the fifth roots of unity are involved hence why the radical solution of the quintic x 5 5x 12 0 can be expressed in terms of the golden ratio i hope it is clearer now,0,0
dd1987ffe8a230d8,"Thank you for your suggestion! When you feel an article needs improvement, please feel free to make those changes.  Wikipedia is a wiki, so anyone can edit almost any article by simply following the  link at the top. You don't even need to log in (although there are many reasons why you might want to).  The Wikipedia community encourages you to be bold in updating pages. Don't worry too much about making honest mistakes — they're likely to be found and corrected quickly. If you're not sure how editing works, check out how to edit a page, or use the sandbox to try out your editing skills.  New contributors are always welcome.  (Need help? Ask me)",thank you for your suggestion when you feel an article needs improvement please feel free to make those changes wikipedia is a wiki so anyone can edit almost any article by simply following the link at the top you don t even need to log in although there are many reasons why you might want to the wikipedia community encourages you to be bold in updating pages don t worry too much about making honest mistakes they re likely to be found and corrected quickly if you re not sure how editing works check out how to edit a page or use the sandbox to try out your editing skills new contributors are always welcome need help ask me,0,0
297a3d94cf770c60,"Are you homo?== 

You're acting like a homosexual... Did daddy touch you at night?

==",are you homo you re acting like a homosexual did daddy touch you at night,1,1
d81d1df7fbd0b494,"Thank you for the notification, Ronz.",thank you for the notification ronz,0,0
e186eeb3ee87e05e,"""
 Thank you. A better translation would ahve been """" I am tired of your stupidities. To bad the glorious Operation ( by that I meant Condor) was not mor successful so that we would have to have this nasty conversation. To bad your mother didn´t dissappear. """" totally out of line, and regretable.  """,thank you a better translation would ahve been i am tired of your stupidities to bad the glorious operation by that i meant condor was not mor successful so that we would have to have this nasty conversation to bad your mother didn t dissappear totally out of line and regretable,0,0
1e3b93b277a448b4,"Fuck you, like I give a shit. Point to the word where I cast suspicion on her. Point to it. Point to it you stupid asshole. But you can't. Go fuck yourself. I hope you die.",fuck you like i give a shit point to the word where i cast suspicion on her point to it point to it you stupid asshole but you can t go fuck yourself i hope you die,1,1
0e0a25d958600186,REDIRECT Talk:The Lamp (1986 film),redirect talk the lamp 1986 film,0,0
7cb33acf80c9b3ad,"is it Pearman or Pearlman?   

Look into it.",is it pearman or pearlman look into it,0,0
38d8175d0206a3f8,"""

 Epidemiology 

There are two sets of figures, one for the population of people with mental illness (numbers ranging from 0.017% through to 10%) - there is then a set of 3 figures for the general population ranging from 0.4%-1.1% under the heading that """"within the general population the variation is less"""".

This statement is patently false - the fact that only 0.17% of the mentally ill population in one country have the disorder means that the variation between that and the 1% figure would be huge - statement should be removed.

Also - why does this second table exist, there are only 3 figures in it - is it relevant or important?
130.216.91.176  """,epidemiology there are two sets of figures one for the population of people with mental illness numbers ranging from 0 017 through to 10 there is then a set of 3 figures for the general population ranging from 0 4 1 1 under the heading that within the general population the variation is less this statement is patently false the fact that only 0 17 of the mentally ill population in one country have the disorder means that the variation between that and the 1 figure would be huge statement should be removed also why does this second table exist there are only 3 figures in it is it relevant or important 130 216 91 176,0,0
c5fdee422d34201f,""", 31 December 2015 (UTC)
 They are difficult to understand out of context (and the context involves other articles).  It'll take me time, but I'll be putting together the diffs and the context for a case against them both over the next few months.  🍁 ¡gobble! 10:21""",31 december 2015 utc they are difficult to understand out of context and the context involves other articles it ll take me time but i ll be putting together the diffs and the context for a case against them both over the next few months gobble 10 21,0,0
d00fb4939ad8a7bf,"Ok, don't worry about it. Thanks.",ok don t worry about it thanks,0,0
1f5276c673ca717f,I've seen many versions of his famous line but which one is the most accurate translation?,i ve seen many versions of his famous line but which one is the most accurate translation,0,0
c02eb307557cb071,"Antonio Diego Voci 

Hello, you placed the critique of “too many pictures” at the top of the Antonio Diego Voci page and suggested I review “Manual Style on Images” I had already used that guide to originally construct the Antonio Diego Voci page.  I have just refreshed myself as suggested.
 
1.      Comparison to the Wikipedia recommended “Timpani” revised page finds the Antonio Diego Voci page to be similar in both layout and ratio of images to text, and thus is in compliance. 
2.      One item I overlooked and in good faith will now correct is the caricature of Diego’s father-in-law so that he is looking toward the text and not away from it, and thus be in compliance.
3.      The images within the text are all relevant to specific items in the text, located together as close as the system allows and thus are in compliance.
4.      Since I could not find any Wikipedia specific numbers for quantity of images to include in the gallery, I used as my guide other notable artists with pages which Wikipedia suggested.  I found that the Cezanne Gallery had a similar number, Renoir had several more, and Monet had twice as many; therefore again by comparison of numbers are in compliance.
 
NOTE: Relating to the Gallery, Diego was highly accomplished in several genres.  I culled from hundreds of image choices to illustrate Diego’s versatility identified by Genre: Works, Faces, Surrealism, Cubism, Clowns/Harlequins/Musicians, Landscapes, and Horses/Boats.  I wanted to add Fauvism, Figures and Abstract but, decided to err on the conservative side for total numbers of images.
 
5.      Lastly, to show my good faith to the conscientious editor, I eliminating 5 images from the body of the text.  Removed is one of the 2 Native Indian images.  And somewhat reluctantly, 4 images of official government documents which I felt added credibility.  They will now be found scanned documents.
 
In closing, compliance with Wikipedia has been and IS my objective for the Antonio Diego Voci page.  Maintaining the highest integrity, accuracy and visual appeal is vital to both Wikipedia and the reputation of Antonio Diego Voci.
 
Thanks, User:Ahjkl67435",antonio diego voci hello you placed the critique of too many pictures at the top of the antonio diego voci page and suggested i review manual style on images i had already used that guide to originally construct the antonio diego voci page i have just refreshed myself as suggested 1 comparison to the wikipedia recommended timpani revised page finds the antonio diego voci page to be similar in both layout and ratio of images to text and thus is in compliance 2 one item i overlooked and in good faith will now correct is the caricature of diego s father in law so that he is looking toward the text and not away from it and thus be in compliance 3 the images within the text are all relevant to specific items in the text located together as close as the system allows and thus are in compliance 4 since i could not find any wikipedia specific numbers for quantity of images to include in the gallery i used as my guide other notable artists with pages which wikipedia suggested i found that the cezanne gallery had a similar number renoir had several more and monet had twice as many therefore again by comparison of numbers are in compliance note relating to the gallery diego was highly accomplished in several genres i culled from hundreds of image choices to illustrate diego s versatility identified by genre works faces surrealism cubism clowns harlequins musicians landscapes and horses boats i wanted to add fauvism figures and abstract but decided to err on the conservative side for total numbers of images 5 lastly to show my good faith to the conscientious editor i eliminating 5 images from the body of the text removed is one of the 2 native indian images and somewhat reluctantly 4 images of official government documents which i felt added credibility they will now be found scanned documents in closing compliance with wikipedia has been and is my objective for the antonio diego voci page maintaining the highest integrity accuracy and visual appeal is vital to both wikipedia and the reputation of antonio diego voci thanks user ahjkl67435,0,1
cca0f38dab5c41e9,"Just to note 

I still think you are a horrible person, scum, and should be thrown out o everything you're involved in. 86.131.250.175",just to note i still think you are a horrible person scum and should be thrown out o everything you re involved in 86 131 250 175,1,1
d1c6ebabf874f354,"""

 Rollback Tools Have Disappeared 

Hello Lupin.  Recently something strange has developed with the script for me.  I have all the functionalities of the tool that normally would be there, but now I am missing all the rollback links.  I am using IE 7 as a browser just I had in the past.  Is this a recent bug with the tool or is my browser bugging with the script? (talk) """,rollback tools have disappeared hello lupin recently something strange has developed with the script for me i have all the functionalities of the tool that normally would be there but now i am missing all the rollback links i am using ie 7 as a browser just i had in the past is this a recent bug with the tool or is my browser bugging with the script talk,0,0
163324c76c132cf5,"""

General Youth Conference  Congrats! 

   The Article Rescue Barnstar You are awarded this barnstar for your substantial and sustained efforts in rescuing General Youth Conference from certain deletion. Said article having been nominated by the infamous, notorious and nefarious sockmaster Bello. – Lionel (talk) """,general youth conference congrats the article rescue barnstar you are awarded this barnstar for your substantial and sustained efforts in rescuing general youth conference from certain deletion said article having been nominated by the infamous notorious and nefarious sockmaster bello lionel talk,0,0
27fa9b7b625a558e,"""

The article is incomplete, and poorly written. Nevertheless, it's better than many """"Culture of"""" articles for Western and developed countries. This gives me some hope. The articles for Culture of France (a well-known 'Old World' culture), Culture of the United States (the home of many en. editors), and Culture of Japan (appealing to the tech literate set) are the standards that I am aiming for. Many people suffer from the delusion than you can find any information on the internet - in fact, the internet just magnifies the interests of internet users. The WP:CSB project is not working too well, because the aim of getting information which is not already on the internet is not emphasised. -  """,the article is incomplete and poorly written nevertheless it s better than many culture of articles for western and developed countries this gives me some hope the articles for culture of france a well known old world culture culture of the united states the home of many en editors and culture of japan appealing to the tech literate set are the standards that i am aiming for many people suffer from the delusion than you can find any information on the internet in fact the internet just magnifies the interests of internet users the wp csb project is not working too well because the aim of getting information which is not already on the internet is not emphasised,0,0
da1b4633c988a4a6,"""""""I want to be a fuck you.""""
That's a song.

Open Proxy! Yes!
""",i want to be a fuck you that s a song open proxy yes,1,1
3026634a9b7bc54b,"re: Wikipedia: No personal attacks 

In my continued efforts to resolve the conflicts at WP:NPA, I have discussed another potential compromise version with the editors active on the policy's talk page.  That version, located at Wikipedia:No personal attacks/Proposal has been tentatively accepted by those editors currently involved in the discussion.  However, I would value your input as to whether this proposed policy satisfies your concerns.

Obviously, it is impossible for the policy page to be perfect.  As has been noted in the talk page discussion, there is no way to write a policy that will prevent editors — on either side of the debate — from taking extreme positions in regard to actual content or its removal.  But as one of the principle editors rejecting the previous attempt to promote a compromise version, I would like to hear from you before I consider contacting the protecting administrator regarding promotion of the proposed version.

Regards,",re wikipedia no personal attacks in my continued efforts to resolve the conflicts at wp npa i have discussed another potential compromise version with the editors active on the policy s talk page that version located at wikipedia no personal attacks proposal has been tentatively accepted by those editors currently involved in the discussion however i would value your input as to whether this proposed policy satisfies your concerns obviously it is impossible for the policy page to be perfect as has been noted in the talk page discussion there is no way to write a policy that will prevent editors on either side of the debate from taking extreme positions in regard to actual content or its removal but as one of the principle editors rejecting the previous attempt to promote a compromise version i would like to hear from you before i consider contacting the protecting administrator regarding promotion of the proposed version regards,0,0
166cea1a33ca6d9a,Which one is the attack site? Which one beta test site? References? You need to prove these allegations instead of just throwing them.,which one is the attack site which one beta test site references you need to prove these allegations instead of just throwing them,0,0
1dfc064d988ba9d9,"URRRRRR 

Hi! Chewbacca is quite the moron, isn't he?   (some subchatter, w00t)",urrrrrr hi chewbacca is quite the moron isn t he some subchatter w00t,1,1
fc15ab6c8e0fb811,"Epic film – An epic film is a genre that emphasizes human drama on a grand scale. Epics are more ambitious in scope than other film genres, and their ambitious nature helps to differentiate them from similar genres such as the period piece or adventure film. Epic historical films often take a historical or imagined event, or a mythic, legendary, or heroic figure and add an extravagant, spectacular setting and lavish costumes, accompanied by a sweeping musical score, and an ensemble cast of bankable stars, making them among the most expensive of films to produce. The Dark Knight Rises is nearly three hours long, has an estimated budge of $250M ($100M more than Batman Begins and $65M more than The Dark Knight), large action sequences, and a popular actor or two. sounds like an epic to me. 138.162.140.52",epic film an epic film is a genre that emphasizes human drama on a grand scale epics are more ambitious in scope than other film genres and their ambitious nature helps to differentiate them from similar genres such as the period piece or adventure film epic historical films often take a historical or imagined event or a mythic legendary or heroic figure and add an extravagant spectacular setting and lavish costumes accompanied by a sweeping musical score and an ensemble cast of bankable stars making them among the most expensive of films to produce the dark knight rises is nearly three hours long has an estimated budge of 250m 100m more than batman begins and 65m more than the dark knight large action sequences and a popular actor or two sounds like an epic to me 138 162 140 52,0,0
b99857648fa10ca7,"""

 Help?!?! 

Hey I like the way you have your profile. Especially the part where you put some of the words a diffrent colour (""""Un poco sobre mi..."""" and """"Some articles I've contributed to:"""") and I was wondering if you can help me. If you want and have the time to, I dont want to force you nor take your time. Thanks for reading,   """,help hey i like the way you have your profile especially the part where you put some of the words a diffrent colour un poco sobre mi and some articles i ve contributed to and i was wondering if you can help me if you want and have the time to i dont want to force you nor take your time thanks for reading,0,0
6785fdd395db20de,"You should note the reasons I removed what I removed. Allegations of ties (involvement even?) to terrorism is a pretty serious matter. I deleted allegations that were either 1) refuted by more reliable and current sources (I assumed documents published with the support of Congress in Feb 2006 were more reliable than a magazine website that published articles on the same matter in 2001), 2) inconsistent with the sources actually cited (most of the indictments listed did not involve CAIR, and several allegations of indictment weren't sourced at all), and 3) editorial content that seemed to be founded in the writer's own opinion rather than sourced data. You suggested the information I deleted were 'important'. The information were pungent statements indicative of highly criminal acts on the part of CAIR, info which would have been noteworthy had they been properly documented and cited. Much of that information is refutable with more reliable sources, such as publications produced by the US government. Please discuss before further reverts.",you should note the reasons i removed what i removed allegations of ties involvement even to terrorism is a pretty serious matter i deleted allegations that were either 1 refuted by more reliable and current sources i assumed documents published with the support of congress in feb 2006 were more reliable than a magazine website that published articles on the same matter in 2001 2 inconsistent with the sources actually cited most of the indictments listed did not involve cair and several allegations of indictment weren t sourced at all and 3 editorial content that seemed to be founded in the writer s own opinion rather than sourced data you suggested the information i deleted were important the information were pungent statements indicative of highly criminal acts on the part of cair info which would have been noteworthy had they been properly documented and cited much of that information is refutable with more reliable sources such as publications produced by the us government please discuss before further reverts,0,0
c14edcf76ffdc492,"Re
I tried to communicate with him in his talk page, but no respone. I checked the source, found nothing. Can you reverte it to the last reasonable version? Thanks.",re i tried to communicate with him in his talk page but no respone i checked the source found nothing can you reverte it to the last reasonable version thanks,0,0
19f7daca033efd47,"CD-RW Rewrite Cycles 
It is stated in this article that the rewrite cycles of a CD-RW is 1000 times. This is the most absurd thing I have ever seen penned. The rewrite cycle depends on the media, and is typically under 100 times. With 25 times being a more reasonable amount. Understand that CD-RW is a broken technology.
98.219.178.11",cd rw rewrite cycles it is stated in this article that the rewrite cycles of a cd rw is 1000 times this is the most absurd thing i have ever seen penned the rewrite cycle depends on the media and is typically under 100 times with 25 times being a more reasonable amount understand that cd rw is a broken technology 98 219 178 11,0,0
8c015f8aedf80ee9,your a douche get a life fag.,your a douche get a life fag,1,1
d3526bba565b944e,"I think that needs to be revised, as the way it is written now suggests that their is another surviving battleship that served in both wars.",i think that needs to be revised as the way it is written now suggests that their is another surviving battleship that served in both wars,0,0
cdb411c5685fadc4,"Michael Hogan 

Sorry about the revert.  I wasn't looking carefully and thought someone was waving the flag. I need my coffee, I guess.",michael hogan sorry about the revert i wasn t looking carefully and thought someone was waving the flag i need my coffee i guess,0,0
88a853481a438bd3,"can you review this 

http://en.wikipedia.org/wiki/User:MouthlessBobcat/sandbox",can you review this,0,0
fcf70ae3d98aa005,"I'm sorry about the urgency, but, as I explained, it wasn't more urgent than removing my posts. I agree with you about the wristband not being part of shiatsu, and therefore that source is not valid for shiatsu, and I'm sorry to have included it. However, if we are going to be clear about words, acupressure does not exist, since the meaning of the word is needle pressure, so unless you are pressing with needles, the word is used incorrectly. Almost everyone has agreed that the word is used for pressure on acupuncture points. So I believe that, when a source mentions acupressure massage, it could be used for shiatsu, since shiatsu, in part at least, presses acupuncture points.
By the way, it would be very pleasant if you checked all the other references in the article with the same scrutiny that you have done with mine.",i m sorry about the urgency but as i explained it wasn t more urgent than removing my posts i agree with you about the wristband not being part of shiatsu and therefore that source is not valid for shiatsu and i m sorry to have included it however if we are going to be clear about words acupressure does not exist since the meaning of the word is needle pressure so unless you are pressing with needles the word is used incorrectly almost everyone has agreed that the word is used for pressure on acupuncture points so i believe that when a source mentions acupressure massage it could be used for shiatsu since shiatsu in part at least presses acupuncture points by the way it would be very pleasant if you checked all the other references in the article with the same scrutiny that you have done with mine,0,0
fa67cceb28da013b,""" He also wasn't convicted of treason. What happened was """"he formed a brigade composed of Indian soldiers. Their only serious battle was at Pea Ridge, Arkansas, in 1862 and it was a loss. Worse, reports were circulated that at least one Union soldier had been scalped. This was a terrible black mark against Pike and his brigade, as well as the Confederate cause, and he was eventually forced to hightail it into the Arkansas woods to avoid prosecution.""""-Secrets of the Widows Son, David A. Shugarts. p. 90 """,he also wasn t convicted of treason what happened was he formed a brigade composed of indian soldiers their only serious battle was at pea ridge arkansas in 1862 and it was a loss worse reports were circulated that at least one union soldier had been scalped this was a terrible black mark against pike and his brigade as well as the confederate cause and he was eventually forced to hightail it into the arkansas woods to avoid prosecution secrets of the widows son david a shugarts p 90,0,0
62121f4406aaea67,", North Carolina|Wake County",north carolina wake county,0,0
b1b53e96bb62b0a7,""" — Preceding unsigned comment added by  (talk • contribs) 21:49, 23 August 2014‎ (UTC)

 Hi . Wikipedia has a strict policy on how we write about living people. Wikipedia is one of the top 5 websites on the planet—if someone types anything in Google, Wikipedia will almost certainly be on the first page of results if we have an article about it. As a result, we have to pay special attention to living people. Anything we write about them can actually harm them in real life if it isn't backed up by high-quality reliable sources. In other words, we need to get the article right. And one important policy we have is that any poorly sourced negative information about living people should be removed. Next time, you need to back up your content with reliable sources—see Wikipedia:Citing sources and Wikipedia:Referencing for beginners for how to do this. We thank you for your interest in contributing to Wikipedia, however. Check out our introduction to editing for more information on how you can contribute constructively.   """,preceding unsigned comment added by talk contribs 21 49 23 august 2014 utc hi wikipedia has a strict policy on how we write about living people wikipedia is one of the top 5 websites on the planet if someone types anything in google wikipedia will almost certainly be on the first page of results if we have an article about it as a result we have to pay special attention to living people anything we write about them can actually harm them in real life if it isn t backed up by high quality reliable sources in other words we need to get the article right and one important policy we have is that any poorly sourced negative information about living people should be removed next time you need to back up your content with reliable sources see wikipedia citing sources and wikipedia referencing for beginners for how to do this we thank you for your interest in contributing to wikipedia however check out our introduction to editing for more information on how you can contribute constructively,0,0
732c69949c698110,"Birthdate Discrepancy 

Holly King was born on August 20, 1977 not 1981 as referenced on California public records here Someone keeps changing it to 1981",birthdate discrepancy holly king was born on august 20 1977 not 1981 as referenced on california public records here someone keeps changing it to 1981,0,0
c7ef31d4e54e4960,"All done now, and it seems really detailed. If there is too much detail then it may be trimmed a bit, but all the necessary info is there.",all done now and it seems really detailed if there is too much detail then it may be trimmed a bit but all the necessary info is there,0,0
b7d863ed4c6867e8,"Japanese cast? 

I noticed there's the Japanese voice cast in this article. I don't it's really necessary. Should it be removed? 86.28.171.246",japanese cast i noticed there s the japanese voice cast in this article i don t it s really necessary should it be removed 86 28 171 246,0,0
284ceeb6b8ccf8c0,"""
Sigh. I wish I was an admin.  zan """,sigh i wish i was an admin zan,0,0
e0fe7d4e2cac1945,"He also tried to claim that I falsely accused him of lying. This is pitiful, and yet predictable - every liar always says they are falsely accused of lying. He has lied on SEVERAL occasions about users, today is not the first. .. Fact is he falsely accuses me of making an inexcusable edit when in fact I went to edit the wrong page by mistake  but instead of trying to find out what happened, he did what an opportunistic bully like him does and used it as a means to lie and say it was malicious. Please don't fall for his BS.
Darn right this has to end  WilliamJE's 2-year reign as the bully of Wikipedia will stop.",he also tried to claim that i falsely accused him of lying this is pitiful and yet predictable every liar always says they are falsely accused of lying he has lied on several occasions about users today is not the first fact is he falsely accuses me of making an inexcusable edit when in fact i went to edit the wrong page by mistake but instead of trying to find out what happened he did what an opportunistic bully like him does and used it as a means to lie and say it was malicious please don t fall for his bs darn right this has to end williamje s 2 year reign as the bully of wikipedia will stop,0,0
6a0570d8c5fc5ed5,Get a clue son. Your parents should be restricting your internet usage. Friggin kids. ~Brian,get a clue son your parents should be restricting your internet usage friggin kids brian,1,1
d6272f93623893af,"""

THIS EDITION IS ABOUT MOSTLY ABOUT """"Keith Morris, Greg Ginn, S.O.A., Minor Threat, The Bad Brains, Johnny Ramone, Lyle Preslar, Ian Mackaye, Rick(sic) Kids on LSD, The Minutement, Black Flag"""" like usual a persons first edits with an agenda. What does it mean when punk is the first influencer? that the punk is an origin.....'However those are not Musical Characteristics. Its saying people were influenced by them. Tells Nothing of what the characteristics are. One again a persons first few edits. Perhaps get some understanding of the page.First. ~~~~""",this edition is about mostly about keith morris greg ginn s o a minor threat the bad brains johnny ramone lyle preslar ian mackaye rick sic kids on lsd the minutement black flag like usual a persons first edits with an agenda what does it mean when punk is the first influencer that the punk is an origin however those are not musical characteristics its saying people were influenced by them tells nothing of what the characteristics are one again a persons first few edits perhaps get some understanding of the page first,0,0
5990910b167b8fbe,"Why did you delete it, it's not fair!!!",why did you delete it it s not fair,0,0
5c9fd2c3b8429291,Thats what I would think based on the difinition given for Event (relativity). Maybe this is why they are given separate articles.,thats what i would think based on the difinition given for event relativity maybe this is why they are given separate articles,0,0
f12131d2bfcc0529,"""

Hey listen folks, whatever. I believe that a non-computer example will be the key to understanding this concept for some. Both of the articles content addressable memory, as well as this one state that they are forms of """"computer"""" memory. That just is not the case in principle. In principle, the index card is also an example, and an excellent one at that. My guess is, that others with a bigger investment in the article will have their way with it. Please keep in mind that there is a world beyond computers for many of these computing concepts as you do so. Be well,   """,hey listen folks whatever i believe that a non computer example will be the key to understanding this concept for some both of the articles content addressable memory as well as this one state that they are forms of computer memory that just is not the case in principle in principle the index card is also an example and an excellent one at that my guess is that others with a bigger investment in the article will have their way with it please keep in mind that there is a world beyond computers for many of these computing concepts as you do so be well,0,0
851c0b6c6bf80e0a,"}}
{{WikiProject American Old West|class=Stub|importance=Low",wikiproject american old west class stub importance low,0,0
950ad9e7ed259179,please quick! help these kodomoppoi butas are annoying me! see i know japanese too!,please quick help these kodomoppoi butas are annoying me see i know japanese too,0,1
72609b0ce981190e,"""
  Hello , and welcome to Wikipedia! Here are some recommended guidelines to help you get involved. Please feel free to contact me if you need help with anything. Best of luck and happy editing!  
 Getting Started Wikipedia Tutorial
 How to edit a page
 The five pillars of Wikipedia
 Manual of Style
 Be bold in editing
 How to write a great article
 WikiProjects Getting your info out there Cite your sources
 Neutral Point of View
 Point of View
 Verifiability
 Uploading images
 Image use policy Getting more Wikipedia rules Policy Library Getting Help New contributors' help page
 Where to ask a question
 Help Desk
 Frequently Asked Questions Getting along Wikipedians
 Wikiquette
 Civility
 Sign your posts
 Conflict resolution Getting technical Pages needing attention
 Peer review
 Utilities
 Village pump""",hello and welcome to wikipedia here are some recommended guidelines to help you get involved please feel free to contact me if you need help with anything best of luck and happy editing getting started wikipedia tutorial how to edit a page the five pillars of wikipedia manual of style be bold in editing how to write a great article wikiprojects getting your info out there cite your sources neutral point of view point of view verifiability uploading images image use policy getting more wikipedia rules policy library getting help new contributors help page where to ask a question help desk frequently asked questions getting along wikipedians wikiquette civility sign your posts conflict resolution getting technical pages needing attention peer review utilities village pump,0,0
c81edaf75771fc81,"Sale 
Being a former resident of Sale I can confirm that housing areas range from mansions to council estates. Wealthy people do live there but for the most part it is an ordinary suburban area. ( )",sale being a former resident of sale i can confirm that housing areas range from mansions to council estates wealthy people do live there but for the most part it is an ordinary suburban area,0,0
49cc1cf1aed3e923,"""

Fair enough & thanks for your views.  I'm not so hardened as to ignore the views of others though I hope &, while at the time it was amusing, I probably should have known better.  Thanks anyway & regards  talk thyme """,fair enough thanks for your views i m not so hardened as to ignore the views of others though i hope while at the time it was amusing i probably should have known better thanks anyway regards talk thyme,0,0
1bde7e4068c88082,"This message is regarding the page Social Distortion. Please stop.  If you continue to vandalize pages, you will be blocked from editing Wikipedia.",this message is regarding the page social distortion please stop if you continue to vandalize pages you will be blocked from editing wikipedia,0,0
5c891534a6a201e0,Is this a hint that you want me to make arrangements for your matyrdom?,is this a hint that you want me to make arrangements for your matyrdom,0,0
4493ca61d1a98093,Who are YOU to tell ME??!! I'll do WHAT I like WHEN I like...cocksucker!!,who are you to tell me i ll do what i like when i like cocksucker,1,1
636c379b7578a0a3,"(edit conflict)I appreciate that you provided a citation. However the table of information does not support the statement Currently, photographic zoom lenses beyond about 3× cannot generally produce images of a quality on par with prime lenses.

I believe you have made the mistake of synthesizing published material to advance a new position. This is a form of original research. What that citation shows me is a dataset, and what you are citing is an interpretation of that dataset. What is needed is a citation showing that interpretation of that or other data that supports the claim being cited.  (Need help? Ask me)",edit conflict i appreciate that you provided a citation however the table of information does not support the statement currently photographic zoom lenses beyond about 3 cannot generally produce images of a quality on par with prime lenses i believe you have made the mistake of synthesizing published material to advance a new position this is a form of original research what that citation shows me is a dataset and what you are citing is an interpretation of that dataset what is needed is a citation showing that interpretation of that or other data that supports the claim being cited need help ask me,0,0
0e05d5806b929761,", 27 January 2012 (UTC)
thats not the reason why i'm being blocked. you said before that i'm being blocked for personal attacks. so why is it that this person called, Ukexpat, can vandalizes my article and i get in trouble for calling him one? youre not making sense. again, I DIDNT ATTACK ANYONE PERSONALLY. WHAT ARE YOU TALKING ABOUT??!!! anyway, i do believe that i'm being blocked for racist/discriminatory reasons. i noticed that american wiki editors or admins block those of italian descent from posting about their italian/latin culture. this is very racist and is not tolerable. i'm going to ask you just 2 things: 1) why cant i post my original content, and 2) is there a special appeals board that hears cases dealing with racist editors who discriminate against authors of articles who come from different cultures? thats all i want to know. 
  02:06",27 january 2012 utc thats not the reason why i m being blocked you said before that i m being blocked for personal attacks so why is it that this person called ukexpat can vandalizes my article and i get in trouble for calling him one youre not making sense again i didnt attack anyone personally what are you talking about anyway i do believe that i m being blocked for racist discriminatory reasons i noticed that american wiki editors or admins block those of italian descent from posting about their italian latin culture this is very racist and is not tolerable i m going to ask you just 2 things 1 why cant i post my original content and 2 is there a special appeals board that hears cases dealing with racist editors who discriminate against authors of articles who come from different cultures thats all i want to know 02 06,0,0
1ad039ae9218ee47,"Boca Raton

Do you still work on the Boca page? If you do, I left a comment about an idea for something else to addindeed, an idea for starting a whole other Boca-related page. I hope you'll take my suggestion into consideration. Thanks! 4.225.242.147",boca raton do you still work on the boca page if you do i left a comment about an idea for something else to addindeed an idea for starting a whole other boca related page i hope you ll take my suggestion into consideration thanks 4 225 242 147,0,0
2de2cd1ef6ceaf3b,",  (who IS better than you are)",who is better than you are,0,0
3325499626cc7db8,"Subject needs better definition ... include Melosira arctica (algae)? 

Melting Arctic may make algae flourish; More sunlight penetrates thinning sea ice, enabling algal growth March 23, 2013; Vol.183 #6 Science News
108.73.113.98",subject needs better definition include melosira arctica algae melting arctic may make algae flourish more sunlight penetrates thinning sea ice enabling algal growth march 23 2013 vol 183 6 science news 108 73 113 98,0,0
dd9a6c36966b67cd,"Notice on this wiki page
http://en.wikipedia.org/wiki/Jean-Fran%C3%A7ois_de_Galaup,_comte_de_La_P%C3%A9rouse
a ship built by the survivors of the expedition.
I came across some long forgotten information that might indicate the area where this ship was wrecked perhaps even the exact spot.
I have passed the info on to the French searchers. You will hear about it if it works out.",notice on this wiki page a ship built by the survivors of the expedition i came across some long forgotten information that might indicate the area where this ship was wrecked perhaps even the exact spot i have passed the info on to the french searchers you will hear about it if it works out,0,0
3370d7f98412ab23,"Yes, I do need to be warned... especially if this is the FIRST time I've ever been warned.  COMMON SENSE!",yes i do need to be warned especially if this is the first time i ve ever been warned common sense,0,0
63431c2fdb752b5a,"Hello Mr Friendly

Here is the article you cannot delete: 

I wanted to ask you to block me permanently from Wikipedia, but then I realized you cannot do that. What a pity. That is what I want. Unfortunately you cannot do that.",hello mr friendly here is the article you cannot delete i wanted to ask you to block me permanently from wikipedia but then i realized you cannot do that what a pity that is what i want unfortunately you cannot do that,0,0
d405376629e1b96b,"With the same reasoning you could say that Catholics worship the Virgian Mary as a goddess, but adccording to 'official' theology this isn't the case.  I know some Zororastrians and they claim to have one god.  As far as being the equivalet of angels etc. ... I can't really comment.",with the same reasoning you could say that catholics worship the virgian mary as a goddess but adccording to official theology this isn t the case i know some zororastrians and they claim to have one god as far as being the equivalet of angels etc i can t really comment,0,0
91bb1042f92001dc,"I got rid of the more pointless anecdotes and someone should reform the section into 'things that are named after Clemenceau' or something like that   , Wikipedia Trivua Cleanup Team",i got rid of the more pointless anecdotes and someone should reform the section into things that are named after clemenceau or something like that wikipedia trivua cleanup team,0,0
c61f4194c11c6000,"The article Cameron Sessums has been speedily deleted from Wikipedia. This was done because the article seemed to be about a person, group of people, band, club, company, or web content, but it did not indicate how or why the subject is notable, that is, why an article about that subject should be included in Wikipedia. Under the criteria for speedy deletion, articles that do not assert notability may be deleted at any time. If you can indicate why the subject is really notable, you are free to re-create the article, making sure to cite any verifiable sources.

Please see the guidelines for what is generally accepted as notable, and for specific types of articles, you may want to check out our criteria for biographies, for web sites, for bands, or for companies. Feel free to leave a note on my talk page if you have any questions about this.   See also WP:COI.",the article cameron sessums has been speedily deleted from wikipedia this was done because the article seemed to be about a person group of people band club company or web content but it did not indicate how or why the subject is notable that is why an article about that subject should be included in wikipedia under the criteria for speedy deletion articles that do not assert notability may be deleted at any time if you can indicate why the subject is really notable you are free to re create the article making sure to cite any verifiable sources please see the guidelines for what is generally accepted as notable and for specific types of articles you may want to check out our criteria for biographies for web sites for bands or for companies feel free to leave a note on my talk page if you have any questions about this see also wp coi,0,0
aed53a0279db9fb7,"""

I have decided to write, in my own good time, an article about certain """"recent experiences"""" related to Wikipedia, the nature of which are, or should be, well known to you. This article shall name you, under your moniker, """"Andrwsc.""""

In the interest of fairness, I shall provide you with a copy of this article, prior to publication, for the purpose of feedback, provided: that you disclose, to me, your true name (I remind you that my true name is known to you). You might wish to do this through a """"non-public"""" channel; if so, then e-mail me and I will send you my mailing address. You might also wish to request that I keep your true name confidential; if so, then I shall honor that request. I shall consider the fact of your """"non-response"""" to this invitation as subject for """"fair comment"""" in the article.   """,i have decided to write in my own good time an article about certain recent experiences related to wikipedia the nature of which are or should be well known to you this article shall name you under your moniker andrwsc in the interest of fairness i shall provide you with a copy of this article prior to publication for the purpose of feedback provided that you disclose to me your true name i remind you that my true name is known to you you might wish to do this through a non public channel if so then e mail me and i will send you my mailing address you might also wish to request that i keep your true name confidential if so then i shall honor that request i shall consider the fact of your non response to this invitation as subject for fair comment in the article,0,0
6443e8f739431568,Stop being such an a**hole and actually read what I have to say you f***ing re***d.,stop being such an a hole and actually read what i have to say you f ing re d,1,1
a1e2aa7782ae8f10,Support both moves. I'd say the song looks like the primary topic here. (let's chat),support both moves i d say the song looks like the primary topic here let s chat,0,0
80a7374e2248ba43,At the VEJA source says clearlt: ANTI-AMERICAN WORD. Who is anti-american? Left-side politics and communists.,at the veja source says clearlt anti american word who is anti american left side politics and communists,0,1
14ee7da0d27eb259,"""

Thank you very much for the barnstar and for starting the project in the first place. I plan on doing much more when I have more time. Cheers. PJM Retrieved from """"http://en.wikipedia.org/wiki/User_talk:Aguerriero""""""",thank you very much for the barnstar and for starting the project in the first place i plan on doing much more when i have more time cheers pjm retrieved from,0,0
970892599c7ff637,"There's nothing to answer here. You deleted the link, so you deleted the link.",there s nothing to answer here you deleted the link so you deleted the link,0,0
861581d2de7e2149,Appeal to the Supreme Court of Yugoslavia,appeal to the supreme court of yugoslavia,0,0
48dfb0028fab19e7,"""
Well I aint gonna go a fair process anyways just like what they did here apparently  is a big power tripper bullying smaller contributors here for his own agenda by calling me a puppet of someone I do not know despite the block being only a possilikely and was never confirmed that I was. Apparently the user does not seem to know the word consensus either as seen in the recent talk page dicussion wherein there were no true final agreement between him and other users such as HTD and carries out things already at his will. See how he bullied his way into kicking me and other users out of a civilized talk about MRT-2?  I just hope that he would not victimize more users here as maybe he might be really this Jerome guy wherein Jerome is his fall guy for opposing users. I do hope I could open a SPI investigation with him, HTD, and this Jerome guy as maybe they are the true socks. Just when I thought the Government is the dirtiest place there could be, Riohondo the user proved me there is so much more. Anyways delete my images on commons if you want to just never rename them to """"LRT-2"""" or change something to that incorrect name. To the big bully, I hope you could still sleep with your conscience clean every night with what your are doing to others. Please never run for public office we dont need more bullies like you there.  '''''' """,well i aint gonna go a fair process anyways just like what they did here apparently is a big power tripper bullying smaller contributors here for his own agenda by calling me a puppet of someone i do not know despite the block being only a possilikely and was never confirmed that i was apparently the user does not seem to know the word consensus either as seen in the recent talk page dicussion wherein there were no true final agreement between him and other users such as htd and carries out things already at his will see how he bullied his way into kicking me and other users out of a civilized talk about mrt 2 i just hope that he would not victimize more users here as maybe he might be really this jerome guy wherein jerome is his fall guy for opposing users i do hope i could open a spi investigation with him htd and this jerome guy as maybe they are the true socks just when i thought the government is the dirtiest place there could be riohondo the user proved me there is so much more anyways delete my images on commons if you want to just never rename them to lrt 2 or change something to that incorrect name to the big bully i hope you could still sleep with your conscience clean every night with what your are doing to others please never run for public office we dont need more bullies like you there,0,1
0ce771ba1a429969,"""

 Question 

I'm sorry, I should have called you """"Mr. Phelps"""" from the start. To call you by your Christian first name was certainly uncivil. Now please, Mr. Phelps, tell us why you did it. Tell us why you did WTC. You receieved a testimony, didn't you? You either received a testimony or you just hate our freedom. Perhaps the testimony told you to hate our freedom. Is that it, Mr. Phelps? Is that why you did WTC? 208.97.98.78  """,question i m sorry i should have called you mr phelps from the start to call you by your christian first name was certainly uncivil now please mr phelps tell us why you did it tell us why you did wtc you receieved a testimony didn t you you either received a testimony or you just hate our freedom perhaps the testimony told you to hate our freedom is that it mr phelps is that why you did wtc 208 97 98 78,0,0
3ff28ddb892ad51b,|Blocking someone indefinately under a presumtion of what they were going to do is not sufficient enough.}},blocking someone indefinately under a presumtion of what they were going to do is not sufficient enough,0,0
eabaffc13c6944a6,"""== usernameblock ==

Hi Zoe, how do I report a possible usernameblock candidate? It's  u talking to me? 

""",usernameblock hi zoe how do i report a possible usernameblock candidate it s u talking to me,0,0
d91385fdad489fe3,These small changes in the citations might be helpful?,these small changes in the citations might be helpful,0,0
b6332715e1b73c86,"""

Orphaned fair use image (Image:Bradleysrobot91VinylPressing.jpg)
Thanks for uploading Image:Bradleysrobot91VinylPressing.jpg. The image description page currently specifies that the image is non-free and may only be used on Wikipedia under a claim of fair use. However, the image is currently orphaned, meaning that it is not used in any articles on Wikipedia. If the image was previously in an article, please go to the article and see why it was removed. You may add it back if you think that that will be useful. However, please note that images for which a replacement could be created are not acceptable under fair use (see our fair use policy).

If you have uploaded other unlicensed media, please check whether they're used in any articles or not. You can find a list of 'image' pages you have edited by clicking on the """"my contributions"""" link (it is located at the very top of any Wikipedia page when you are logged in), and then selecting """"Image"""" from the dropdown box. Note that any fair use images not used in any articles will be deleted after seven days, as described on criteria for speedy deletion. Thank you.  (Contr) """,orphaned fair use image image bradleysrobot91vinylpressing jpg thanks for uploading image bradleysrobot91vinylpressing jpg the image description page currently specifies that the image is non free and may only be used on wikipedia under a claim of fair use however the image is currently orphaned meaning that it is not used in any articles on wikipedia if the image was previously in an article please go to the article and see why it was removed you may add it back if you think that that will be useful however please note that images for which a replacement could be created are not acceptable under fair use see our fair use policy if you have uploaded other unlicensed media please check whether they re used in any articles or not you can find a list of image pages you have edited by clicking on the my contributions link it is located at the very top of any wikipedia page when you are logged in and then selecting image from the dropdown box note that any fair use images not used in any articles will be deleted after seven days as described on criteria for speedy deletion thank you contr,0,1
b1189b01c2755092,"Curcumin is essentially non-fluorescent (and unstable) in water. A weak broad emission can be detected at 550 nm using 420 excitation. In a non-polar environment such as a lipid membrane or after curcumin binds to serum albumin, the fluorescence is increased and blue-shifted with a 498 nm emission maximum using 420nm excitation.Biochim Biophysics Acta, 1760, 2006,1513-1520",curcumin is essentially non fluorescent and unstable in water a weak broad emission can be detected at 550 nm using 420 excitation in a non polar environment such as a lipid membrane or after curcumin binds to serum albumin the fluorescence is increased and blue shifted with a 498 nm emission maximum using 420nm excitation biochim biophysics acta 1760 2006 1513 1520,0,0
9218d70027fa808c,"""

""""Great articles""""?  '''''' """,great articles,0,0
56a2029e7eaaed1a,"""

 Nonsense sentence 

""""The international that runs through the bloodline is a system in a constant state of antagonism.""""

This does not make any sense. - Desertphile, Dec 23 2011""",nonsense sentence the international that runs through the bloodline is a system in a constant state of antagonism this does not make any sense desertphile dec 23 2011,0,0
02c6a6e9380637f4,"Example you asked for

You very kindly asked me, on 28 March, for an example of what I saw as a problem. I recently located further information about the Monday Club's early 1991 crisis, notably a letter from one of the Executive Council members, a former chairman, which had been published in a major London newspaper. I went into the MC article, added the info, and cleaned up the relevant paragraphs. (You could count on one hand how many times I had previously visited that page). CJ Currie had deleted my edits saying he does not like them. I feel this is unfair especially as 80% of my re-edits were already up there. If you have a moment (and you appear to be in demand!) could you look at the edits and my comment on the Talk Page. Obviously in my profession I am more than aware of what constitutes libel/bias, but maybe I am slipping. Many thanks.",example you asked for you very kindly asked me on 28 march for an example of what i saw as a problem i recently located further information about the monday club s early 1991 crisis notably a letter from one of the executive council members a former chairman which had been published in a major london newspaper i went into the mc article added the info and cleaned up the relevant paragraphs you could count on one hand how many times i had previously visited that page cj currie had deleted my edits saying he does not like them i feel this is unfair especially as 80 of my re edits were already up there if you have a moment and you appear to be in demand could you look at the edits and my comment on the talk page obviously in my profession i am more than aware of what constitutes libel bias but maybe i am slipping many thanks,0,0
97ad9f213eb7d844,"Fictional toymakers
Please add Category:Fictional toymakers and toy inventors. 72.67.93.68",fictional toymakers please add category fictional toymakers and toy inventors 72 67 93 68,0,0
8b26eec0287ada13,"""
You haven't done all the looking that I have done. This is not some new account saying that he edited as an IP. It is an editor who I encountered when he was editing as an IP, who then registered an account. I am familiar enough with the individual's editing history to tell you that the Mors Martell stuff you are suggesting is not likely at all. tlk. cntrb. """,you haven t done all the looking that i have done this is not some new account saying that he edited as an ip it is an editor who i encountered when he was editing as an ip who then registered an account i am familiar enough with the individual s editing history to tell you that the mors martell stuff you are suggesting is not likely at all tlk cntrb,0,0
7c5fb245ae972e16,"""

The following is unreferenced: ★★★★ 

""""Both of Davis' paternal grandparents had immigrated to North America from the region of Snowdonia in North Wales; the rest of his ancestry can be traced to England. Davis' paternal grandfather Evan married Lydia Emory Williams, who had two sons from a previous marriage. Samuel Emory Davis was born to them in 1756. He served in the Continental Army during the American Revolutionary War, along with his two older half-brothers. In 1783, after the war, he married Jane Cook; she was born in 1759 in Christian County, Kentucky, to William Cook and his wife Sarah Simpson. Samuel and Jane had ten children; Jefferson was the last and was born on June 3, 1808, in Christian County.""""

""""For eight years following Sarah's death, Davis was reclusive and worshipped her memory. He spent time developing his plantation, studied government and history, and had private political discussions with his brother Joseph.""""

""""That same year, Davis met Varina Banks Howell, then 17 years old, whom his brother Joseph had invited for the Christmas season at Hurricane plantation. She was the daughter of Margaret L. Kempe and William Burr Howell, and the granddaughter of the late New Jersey Governor Richard Howell and his wife Keziah. Within a month of their meeting, the 35-year-old widower Davis had asked Varina to marry him. They became engaged over her parents' initial concerns about his age and politics, and they married on February 26, 1845.""""

""""Margaret was the only child of Jefferson and Varina to marry and raise a family. She married Joel Addison Hayes, Jr. (1848–1919), and they had five children. They were married in St. Lazarus Church, nicknamed """"The Confederate Officers' """"

""""She died on September 18, 1898, at age 34.""""

""""Alexander Stephens was chosen as Vice President. On November 6, 1861, Davis was elected Confederate States President without opposition. He was inaugurated on February 22, 1862.""""

""""They were intending to get to a point where they could sail to Europe.""""

""""After two years of imprisonment, Davis was released on bail of $100,000, which was posted by prominent citizens of both Northern and Southern states, including Horace Greeley, Cornelius Vanderbilt and Gerrit Smith. (Smith was a former member of the Secret Six who had supported John Brown.) Davis visited Canada, Cuba and Europe in search of work.""""

""""He is interred at Hollywood Cemetery in Richmond beneath a life-sized statue. The marker lists his accomplishments as a graduate of West Point, his positions in the U.S. House of Representatives and the Senate and his military service. His tenure as President of the Confederacy is not mentioned.""""

""""Bertram Hayes-Davis, Davis's great-great grandson, is the executive director of Beauvoir, which is owned by the Mississippi Division of the Sons of Confederate Veterans.""""

Please fix the above, so I can get on with the rest of the review. As usual, you have 7 days. ★★★★ """,the following is unreferenced both of davis paternal grandparents had immigrated to north america from the region of snowdonia in north wales the rest of his ancestry can be traced to england davis paternal grandfather evan married lydia emory williams who had two sons from a previous marriage samuel emory davis was born to them in 1756 he served in the continental army during the american revolutionary war along with his two older half brothers in 1783 after the war he married jane cook she was born in 1759 in christian county kentucky to william cook and his wife sarah simpson samuel and jane had ten children jefferson was the last and was born on june 3 1808 in christian county for eight years following sarah s death davis was reclusive and worshipped her memory he spent time developing his plantation studied government and history and had private political discussions with his brother joseph that same year davis met varina banks howell then 17 years old whom his brother joseph had invited for the christmas season at hurricane plantation she was the daughter of margaret l kempe and william burr howell and the granddaughter of the late new jersey governor richard howell and his wife keziah within a month of their meeting the 35 year old widower davis had asked varina to marry him they became engaged over her parents initial concerns about his age and politics and they married on february 26 1845 margaret was the only child of jefferson and varina to marry and raise a family she married joel addison hayes jr 1848 1919 and they had five children they were married in st lazarus church nicknamed the confederate officers she died on september 18 1898 at age 34 alexander stephens was chosen as vice president on november 6 1861 davis was elected confederate states president without opposition he was inaugurated on february 22 1862 they were intending to get to a point where they could sail to europe after two years of imprisonment davis was released on bail of 100 000 which was posted by prominent citizens of both northern and southern states including horace greeley cornelius vanderbilt and gerrit smith smith was a former member of the secret six who had supported john brown davis visited canada cuba and europe in search of work he is interred at hollywood cemetery in richmond beneath a life sized statue the marker lists his accomplishments as a graduate of west point his positions in the u s house of representatives and the senate and his military service his tenure as president of the confederacy is not mentioned bertram hayes davis davis s great great grandson is the executive director of beauvoir which is owned by the mississippi division of the sons of confederate veterans please fix the above so i can get on with the rest of the review as usual you have 7 days,0,1
483ea60e739f5539,"""::::You're assuming far more about my views than I've actually said. I have two related points. First, that the topic in question is not necessarily bound to an adherence to the concept of self-reported identity, and that to do so is unencyclopaedic. Second, that it is absurd to assert the logical invalidity of all other definitions of the word """"man"""" but that based on self-reported identity.

I agree that the example is conceptually difficult. My view is that a range of interally consistent interpretations of that situation are possible, such that the choice betweeen these arguments cannot be made on a strictly logical basis. The arguments must admit of some strictly non-deductive premises (adductive, inductive etc.) It should be clear then that I'm certainly not advocating a """"definitive, binary and absolute"""" definition of """"man"""". And my reference to Wittgenstein is based upon his fundamental recognition that any word is a """"social construct""""; indeed it is precisely because of this that Wittgenstein argues that nothing that is exclusively self-defined (such as his example of the 'beetle' in the box) can have meaning.

 To conclude, whilst there legitimate arguments for doing so, we don't have to """"wade into the mud"""" of self-identity, and basic encylopaedic principles demand that.  

""",you re assuming far more about my views than i ve actually said i have two related points first that the topic in question is not necessarily bound to an adherence to the concept of self reported identity and that to do so is unencyclopaedic second that it is absurd to assert the logical invalidity of all other definitions of the word man but that based on self reported identity i agree that the example is conceptually difficult my view is that a range of interally consistent interpretations of that situation are possible such that the choice betweeen these arguments cannot be made on a strictly logical basis the arguments must admit of some strictly non deductive premises adductive inductive etc it should be clear then that i m certainly not advocating a definitive binary and absolute definition of man and my reference to wittgenstein is based upon his fundamental recognition that any word is a social construct indeed it is precisely because of this that wittgenstein argues that nothing that is exclusively self defined such as his example of the beetle in the box can have meaning to conclude whilst there legitimate arguments for doing so we don t have to wade into the mud of self identity and basic encylopaedic principles demand that,0,1
667f81411bcec1ec,"Fast and Furious 7
Please do your research and check your sources, Michael Jai White is NOT in the movie. SMH.",fast and furious 7 please do your research and check your sources michael jai white is not in the movie smh,0,0
151e4484e8f80c2e,"Please do not add inappropriate external links to Wikipedia. Wikipedia is not a mere directory of links nor should it be used for advertising or promotion.  Inappropriate links include (but are not limited to) links to personal web sites, links to web sites with which you are affiliated, and links that exist to attract visitors to a web site or promote a product.  See the external links guideline and spam policies for further explanations of links that are considered appropriate.  If you feel the link should be added to the article, then please discuss it on the article's talk page rather than re-adding it. See the welcome page to learn more about Wikipedia. Thank you. A link to the edit I have reverted can be found here: link. If you believe this edit should not have been reverted, please contact me.  A link to the edit I have reverted can be found here: link. If you believe this edit should not have been reverted, please contact me.",please do not add inappropriate external links to wikipedia wikipedia is not a mere directory of links nor should it be used for advertising or promotion inappropriate links include but are not limited to links to personal web sites links to web sites with which you are affiliated and links that exist to attract visitors to a web site or promote a product see the external links guideline and spam policies for further explanations of links that are considered appropriate if you feel the link should be added to the article then please discuss it on the article s talk page rather than re adding it see the welcome page to learn more about wikipedia thank you a link to the edit i have reverted can be found here link if you believe this edit should not have been reverted please contact me a link to the edit i have reverted can be found here link if you believe this edit should not have been reverted please contact me,0,0
8a4735b03a1845ad,"""

Thanks
For your simple but true and logic words on my talk page, I have no idea why Noleander keeps pushing his POV on a number of articles he has created, including inserting again and again the """"Black Hebrews"""" section in Racism and ethnic discrimination in Israel even though it so much contested on the talk page.  """,thanks for your simple but true and logic words on my talk page i have no idea why noleander keeps pushing his pov on a number of articles he has created including inserting again and again the black hebrews section in racism and ethnic discrimination in israel even though it so much contested on the talk page,0,0
8a8cb0f1d14d3676,"""
Is anti-Semitic soapboxing like the above allowed on Wikipedia? """"An explanation of Israeli racism you can find""""  Wickey-nl. """"Cleansed and proper Israel""""  Wickey-nl. Usually Sean.hoyland removes soapboxing, but he seems to have missed this instance. If someone were to post an anti-Muslim or even merely a pro-Jewish comment, it would have been cleansed already.""",is anti semitic soapboxing like the above allowed on wikipedia an explanation of israeli racism you can find wickey nl cleansed and proper israel wickey nl usually sean hoyland removes soapboxing but he seems to have missed this instance if someone were to post an anti muslim or even merely a pro jewish comment it would have been cleansed already,0,0
3c0f71f57459082d,"""
Okay, understood.    """,okay understood,0,0
e130d2e02234bed3,"or my friend's,User:lordsamshimens",or my friend s user lordsamshimens,0,0
443c88b11cdc38ca,"DC 

David Harry, I deleted the Ch. in the discussion. Considering the only article you created in WP was that one, and consequently interpreting the DC on your username as David Ch. I was wrong. Sorry if I made a mistake. Now please stop personal attacks. I've nothing against you, regardless of your name, so please stop insulting allusions and rude tones as you made in edit-summaries, thanks in advance. Bye.",dc david harry i deleted the ch in the discussion considering the only article you created in wp was that one and consequently interpreting the dc on your username as david ch i was wrong sorry if i made a mistake now please stop personal attacks i ve nothing against you regardless of your name so please stop insulting allusions and rude tones as you made in edit summaries thanks in advance bye,0,0
209f302417ae483b,"Hi. If what you mean is that the band does not mind their lyrics being released in that way, then it would be sufficient for them to place a note saying so on their website (English would be helpful )). If they're willing to give permission there for Lyricwiki to host their lyrics, then Wikipedia has no issue with the link being included. In the absence of that, it's a problem, as lyricwiki is a known copyright infringer.  (talk)",hi if what you mean is that the band does not mind their lyrics being released in that way then it would be sufficient for them to place a note saying so on their website english would be helpful if they re willing to give permission there for lyricwiki to host their lyrics then wikipedia has no issue with the link being included in the absence of that it s a problem as lyricwiki is a known copyright infringer talk,0,0
2cf26cc1df6c1444,"""

""""Sollog type character"""" is a personal attack of Merkey.   """,sollog type character is a personal attack of merkey,0,0
606365b75dc59b4b,"please insert both a photograph of the lead stars in the miniseries, and a photograph of the book jacket.",please insert both a photograph of the lead stars in the miniseries and a photograph of the book jacket,0,0
741094e6e04902a6,"""

Thomas Nelson, Sr.

Does anyone know whether or not Mr. Thomas Nelson, Sr., age 111, currently residing in Texas, formerly of Louisiana, served in the military before, during or after World War I?  Can anyone provide any further biographical information on Mr. Nelson  where he was born, where he lives now, etc.?  Finally, can anyone post links to any articles about Mr. Nelson?  Any information would be appreciated.

Well, let's look at what Ancestry says:-
There are 13 Draft Cards for WWI for a Thomas Nelson, of Louisiana 6 of which fit into the age category. There are other bits & pieces of information that can then be found from there, providing that is the correct info. Have you got any more details - middle name, initial, date of birth etc. to help us so we can help you?

Why speculate?  It was never mentioned anywhere that he is a WWI veteran.  He runs a candy store.  However, Silas Simmons is a closer candidate, based on what he said about 'loading ammunition' during WWI (at the shipyards). 

Why speculate?  Because he's in the right age range, and if there's a chance he served we sould check it out.  What's this about him running a candy store?

Thomas Nelson spent most of his life running a candy store.  He doesn't strike me as someone who would have served.  He is African-American.  →  {yakłtalk} 

""""Doesn't strike you?""""  Keep in mind the draft was in full force at the time, it didn't matter what you did.   

I agree  that kind of speculation is bizarre.  If you had the opportunity to meet and talk with him, Robert, why didn't you just ask him if he'd served?  What is it about running a candy store that makes someone unlikely to be called up for the draft?  Does he have a draft card on file?

One would think that if he served, the news article would have mentioned it.  But I find your statements hypocritical vis-a-vis the Silas Simmons comment. 

Silas Simmons?

Who is Silas Simmons?

Silas Simmons was born Oct 14 1895, according to his WWI draft card:

Name: Silas Joseph Simmons 
City: Philadelphia  
County: Philadelphia  
State: Pennsylvania  
BirthPlace: Delaware  
Birth Date: 14 Oct 1895  
Race: African  
Roll: 1907647  
DraftBoard: 27  

→  {yakłtalk} 

http://www.sptimes.com/2006/08/16/Neighborhoodtimes/A_senior_among_seniors.shtml

Note: During both World War I and World War II, he loaded live ammunition for U.S. troops onto ships bound for Europe.

He is not on the GRG list because the 1900 census lists him as born in '1897' (which would make him 'only' 108, instead of 110 as claimed).  However, it's possible the census in this case is incorrect.  In any case, he was still alive a month ago, has a WWI draft card, and participated in an activity which was directly related to the war effort.  Whether he is a 'veteran' or not, I don't know if he was drafted.  But considering some 'veterans' on the current list were little more than telephone operators and ROTC students, Silas's efforts were a tangible contribution to the war.  He was also a Negro league ballplayer.→  {yakłtalk} 

This is not a discussion of the relative merits of peoples' service.  It's merely a question of service.  A veteran is someone who served in the armed forces; it's irrelevant where he or she served and what exactly they did.  Do we know whether Mr. Simmons loaded ships as a civ",thomas nelson sr does anyone know whether or not mr thomas nelson sr age 111 currently residing in texas formerly of louisiana served in the military before during or after world war i can anyone provide any further biographical information on mr nelson where he was born where he lives now etc finally can anyone post links to any articles about mr nelson any information would be appreciated well let s look at what ancestry says there are 13 draft cards for wwi for a thomas nelson of louisiana 6 of which fit into the age category there are other bits pieces of information that can then be found from there providing that is the correct info have you got any more details middle name initial date of birth etc to help us so we can help you why speculate it was never mentioned anywhere that he is a wwi veteran he runs a candy store however silas simmons is a closer candidate based on what he said about loading ammunition during wwi at the shipyards why speculate because he s in the right age range and if there s a chance he served we sould check it out what s this about him running a candy store thomas nelson spent most of his life running a candy store he doesn t strike me as someone who would have served he is african american yak talk doesn t strike you keep in mind the draft was in full force at the time it didn t matter what you did i agree that kind of speculation is bizarre if you had the opportunity to meet and talk with him robert why didn t you just ask him if he d served what is it about running a candy store that makes someone unlikely to be called up for the draft does he have a draft card on file one would think that if he served the news article would have mentioned it but i find your statements hypocritical vis a vis the silas simmons comment silas simmons who is silas simmons silas simmons was born oct 14 1895 according to his wwi draft card name silas joseph simmons city philadelphia county philadelphia state pennsylvania birthplace delaware birth date 14 oct 1895 race african roll 1907647 draftboard 27 yak talk note during both world war i and world war ii he loaded live ammunition for u s troops onto ships bound for europe he is not on the grg list because the 1900 census lists him as born in 1897 which would make him only 108 instead of 110 as claimed however it s possible the census in this case is incorrect in any case he was still alive a month ago has a wwi draft card and participated in an activity which was directly related to the war effort whether he is a veteran or not i don t know if he was drafted but considering some veterans on the current list were little more than telephone operators and rotc students silas s efforts were a tangible contribution to the war he was also a negro league ballplayer yak talk this is not a discussion of the relative merits of peoples service it s merely a question of service a veteran is someone who served in the armed forces it s irrelevant where he or she served and what exactly they did do we know whether mr simmons loaded ships as a civ,0,1
f4699dfedd530dcc,I don't even think that the song is notable enough to be mentioned even here. I think that it should be deleted.,i don t even think that the song is notable enough to be mentioned even here i think that it should be deleted,0,0
a31f3c693ded0e8e,Consider yourself reported.  I am going to take action against you. You need to go.,consider yourself reported i am going to take action against you you need to go,0,0
866e50d355516128,"""
Ghandi said to be the change you want to see in the world, so I will not try to change Wikipedia for the better, but abstaining critical editors'whose names I will not invoke for you to smearcollective inaction may help it go all the way to the bottom, thereby having no place to go but up.  Don't worry; you're not alone in the cookie jar, so inasmuch as misery loves company, it is not anyone's fault in particular.  That way, everybody can deny their part in disaster, all the while staying silent and pretending the accusations are crazy (or as you prefer, insulting), that you could be wrong, then pretending like everything is all back to normal when the criticism, but not the systemic problem which incites criticism """"goes away"""" for a moment in time.  Fine, upstanding fellow.  At least you're not a suicidal pedophile terrorist cult leader, or is it too much to call Muhammed what he was, a spade for a spade?  Wikipedia is good at skirting around the obvious and explaining it away with filler material to excuse all kinds of abominations to human rights and the part we call """"sapiens"""" after the """"homo"""", rather than """"sexual"""" or """"phile"""" after the """"homo"""".  I will now take my leave and feel fine and fancy free without such a convoluted worry that you lampoon by bearing the admin title and completely making it seem worthless.    """,ghandi said to be the change you want to see in the world so i will not try to change wikipedia for the better but abstaining critical editors whose names i will not invoke for you to smearcollective inaction may help it go all the way to the bottom thereby having no place to go but up don t worry you re not alone in the cookie jar so inasmuch as misery loves company it is not anyone s fault in particular that way everybody can deny their part in disaster all the while staying silent and pretending the accusations are crazy or as you prefer insulting that you could be wrong then pretending like everything is all back to normal when the criticism but not the systemic problem which incites criticism goes away for a moment in time fine upstanding fellow at least you re not a suicidal pedophile terrorist cult leader or is it too much to call muhammed what he was a spade for a spade wikipedia is good at skirting around the obvious and explaining it away with filler material to excuse all kinds of abominations to human rights and the part we call sapiens after the homo rather than sexual or phile after the homo i will now take my leave and feel fine and fancy free without such a convoluted worry that you lampoon by bearing the admin title and completely making it seem worthless,0,1
df700024cb698979,"Could you put it somewhere in the article rather than in the lede? The lede should be brief and give an overview of the article, rather than its substance. That's my concern with this whole lede. I have little time to work on it, but see the need. Make more sense? In any case, I'm switching the order of the sentence. It needs to be clear that Hartz is making this claim, rather than sneaking his name into the middle of the sentence. Reads more honestly that way.",could you put it somewhere in the article rather than in the lede the lede should be brief and give an overview of the article rather than its substance that s my concern with this whole lede i have little time to work on it but see the need make more sense in any case i m switching the order of the sentence it needs to be clear that hartz is making this claim rather than sneaking his name into the middle of the sentence reads more honestly that way,0,0
5772bd002c0076ad,"The new cross-sectional view 

 changed the cross-sectional view of a spaker driver and asked if it's OK.

To me, it's fine.",the new cross sectional view changed the cross sectional view of a spaker driver and asked if it s ok to me it s fine,0,0
f91d192595fbc9d6,"""
Quite a bit to go then, I am unsure when it starts on our tiny island P  (talk • contribs) """,quite a bit to go then i am unsure when it starts on our tiny island p talk contribs,0,0
529a13c3e065f76f,"Polydor 
Who keeps removing Polydor Records? Polydor is the official distributor of the album in the U.K., and it is Interscope Records' sibbling as well.",polydor who keeps removing polydor records polydor is the official distributor of the album in the u k and it is interscope records sibbling as well,0,0
763da8f6048b1f99,I have reviewed the edits and thank you for your additional details.,i have reviewed the edits and thank you for your additional details,0,0
252cc3eb9ac61c1d,Please add who did he take over in his college freshman season?,please add who did he take over in his college freshman season,0,0
ab10e624635246a3,"""
 I don't want to surf to 5 different pages to get an overview of the kind of graphics the N64 could produce.  This isn't just for now, this is for the future, too. @ """,i don t want to surf to 5 different pages to get an overview of the kind of graphics the n64 could produce this isn t just for now this is for the future too,0,0
e4015906f7a30af8,"""

 Please read and understand Wikipedia's policy regarding Verifiability 

Hello, I see that you're a new Wikipedia editor.  Please click on this link:  Wikipedia:Verifiability and read the Wikipedia policy regarding verifiability.  It may sound strange, but Wikipedia requires that all information in articles (especially biography articles of living persons) be sourced to published, reliable sources that other people can reference to verify the information in the articles.  Saying that some information you add to an article is based on 'privileged' knowledge is really not allowed on Wikipedia, because what you are saying is that you know something that nobody else could know or verify.  So, privileged information like that even if it is absolutely true cannot be put into an article, especially (again) a biographical article about a living person.  68 """,please read and understand wikipedia s policy regarding verifiability hello i see that you re a new wikipedia editor please click on this link wikipedia verifiability and read the wikipedia policy regarding verifiability it may sound strange but wikipedia requires that all information in articles especially biography articles of living persons be sourced to published reliable sources that other people can reference to verify the information in the articles saying that some information you add to an article is based on privileged knowledge is really not allowed on wikipedia because what you are saying is that you know something that nobody else could know or verify so privileged information like that even if it is absolutely true cannot be put into an article especially again a biographical article about a living person 68,0,0
6b085aa9503567b5,"""

 ANI Notice 

Hello. This message is being sent to inform you that there currently is a discussion at Wikipedia:Administrators' noticeboard/Incidents regarding an issue with which you may have been involved.    Thank you. Joe Gazz84•talk•contribs•Editor Review """,ani notice hello this message is being sent to inform you that there currently is a discussion at wikipedia administrators noticeboard incidents regarding an issue with which you may have been involved thank you joe gazz84 talk contribs editor review,0,0
e7c2bcd05a30a223,I've explained above in the response to Weller how these edits are acts of vandalism. Signs are not acceptable wikipedia protocols to deny credibly-sourced material according to guidelines.,i ve explained above in the response to weller how these edits are acts of vandalism signs are not acceptable wikipedia protocols to deny credibly sourced material according to guidelines,0,0
20e73a4851796970,""" if you make the change to """"330 Million Gods""""""",if you make the change to 330 million gods,0,0
8e110b30347b527c,"What part of FUCK OFF don't you understand, youi mouth breathing pimply turd?  While you'll never nag a hot chick, you can be king of shit mountain, it that it?  I laugh at you.",what part of fuck off don t you understand youi mouth breathing pimply turd while you ll never nag a hot chick you can be king of shit mountain it that it i laugh at you,1,1
967b0a285f6c79e8,Thanks for your concernThanks for your concernThanks for your concernThanks for your concernThanks for your concernThanks for your concernThanks for your concernThanks for your concernThanks for your concernThanks for your concernThanks for your concernThanks for your concernThanks for your concernThanks for your concernThanks for your concernThanks for your concernThanks for your concernThanks for your concernThanks for your concernThanks for your concernThanks for your concernThanks for your concernThanks for your concernThanks for your concernThanks for your concernThanks for your concernThanks for your concernThanks for your concernThanks for your concernThanks for your concernThanks for your concernThanks for your concernThanks for your concernThanks for your concernThanks for your concernThanks for your concernThanks for your concernThanks for your concernThanks for your concernThanks for your concernThanks for your concernThanks for your concernThanks for your concernThanks for your concernThanks for your concernThanks for your concernThanks for your concernThanks for your concernThanks for your concernThanks for your concernThanks for your concernThanks for your concernThanks for your concernThanks for your concernThanks for your concernThanks for your concernThanks for your concernThanks for your concernThanks for your concernThanks for your concernThanks for your concernThanks for your concernThanks for your concernThanks for your concernThanks for your concernThanks for your concernThanks for your concernThanks for your concernThanks for your concernThanks for your concernThanks for your concernThanks for your concernThanks for your concernThanks for your concernThanks for your concernThanks for your concernThanks for your concernThanks for your concernThanks for your concernThanks for your concernThanks for your concernThanks for your concernThanks for your concernThanks for your concernThanks for your concernThanks for your concernThanks for your concernThanks for your concernThanks for your concernThanks for your concernThanks for your concernThanks for your concernThanks for your concernThanks for your concernThanks for your concernThanks for your concernThanks for your concernThanks for your concernThanks for your concernThanks for your concernThanks for your concernThanks for your concernThanks for your concernThanks for your concernThanks for your concernThanks for your concernThanks for your concernThanks for your concernThanks for your concernThanks for your concernThanks for your concernThanks for your concernThanks for your concernThanks for your concernThanks for your concernThanks for your concernThanks for your concernThanks for your concernThanks for your concernThanks for your concernThanks for your concernThanks for your concernThanks for your concernThanks for your concernThanks for your concernThanks for your concernThanks for your concernThanks for your concernThanks for your concernThanks for your concernThanks for your concernThanks for your concernThanks for your concernThanks for your concernThanks for your concernThanks for your concernThanks for your concernThanks for your concernThanks for your concernThanks for your concernThanks for your concernThanks for your concernThanks for your concernThanks for your concernThanks for your concernThanks for your concernThanks for your concernThanks for your concernThanks for your concernThanks for your concernThanks for your concernThanks for your concernThanks for your concernThanks for your concernThanks for your concernThanks for your concernThanks for your concernThanks for your concernThanks for your concernThanks for your concernThanks for your concernThanks for your concernThanks for your concernThanks for your concernThanks for your concernThanks for your concernThanks for your concernThanks for your concernThanks for your concernThanks for your concernThanks for your concernThanks for your concernThanks for your concernThanks for your concernThanks for your concernThanks for your concernThanks for your concernThanks for your concernThanks for your concernThanks for your concernThanks for your concernThanks for your concernThanks for your concernThanks for your concernThanks for your concernThanks for your concernThanks for your concernThanks for your concernThanks for your concernThanks for your concernThanks for your concernThanks for your concernThanks for your concernThanks for your concernThanks for your concernThanks for your concernThanks for your concernThanks for your concernThanks for your concernThanks for your concernThanks for your concernThanks for your concernThanks for your concernThanks for your concernThanks for your concernThanks for your concernThanks for your concernThanks for your concernThanks for your concernThanks for your concernThanks for your concernThanks for your concernThanks for your concern,thanks for your concernthanks for your concernthanks for your concernthanks for your concernthanks for your concernthanks for your concernthanks for your concernthanks for your concernthanks for your concernthanks for your concernthanks for your concernthanks for your concernthanks for your concernthanks for your concernthanks for your concernthanks for your concernthanks for your concernthanks for your concernthanks for your concernthanks for your concernthanks for your concernthanks for your concernthanks for your concernthanks for your concernthanks for your concernthanks for your concernthanks for your concernthanks for your concernthanks for your concernthanks for your concernthanks for your concernthanks for your concernthanks for your concernthanks for your concernthanks for your concernthanks for your concernthanks for your concernthanks for your concernthanks for your concernthanks for your concernthanks for your concernthanks for your concernthanks for your concernthanks for your concernthanks for your concernthanks for your concernthanks for your concernthanks for your concernthanks for your concernthanks for your concernthanks for your concernthanks for your concernthanks for your concernthanks for your concernthanks for your concernthanks for your concernthanks for your concernthanks for your concernthanks for your concernthanks for your concernthanks for your concernthanks for your concernthanks for your concernthanks for your concernthanks for your concernthanks for your concernthanks for your concernthanks for your concernthanks for your concernthanks for your concernthanks for your concernthanks for your concernthanks for your concernthanks for your concernthanks for your concernthanks for your concernthanks for your concernthanks for your concernthanks for your concernthanks for your concernthanks for your concernthanks for your concernthanks for your concernthanks for your concernthanks for your concernthanks for your concernthanks for your concernthanks for your concernthanks for your concernthanks for your concernthanks for your concernthanks for your concernthanks for your concernthanks for your concernthanks for your concernthanks for your concernthanks for your concernthanks for your concernthanks for your concernthanks for your concernthanks for your concernthanks for your concernthanks for your concernthanks for your concernthanks for your concernthanks for your concernthanks for your concernthanks for your concernthanks for your concernthanks for your concernthanks for your concernthanks for your concernthanks for your concernthanks for your concernthanks for your concernthanks for your concernthanks for your concernthanks for your concernthanks for your concernthanks for your concernthanks for your concernthanks for your concernthanks for your concernthanks for your concernthanks for your concernthanks for your concernthanks for your concernthanks for your concernthanks for your concernthanks for your concernthanks for your concernthanks for your concernthanks for your concernthanks for your concernthanks for your concernthanks for your concernthanks for your concernthanks for your concernthanks for your concernthanks for your concernthanks for your concernthanks for your concernthanks for your concernthanks for your concernthanks for your concernthanks for your concernthanks for your concernthanks for your concernthanks for your concernthanks for your concernthanks for your concernthanks for your concernthanks for your concernthanks for your concernthanks for your concernthanks for your concernthanks for your concernthanks for your concernthanks for your concernthanks for your concernthanks for your concernthanks for your concernthanks for your concernthanks for your concernthanks for your concernthanks for your concernthanks for your concernthanks for your concernthanks for your concernthanks for your concernthanks for your concernthanks for your concernthanks for your concernthanks for your concernthanks for your concernthanks for your concernthanks for your concernthanks for your concernthanks for your concernthanks for your concernthanks for your concernthanks for your concernthanks for your concernthanks for your concernthanks for your concernthanks for your concernthanks for your concernthanks for your concernthanks for your concernthanks for your concernthanks for your concernthanks for your concernthanks for your concernthanks for your concernthanks for your concernthanks for your concernthanks for your concernthanks for your concernthanks for your concernthanks for your concernthanks for your concernthanks for your concernthanks for your concernthanks for your concernthanks for your concernthanks for your concernthanks for your concernthanks for your concernthanks for your concernthanks for your concernthanks for your concernthanks for your concernthanks for your concern,0,1
9bed83a8ccfcd8ad,Broader than this? So my edit warring here was a problem? NE2,broader than this so my edit warring here was a problem ne2,0,0
7ed2a182c24ce3b8,"April 2010 
 Please stop. If you continue to introduce inappropriate pages to Wikipedia, such as Kevin IWE, you will be blocked from editing. If you need guidance on how to create appropriate pages, try using the Article Wizard.",april 2010 please stop if you continue to introduce inappropriate pages to wikipedia such as kevin iwe you will be blocked from editing if you need guidance on how to create appropriate pages try using the article wizard,0,0
0abfc104634774c9,"""
If u open your eyes, you will read that:
""""The first song, Makedonsko Devojce is a Macedonian song composed by Jonce Hristovski (also the author of Ako Umram). It's one of the most popular tunes for dancing Lesnoto"""" ašo """,if u open your eyes you will read that the first song makedonsko devojce is a macedonian song composed by jonce hristovski also the author of ako umram it s one of the most popular tunes for dancing lesnoto a o,0,0
f2eb622d91a58e0d,"""

Steve Irvin DEAD
Stephen Robert Irwin  known as Crocodile Hunter dead.
Irwin, 44, was killed while filming an underwater documentary off Port Douglas.
At age of 44 was killed by a stingray barb through the chest on Monday while diving off Australia's northeast coast, emergency officials and witnesses said. 
Irwin had been diving off his boat """"Croc One"""" near Batt Reef northeast of Port Douglas. A helicopter had taken paramedics to nearby Low Isles where Irwin was taken for medical treatment but he was dead before they arrived, police said.
 """"Steve was hit by a stingray in the chest,"""" said local diving operator Steve Edmondson, whose Poseidon boats were out on the Great Barrier Reef when the accident occurred.

http://news.yahoo.com/s/nm/20060904/people_nm/australia_irwin_dc

Official Website:
http://www.crocodilehunter.com

The  ADMOINISTRATORS of Wikipedia should NOT vandalise the work of others!""",steve irvin dead stephen robert irwin known as crocodile hunter dead irwin 44 was killed while filming an underwater documentary off port douglas at age of 44 was killed by a stingray barb through the chest on monday while diving off australia s northeast coast emergency officials and witnesses said irwin had been diving off his boat croc one near batt reef northeast of port douglas a helicopter had taken paramedics to nearby low isles where irwin was taken for medical treatment but he was dead before they arrived police said steve was hit by a stingray in the chest said local diving operator steve edmondson whose poseidon boats were out on the great barrier reef when the accident occurred official website the admoinistrators of wikipedia should not vandalise the work of others,0,0
593556980d28172a,". I'll never ever do it, so long as I live!!!!",i ll never ever do it so long as i live,0,1
05aff915f17379c4,"Now that I take a look, I see that the article on John Yoo, who you saw fit to include when re-creating the Rebuttal section as the more enthusiastically titled Support section, also has the controversial nature of his torture-cheerleading memos mentioned right there at the top above the Contents box. FYI.",now that i take a look i see that the article on john yoo who you saw fit to include when re creating the rebuttal section as the more enthusiastically titled support section also has the controversial nature of his torture cheerleading memos mentioned right there at the top above the contents box fyi,0,0
0eead03a76c83bf1,"Your request for undeletion
Hello. This message is being sent to inform you that a response has been made at Wikipedia:Requests for undeletion regarding a submission you made.",your request for undeletion hello this message is being sent to inform you that a response has been made at wikipedia requests for undeletion regarding a submission you made,0,0
12ad8e5ba58786f5,"Semi-protected edit request on 6 August 2015 

James Toth's recent book should be added to this bibliography: James Toth, The Life and Legacy of a Radical Islamic Intellectual, new York: Oxford University Press, 2013.",semi protected edit request on 6 august 2015 james toth s recent book should be added to this bibliography james toth the life and legacy of a radical islamic intellectual new york oxford university press 2013,0,0
4519803c4f2b2a25,I believe we just had an edit conflict. Some of the issues you raised have been solved and will do further edits here to clarify which exact ones.,i believe we just had an edit conflict some of the issues you raised have been solved and will do further edits here to clarify which exact ones,0,0
7a682c221f6fb8c1,"""

 Regarding  

Hi there, I note you have had a few run-ins with Pigsonthewing.  Whilst it is known he is a disruptive editor (as per previous arbcom) it is not helpful to blank his requests on your talk page.  You do not need to respond - they will be archived anyway!  Most users know what he is like, and will not take it against you, but it can inflame hm further, and it just gives him more to argue about.

I actually find it quite amusing that he is so upset by it, as he has done the same to me on many occasions (he will probably remove that warning as well!)  Just leave him be, and remember he only has one revert per article per week.  wot|I did """,regarding hi there i note you have had a few run ins with pigsonthewing whilst it is known he is a disruptive editor as per previous arbcom it is not helpful to blank his requests on your talk page you do not need to respond they will be archived anyway most users know what he is like and will not take it against you but it can inflame hm further and it just gives him more to argue about i actually find it quite amusing that he is so upset by it as he has done the same to me on many occasions he will probably remove that warning as well just leave him be and remember he only has one revert per article per week wot i did,0,0
683085b5c07190ee,"The new paragraph is fine. Can I convince you to switch the first and second paragraph of the 0^0 section? First give the numerous contexts where 0^0=1 is the only possible definition, and the reasons, and then give the single exception where one may treat it as indeterminate, and the reason. If you want to make me perfectly happy that is...  02:52 Feb 13, 2003 (UTC)",the new paragraph is fine can i convince you to switch the first and second paragraph of the 0 0 section first give the numerous contexts where 0 0 1 is the only possible definition and the reasons and then give the single exception where one may treat it as indeterminate and the reason if you want to make me perfectly happy that is 02 52 feb 13 2003 utc,0,0
f6657009acf53c79,"""
What Moonriddengirl said - nothing leaps to mind, though I suppose a couple of dances in 4/4 could be suggested, but waltz can absolutely be ruled out. (""""Triple meter"""" is a time signature where the primary division of the beat is three - so 3/4, 3/8, 9/8...)  (talk ⋅ contribs) """,what moonriddengirl said nothing leaps to mind though i suppose a couple of dances in 4 4 could be suggested but waltz can absolutely be ruled out triple meter is a time signature where the primary division of the beat is three so 3 4 3 8 9 8 talk contribs,0,0
30abf251eb0c1779,"""

our apologies
As reviewing administrator, I need to apologize to you on behalf of wikipedia for the unjustified comments on the article. Yes, it does need references to show  that it meets WP:PROF. I discussed the specifics on the article's talk page. But the career as given is almost certainly notable; even if there is COI we do not delete on that ground; and the standard for deletion is """"unsourceable"""" not unsourced. Inline citations, by the way, are not necessary; any form of referencing is acceptable here. People are supposed to look for sources before placing deletion tags, but it nonetheless is basically your job and not theirs. (by the way, make sure the text you have is not taken from a web age or other pre-existing sourceif any is, it must be totally rewritten to observe the original copyright.''''''  """,our apologies as reviewing administrator i need to apologize to you on behalf of wikipedia for the unjustified comments on the article yes it does need references to show that it meets wp prof i discussed the specifics on the article s talk page but the career as given is almost certainly notable even if there is coi we do not delete on that ground and the standard for deletion is unsourceable not unsourced inline citations by the way are not necessary any form of referencing is acceptable here people are supposed to look for sources before placing deletion tags but it nonetheless is basically your job and not theirs by the way make sure the text you have is not taken from a web age or other pre existing sourceif any is it must be totally rewritten to observe the original copyright,0,0
7439ef4406c4d4cd,"Stop lying.

Name, caps, hyphens are the issue.

WBC & TBR uses completely different formats to each other and your own;

http://wbcboxing.com/wbceng/ratings

http://www.tbrb.org/

http://wbcboxing.com/wbceng/ratings",stop lying name caps hyphens are the issue wbc tbr uses completely different formats to each other and your own,0,0
3e80acb40499c13e,"Bow to Islam 

Why Do you call down the wraith of islam on this site? Remove the images or we teach you respect. We know that if we keep up the pressure you will buckle because you are cowards and have no faith - while we are guided by the hand.",bow to islam why do you call down the wraith of islam on this site remove the images or we teach you respect we know that if we keep up the pressure you will buckle because you are cowards and have no faith while we are guided by the hand,0,1
5d5b9da0d30b08d7,"In fact, not only do the articles state this, but I explain it in the discussion above this one! Lunacy.  talk",in fact not only do the articles state this but i explain it in the discussion above this one lunacy talk,0,0
b2b23d25fdad5d12,"Thanks for making a specific suggestion, Blackworm.  Either that one or Jakew's version looks OK to me; in fact, the two seem rather similar to me.",thanks for making a specific suggestion blackworm either that one or jakew s version looks ok to me in fact the two seem rather similar to me,0,0
87f0d7dd0790f808,"""

 removal of proper sources?? 

Why are the real and proven informations removed, and replaced with FAKE ones, with no sources attached to it what so ever?
The info destroyers on the site even send me cretin attacks where they acuses me of """"not atach the proper source note/info""""😉.
Even if I carefully attach the reference notes (the same at other info on the same page, allready posted by others, real, accepted source notes), the info posted by me complete with note sources, is again removed complitely and replaced with cretin, fake, and totally unproven info, with no source note what so ever.
What kind of site is this?? A new department of the Funny Farm? Or a place where history manipulators gathered to make up fantasy and totally unsubstantiated fairytales, removing any real info & historian which posts pertinent and proven info?
In this case, I live you to your medicine.
PS: Do not forget to cry """"attack to person!""""😉 (or whatever you call it when you are caught with the hand in the cookie jar, and you look for an excuse)   """,removal of proper sources why are the real and proven informations removed and replaced with fake ones with no sources attached to it what so ever the info destroyers on the site even send me cretin attacks where they acuses me of not atach the proper source note info even if i carefully attach the reference notes the same at other info on the same page allready posted by others real accepted source notes the info posted by me complete with note sources is again removed complitely and replaced with cretin fake and totally unproven info with no source note what so ever what kind of site is this a new department of the funny farm or a place where history manipulators gathered to make up fantasy and totally unsubstantiated fairytales removing any real info historian which posts pertinent and proven info in this case i live you to your medicine ps do not forget to cry attack to person or whatever you call it when you are caught with the hand in the cookie jar and you look for an excuse,0,1
dd0e1bed2a93f115,"WP:SOFIXIT.
Take care, however, not to remove material that is accurately sourced while claiming it isn't, as you did in this edit. The statement is conspicuously present in the source, 4th paragraph down in the Background section. ~",wp sofixit take care however not to remove material that is accurately sourced while claiming it isn t as you did in this edit the statement is conspicuously present in the source 4th paragraph down in the background section,0,0
edc953411e956f60,"""

Financial difficulties
Financial difficulties are a characteristic meth users. {See: """"Methamphetamine FAQ""""}   """,financial difficulties financial difficulties are a characteristic meth users see methamphetamine faq,0,0
01bb377792b089d4,I like the example given on the following post - http://theautomaticearth.blogspot.com/2011/07/july-28-2011-real-black-real-swan.html 167.30.73.70,i like the example given on the following post 167 30 73 70,0,0
cd41f680b0ef7371,"""

Paul wrote """"The image on the stamp is clearly taken from a print copied from the photopraph, probably a a lithograph. The importance given US copyright laws lies in the fact that the wikipedia Servers are based in the USA. It has nothing to do with the topic of the article.   """"
Actually on scrutiny of your remarks we find """"Wikipedia currently runs on dedicated clusters of GNU/Linux servers, 300 in Florida, 26 in Amsterdam and 23 in Yahoo!'s Korean hosting facility in Seoul."""" Our Reliable Source Citation is """"http://en.wikipedia.org/wiki/Wikipedia_servers#Software_and_hardware"""". Does anyone read Dutch or Korean? Rono (I'm back from Goa beach)   """,paul wrote the image on the stamp is clearly taken from a print copied from the photopraph probably a a lithograph the importance given us copyright laws lies in the fact that the wikipedia servers are based in the usa it has nothing to do with the topic of the article actually on scrutiny of your remarks we find wikipedia currently runs on dedicated clusters of gnu linux servers 300 in florida 26 in amsterdam and 23 in yahoo s korean hosting facility in seoul our reliable source citation is does anyone read dutch or korean rono i m back from goa beach,0,0
0b6b8466e2c01a4c,"RE-SUBMIT

Hi,

Thanks for your help! I have now resubmitted Wikipedia talk:Articles for creation/Peter Taylor-Gooby
what i don't understand is that it comes up as it is almost automatically declined why is that?

Thank you for your help!",re submit hi thanks for your help i have now resubmitted wikipedia talk articles for creation peter taylor gooby what i don t understand is that it comes up as it is almost automatically declined why is that thank you for your help,0,0
b8a6094b6c5a5bf7,Certainly deserves one or two sentences. Why not. -,certainly deserves one or two sentences why not,0,0
1392276cfaa88324,""":::Just a heads up, the nomination appears to depend on you now.  (Talk • Contibs) 

""",just a heads up the nomination appears to depend on you now talk contibs,0,0
19468936e9354c42,"If I've managed to go three years without creating an account, I doubt I'll make one now. But thanks for the thought.",if i ve managed to go three years without creating an account i doubt i ll make one now but thanks for the thought,0,0
ddce9ca785e4afc1,"File:G147 userpage banner.jpg listed for deletion 
A file that you uploaded or altered, File:G147 userpage banner.jpg, has been listed at Wikipedia:Files for deletion. Please see the discussion to see why this is (you may have to search for the title of the image to find its entry), if you are interested in it not being deleted. Thank you.",file g147 userpage banner jpg listed for deletion a file that you uploaded or altered file g147 userpage banner jpg has been listed at wikipedia files for deletion please see the discussion to see why this is you may have to search for the title of the image to find its entry if you are interested in it not being deleted thank you,0,0
ca087ee27196980f,"""

Where You Gonna Go Soweto
Although this is listed as being written by the Clash in the liner notes of the legacy edition, it is in fact clearly a cover of Sonny Okosun's Fire in Soweto
http://www.youtube.com/watch?v=inCMdSWYKOo
Whether or not Sonny Okuson actually penned the tune I do not know but it certainly should not be attributed to The Clash  —Preceding unsigned comment added by 86.40.31.132   
No assertion can be made without a reference, and a YouTube video is not a reliable source. -''''''The'FortyFive' """,where you gonna go soweto although this is listed as being written by the clash in the liner notes of the legacy edition it is in fact clearly a cover of sonny okosun s fire in soweto whether or not sonny okuson actually penned the tune i do not know but it certainly should not be attributed to the clash preceding unsigned comment added by 86 40 31 132 no assertion can be made without a reference and a youtube video is not a reliable source the fortyfive,0,0
4879d732d2590336,"For the record, as of right this moment, Schrandit has not apologized, much less redacted, and shows no willingness to do so.  AGF cannot apply any longer.",for the record as of right this moment schrandit has not apologized much less redacted and shows no willingness to do so agf cannot apply any longer,0,0
634e93d5b0ba9a74,"If you have any comments, they'd be useful.",if you have any comments they d be useful,0,0
d09e3e4f5a9c0575,Thank you very much for your help. The page was successfully resubmitted and awaits review.,thank you very much for your help the page was successfully resubmitted and awaits review,0,0
ada907a819f2b325,"block ? 

i can edit, the block has expired i guess. help ?",block i can edit the block has expired i guess help,0,0
8e5ec7d7716beade,"""

 My RfA 

Hi Rey. I'd like to thank you for your support of my RfA. It was closed at surprising 75/0/0, so I'm an admin now.  """,my rfa hi rey i d like to thank you for your support of my rfa it was closed at surprising 75 0 0 so i m an admin now,0,0
481e676e01852963,"""[outdent]David,  I have tried in the nicest possible way to tell you that the majority of the text you are so set on using is not suitable as an encyclopaedia article. Copyvio or no, anything that builds up to soliciting money and indeed actually explicitly  requests  donations going so far as to give the bank details is not going to last five minutes. If all the time an effort you have expended trying to get the copyvio undeleted had instead been spent pulling together a new article it would all be done and dusted by now. I repeat my previous advice: base an article on Sport England. 

I'm also not sure whether you have been following the conversation on George's talk if not you might consider hopping over there as my question has been answered and it has been confirmed that as far as Wikipedia is concerned the text is still not released to GFDL. You'll also notice that your conflict of interest has been raised as a concern; personally I think that it is manageable, although Wikipedia does generally discourage people from editing on subjects they are personally connected with as we recognise that this does make it hard to remain neutral. The general rule of thumb is that if a topic is notable enough for inclusion then likely an uninvolved editor will be along soon enough to create an article about it. 

On the question of the image. I presume from looking at your talk page that you are referring to the (separately deleted) logo. This is entirely separate from the article and from reading what George says I understand that you have released it under GFDL. I would first ask you to think again very carefully about the implications of this as usually logos remain copyrighted and are used under a strict fair-use rationale. It is rarer than hens teeth that any organisation would relinquish their rights to their own logo/identity and release it for others to do with what they wish - are you confident for example that your board properly understand what this means and are entirely comfortable with it? However, if this really is the case then all you need to do is upload it (by clicking """"Upload file"""" on the menu on the left) making sure that you attribute the correct licensing and source information - the upload page will walk you through this. 

Finally on a housekeeping note could I ask that you not start a new thread every time you post here on this subject. You'll see that I have been moving your posts up under the one heading to keep the conversation together. Cheers,  talk  

""",outdent david i have tried in the nicest possible way to tell you that the majority of the text you are so set on using is not suitable as an encyclopaedia article copyvio or no anything that builds up to soliciting money and indeed actually explicitly requests donations going so far as to give the bank details is not going to last five minutes if all the time an effort you have expended trying to get the copyvio undeleted had instead been spent pulling together a new article it would all be done and dusted by now i repeat my previous advice base an article on sport england i m also not sure whether you have been following the conversation on george s talk if not you might consider hopping over there as my question has been answered and it has been confirmed that as far as wikipedia is concerned the text is still not released to gfdl you ll also notice that your conflict of interest has been raised as a concern personally i think that it is manageable although wikipedia does generally discourage people from editing on subjects they are personally connected with as we recognise that this does make it hard to remain neutral the general rule of thumb is that if a topic is notable enough for inclusion then likely an uninvolved editor will be along soon enough to create an article about it on the question of the image i presume from looking at your talk page that you are referring to the separately deleted logo this is entirely separate from the article and from reading what george says i understand that you have released it under gfdl i would first ask you to think again very carefully about the implications of this as usually logos remain copyrighted and are used under a strict fair use rationale it is rarer than hens teeth that any organisation would relinquish their rights to their own logo identity and release it for others to do with what they wish are you confident for example that your board properly understand what this means and are entirely comfortable with it however if this really is the case then all you need to do is upload it by clicking upload file on the menu on the left making sure that you attribute the correct licensing and source information the upload page will walk you through this finally on a housekeeping note could i ask that you not start a new thread every time you post here on this subject you ll see that i have been moving your posts up under the one heading to keep the conversation together cheers talk,0,1
d45a25d9e89c7d76,(this is rather circumstance-dependent and very opinion-like),this is rather circumstance dependent and very opinion like,0,0
2d4ecbcd2797a264,"""

January 24, 2007
Your change  was determined to be unhelpful and has been reverted or removed. Please use the sandbox for any tests you want to do. Take a look at the welcome page if you would like to learn more about contributing to our encyclopedia. Thanks. — Nearly Headless Nick """,january 24 2007 your change was determined to be unhelpful and has been reverted or removed please use the sandbox for any tests you want to do take a look at the welcome page if you would like to learn more about contributing to our encyclopedia thanks nearly headless nick,0,0
a87dfe2da072c9e3,"I think Tripoli is in the wrong spot on that map.  I'm pretty sure Tripoli is in what is today Libya, and not Palestine.",i think tripoli is in the wrong spot on that map i m pretty sure tripoli is in what is today libya and not palestine,0,0
2b336f1beeea9d5a,"Yeah, but not very much -(",yeah but not very much,0,0
465f20aa05eab8f2,"ya know, if you see a brief sentence that coulde be rewritten, it's probably not necessary to stick it on the talk page.",ya know if you see a brief sentence that coulde be rewritten it s probably not necessary to stick it on the talk page,0,0
306bfb1f3bbc53da,"List of Wards and Parishes 

I plan to move List of civil parishes in Chichester (district) to List of wards and civil parishes in Chichester (district).
Then enhance the page to contain sortable tables, and add a list of the District Wards. Possibly adding the County regions? See Rother for an example of the tables. Any comments?  ++",list of wards and parishes i plan to move list of civil parishes in chichester district to list of wards and civil parishes in chichester district then enhance the page to contain sortable tables and add a list of the district wards possibly adding the county regions see rother for an example of the tables any comments,0,0
a50cb4e44b9da911,"""

 Just tinkered with """"LetTime"""". The """"last letter of text = last letter of page name"""" rule tripped me up! I agree with you, """"TheAuthors"""" sounds better than plain old """"guestbook"""". Have you read Rudy Rucker's 
Infinity and the mind? In that he proposes a """"fractal novel"""" ...  """,just tinkered with lettime the last letter of text last letter of page name rule tripped me up i agree with you theauthors sounds better than plain old guestbook have you read rudy rucker s infinity and the mind in that he proposes a fractal novel,0,0
d0932c1d5f8183b6,"Attention! 

I am going to wikistalk you!",attention i am going to wikistalk you,0,1
6e00c256fcc322ba,There's probably at least a website somewhere that you could cite.,there s probably at least a website somewhere that you could cite,0,0
4f874cf21e0a443d,"""
'Support As per the category naming last year, I support renaming to List of individual dogs.  (talk) """,support as per the category naming last year i support renaming to list of individual dogs talk,0,0
f73346940242e6e5,"Mr G's name 

Is Mr G's first name really Helen? Just wondering, as I've never heard it for a guy before, even though there is a Prime Minister by that name who is rather masculine. 

wdansey",mr g s name is mr g s first name really helen just wondering as i ve never heard it for a guy before even though there is a prime minister by that name who is rather masculine wdansey,0,0
526a2663ae04c87b,"""
 File:On Thursday, We Leave for Home.jpg listed for deletion 
A file that you uploaded or altered, File:On Thursday, We Leave for Home.jpg, has been listed at Wikipedia:Files for deletion. Please see the discussion to see why this is (you may have to search for the title of the image to find its entry), if you are interested in it not being deleted. Thank you.  —❤T☮C☺M☯ """,file on thursday we leave for home jpg listed for deletion a file that you uploaded or altered file on thursday we leave for home jpg has been listed at wikipedia files for deletion please see the discussion to see why this is you may have to search for the title of the image to find its entry if you are interested in it not being deleted thank you t c m,0,0
57da634f7952f0ed,This is a lovely snippet.,this is a lovely snippet,0,0
151fe1050ad14db0,"TfD nomination of Template: 
Template: has been nominated for deletion. You are invited to comment on the discussion at the template's entry on the Templates for Deletion page. Thank you.  —",tfd nomination of template template has been nominated for deletion you are invited to comment on the discussion at the template s entry on the templates for deletion page thank you,0,0
e9196371a1905217,"""

 Fascism 

Bob - when I used this term to describe your behaviour I wasn't being insulting but merely factual - if you look it up on wiki you'll see: """"Fascism (pronounced /ˈfæʃɪzəm/) is a radical and authoritarian nationalist political ideology.Fascists seek to organize a nation according to corporatist perspectives, values, and systems, including the political system and the economy.""""
I'm merely saying you are taking an authoritarian and corporatist view of your role.
Please would you remove that rather rude and unpleasant """"up yours"""" image from your page. It really is not consistent with any of the values espoused by wiki.""",fascism bob when i used this term to describe your behaviour i wasn t being insulting but merely factual if you look it up on wiki you ll see fascism pronounced f z m is a radical and authoritarian nationalist political ideology fascists seek to organize a nation according to corporatist perspectives values and systems including the political system and the economy i m merely saying you are taking an authoritarian and corporatist view of your role please would you remove that rather rude and unpleasant up yours image from your page it really is not consistent with any of the values espoused by wiki,0,0
2c154813af1db403,""" 
 
 
   

 Ranchi in Jharkhand 
No need to write NOW Ranchi was in Bihar or it is in Jharkhand, edited where described about Garib Nawaz Rath. Guddu 

 Deification 
Wow, this article seems to make a local god out of Laloo Yadav, while SYSTEMATICALLY ignoring or underestimating his negative sideshim being a curse upon  India. Silly, rare articles have been quoted praising him, while blatantly ignoring his long time image among the educated Indian middle class and the media. Everybody just seems to have a """"bias"""" against himwhat an excuse! All these constitute serious breach of Wikipedia's NPOV. I have added in the intro that he is known for his caste-based politics, his corruption, and his primary mass appeal lies among the so-called backward castes, and I will not tolerate its removal. 

I second this comment. Cygnus_hansa couldn't have been more concise and accurate when he said """"he is known for his caste-based politics, his corruption, and his primary mass appeal lies among the so-called backward castes"""".  —Preceding unsigned comment added by 75.82.157.73   

This Wikipedia biography seems to be prepared by a staunch fan of Lau Prasad. A much more balanced picture should be presented that should also throw light on his negative impact on the polity and economy of Bihar which lost precious 15 years of development opportunity under his rule which has been often called “jungle raj” or Jungle Rule. A more clear and focussed biography should expose him for a petty corrupt politician with criminal antecedents, that he really is.  —Preceding unsigned comment added by  (talk • contribs)  

 Name 

According to the official profile of Lalu Yadav from bhiar his name is Lalu Prasad NOT Lalu Prasad Yadav. http://164.100.24.208/ls/lsmember/biodata.asp?mpsno=2439  even his father's name does not have Yadav in it.

Education Qualification
I dont think he is a complete illiterate. Can someone add that to this article?
Thanks!  talk  
From what I have heard, he is a graduate (B.A., LL.B) from Patna University, but this is not confirmed. The article certainly does not provide a balanced view of Lalu, again which is not his actual name Lakshmi Prasad. 
Yes I agree this article has too many hyperboles. It would be difficult to confirm his educational qualification given that the person pretends to be rustic in public. As per Indian Government records his name as Lalu Prasad the issue has been discussed above.  

 POV 

I am placing a POV and clean-up tag here because this article is partial to Lalu, has unreferenced statements and some very misleading references. The article does not mention his corruption cases, misrule of Bihar and controversies enough. I don't have the time, but someone is requested to clean it up.  

I think your understanding of Lalu Prasad Yadav is based on the media, which has already been claimed in the article to be biased. I think the article is not at all partial to Lalu Prasad Yadav and at the same time need further improvement. I find that some of the editors are biased against Lalu Prasad yadav, which is reflected from some of the edits intending personal attack on him.   

Wikipedia is full of people like cygnus hansa, especially in Indian circle. many of them had got banned earlier, but some seems to be surviving to this date. This guy has also left some uncivil remarks on my talk page. I am deleting another libelous comment by anon. |no-blast",ranchi in jharkhand no need to write now ranchi was in bihar or it is in jharkhand edited where described about garib nawaz rath guddu deification wow this article seems to make a local god out of laloo yadav while systematically ignoring or underestimating his negative sideshim being a curse upon india silly rare articles have been quoted praising him while blatantly ignoring his long time image among the educated indian middle class and the media everybody just seems to have a bias against himwhat an excuse all these constitute serious breach of wikipedia s npov i have added in the intro that he is known for his caste based politics his corruption and his primary mass appeal lies among the so called backward castes and i will not tolerate its removal i second this comment cygnus hansa couldn t have been more concise and accurate when he said he is known for his caste based politics his corruption and his primary mass appeal lies among the so called backward castes preceding unsigned comment added by 75 82 157 73 this wikipedia biography seems to be prepared by a staunch fan of lau prasad a much more balanced picture should be presented that should also throw light on his negative impact on the polity and economy of bihar which lost precious 15 years of development opportunity under his rule which has been often called jungle raj or jungle rule a more clear and focussed biography should expose him for a petty corrupt politician with criminal antecedents that he really is preceding unsigned comment added by talk contribs name according to the official profile of lalu yadav from bhiar his name is lalu prasad not lalu prasad yadav even his father s name does not have yadav in it education qualification i dont think he is a complete illiterate can someone add that to this article thanks talk from what i have heard he is a graduate b a ll b from patna university but this is not confirmed the article certainly does not provide a balanced view of lalu again which is not his actual name lakshmi prasad yes i agree this article has too many hyperboles it would be difficult to confirm his educational qualification given that the person pretends to be rustic in public as per indian government records his name as lalu prasad the issue has been discussed above pov i am placing a pov and clean up tag here because this article is partial to lalu has unreferenced statements and some very misleading references the article does not mention his corruption cases misrule of bihar and controversies enough i don t have the time but someone is requested to clean it up i think your understanding of lalu prasad yadav is based on the media which has already been claimed in the article to be biased i think the article is not at all partial to lalu prasad yadav and at the same time need further improvement i find that some of the editors are biased against lalu prasad yadav which is reflected from some of the edits intending personal attack on him wikipedia is full of people like cygnus hansa especially in indian circle many of them had got banned earlier but some seems to be surviving to this date this guy has also left some uncivil remarks on my talk page i am deleting another libelous comment by anon no blast,0,1
1e531dd8a2c16611,"""Is there any half-decent Cantonese pop music, or is it all treacle?  04:41 25 Jun 2003 (UTC)

Is there really """"westerners"""" listening to Cantopop?  I doubt the sentence """"To western ears,..."""" is NPOV.

The article fails to mention the composer 顧家輝, singer 仙度拉, and their song 啼笑姻緣 which overturned the preception that Cantopop as a second grade Music (i.e. for old uneducated person only).  And it was Sammy Hui who finally pushed Cantopop to overtake Mandarin pop as the music of choice for HK youths.  
Yes no mention at all of the Gu Gaa-fai,Wong Jim collaboration. No mention at all of the popularity of TVB TV theme songs, while everbody else was sticking their own lyrics onto somebody elses music these two, seemed to be the only people producing original material. 

 I'll try to NPOV the article more, but I claim no responsbility on contentyou can't get much further from my musical domain than Cantopop.  05:06 25 Jun 2003 (UTC)

 No problem.  I bet you have the chance to listen to the most popular Cantopop songs but not the best.  I will get the same preception if I listen only to Madonna or Britney Spears.

I didn't mean that I wouldn't like it.  I meant that I've never heard any, and I certainly don't know the history behind it, so my editing is limited to grammar and attempts at NPOV. )  05:23 25 Jun 2003 (UTC)

 Tones 

I heard that Cantonese music differs from Mandarin in that Mandarin respects the language tones in the melody, but Cantonese doesn't. Is it true?
 

 Good Cantopops do respect the language tones in the melody, as all Chinese dialects are tone-sensitive. What you heard is a recent disaster in HK music, beautiful face is more important than singing skills and so songs become less important.  But there are still many real musicians care about the tones and the melody. 

Cantonese is more tonal than Mandarin.  Mandarin only has 4 tones for each pronunciation, but Cantonese has at least 6 tones according to most dictionaries.  Some author even claims there are 9 tones in Cantonese.  Even though written Chinese can be pronunced in Cantonese or Mandarin, but the sound differs so much that you cannot sing a Cantonese song in Mardarin nor vice versa.  Many popular tunes get both Cantonese and Mandarin lyrics which are totally rewritten and sometimes with unrelated subjects.   20:31, 25 Oct 2004 (UTC)

Yes but Mandarin has a more pleasant rhythm when spoken with natural darkness and light and this translates into songs pleasnter on the ear.I've heard people talk about Cantonese as sounding like a machine gun on the ear. 

And, how do Cantopop artists deal with music piracy? 
 

 Cantopop artists deal with piracy using the same technique as European or American artists, i.e. virtually nothing they can do!!! 

 But I was under the impression that in HK and Canton, media piracy was much much higher than in Europe or America. But there still are Cantopop artists. Are the economic models different? Do they resort to corporate patronage? ...  

 Curious: How did you hear that """"height"""" in Cantonese areas?  00:40 30 Jun 2003 (UTC)

 I meant South China in general, but it should affect Cantopop. My source is Slashdot . Ehem. I think I read something in Wired of Bruce Sterling finding dirt-cheap pirated media there, but I don't find it. I though tit was common knowledge.  

You have some of the most popular cantopop stars e.g. Joey Yung and Twins going on TV and saying how poor they are and asking their fans not to steal their livlihoods.And yes they do resort to corporate patronage of a sort.In the Joey Yung interview I was referring to, she claimed that she was making no money on her albums, but that she still had to produce albums to keep herself in the public eye and maintain her fanbase. With a large enough fanbase she can make money on personal appearances and concerts.For example Jade Kwan has recently been booked by a chain of bars, in the mainland, for a dozen or so 20 minute mini-concerts.Furthermore if you are popular enough you can make money through endorsments.There isn't a single reasonably attractive female cantopop singer who isn't e",is there any half decent cantonese pop music or is it all treacle 04 41 25 jun 2003 utc is there really westerners listening to cantopop i doubt the sentence to western ears is npov the article fails to mention the composer singer and their song which overturned the preception that cantopop as a second grade music i e for old uneducated person only and it was sammy hui who finally pushed cantopop to overtake mandarin pop as the music of choice for hk youths yes no mention at all of the gu gaa fai wong jim collaboration no mention at all of the popularity of tvb tv theme songs while everbody else was sticking their own lyrics onto somebody elses music these two seemed to be the only people producing original material i ll try to npov the article more but i claim no responsbility on contentyou can t get much further from my musical domain than cantopop 05 06 25 jun 2003 utc no problem i bet you have the chance to listen to the most popular cantopop songs but not the best i will get the same preception if i listen only to madonna or britney spears i didn t mean that i wouldn t like it i meant that i ve never heard any and i certainly don t know the history behind it so my editing is limited to grammar and attempts at npov 05 23 25 jun 2003 utc tones i heard that cantonese music differs from mandarin in that mandarin respects the language tones in the melody but cantonese doesn t is it true good cantopops do respect the language tones in the melody as all chinese dialects are tone sensitive what you heard is a recent disaster in hk music beautiful face is more important than singing skills and so songs become less important but there are still many real musicians care about the tones and the melody cantonese is more tonal than mandarin mandarin only has 4 tones for each pronunciation but cantonese has at least 6 tones according to most dictionaries some author even claims there are 9 tones in cantonese even though written chinese can be pronunced in cantonese or mandarin but the sound differs so much that you cannot sing a cantonese song in mardarin nor vice versa many popular tunes get both cantonese and mandarin lyrics which are totally rewritten and sometimes with unrelated subjects 20 31 25 oct 2004 utc yes but mandarin has a more pleasant rhythm when spoken with natural darkness and light and this translates into songs pleasnter on the ear i ve heard people talk about cantonese as sounding like a machine gun on the ear and how do cantopop artists deal with music piracy cantopop artists deal with piracy using the same technique as european or american artists i e virtually nothing they can do but i was under the impression that in hk and canton media piracy was much much higher than in europe or america but there still are cantopop artists are the economic models different do they resort to corporate patronage curious how did you hear that height in cantonese areas 00 40 30 jun 2003 utc i meant south china in general but it should affect cantopop my source is slashdot ehem i think i read something in wired of bruce sterling finding dirt cheap pirated media there but i don t find it i though tit was common knowledge you have some of the most popular cantopop stars e g joey yung and twins going on tv and saying how poor they are and asking their fans not to steal their livlihoods and yes they do resort to corporate patronage of a sort in the joey yung interview i was referring to she claimed that she was making no money on her albums but that she still had to produce albums to keep herself in the public eye and maintain her fanbase with a large enough fanbase she can make money on personal appearances and concerts for example jade kwan has recently been booked by a chain of bars in the mainland for a dozen or so 20 minute mini concerts furthermore if you are popular enough you can make money through endorsments there isn t a single reasonably attractive female cantopop singer who isn t e,0,1
e4676c5645f54699,"""

 Appreciation - Comment 

Hi there AMORTIAS, from Portugal,

thanks for your help in my talk page. However, for some reason, my page and that of another user have been singled out for wiki-harassment, and this """"person"""" seems to have a neverending supply of IP addresses (you reverted them, in ONE MINUTE they re-inserted their rubbish in my page).

Thanks again, keep up the good work 84.90.219.128  """,appreciation comment hi there amortias from portugal thanks for your help in my talk page however for some reason my page and that of another user have been singled out for wiki harassment and this person seems to have a neverending supply of ip addresses you reverted them in one minute they re inserted their rubbish in my page thanks again keep up the good work 84 90 219 128,0,0
ea455996cc13bbe4,Asking to be unblocked,asking to be unblocked,0,0
c1e680a70b0d00bc,I should like an admin other than the one who blocked me to review this reason. Thank you.}},i should like an admin other than the one who blocked me to review this reason thank you,0,0
46eb36e063038b30,I didn't find any sources for it so i'd say it's original research. Removed.,i didn t find any sources for it so i d say it s original research removed,0,0
f48a8df9d827770a,(of which you are a senior editor),of which you are a senior editor,0,0
0e43255651556de4,hey mind your own buisness mr.terminator.I am not uploading any copyrighted material.What;s the harm in writing an article for kids and people about something that they all massively like.Mind your own business.The wikipedia employees have the right to decide.not you,hey mind your own buisness mr terminator i am not uploading any copyrighted material what s the harm in writing an article for kids and people about something that they all massively like mind your own business the wikipedia employees have the right to decide not you,0,0
d2aeaba8d3add27c,"Better believe it.  At least I earned a Barnstar, Wikipedia's highest honor, because I've been doing nothing but cleaning up your utter nonsense.  In a way, I have you to thank, but I've gone through hell helping to maintain this site because of you.  You drop your pathetic entries and run, never bothering to come back and fix anything.  Your intelligence is suspect as is your taste in entertainment.  Loser.  I STILL dare you to answer me. -  18:48, 25 Jun 2004 (UTC)",better believe it at least i earned a barnstar wikipedia s highest honor because i ve been doing nothing but cleaning up your utter nonsense in a way i have you to thank but i ve gone through hell helping to maintain this site because of you you drop your pathetic entries and run never bothering to come back and fix anything your intelligence is suspect as is your taste in entertainment loser i still dare you to answer me 18 48 25 jun 2004 utc,1,1
1187947a018a26f5,""" December 2007 (UTC)
 look, will u just do this, otherwise i'll ask someone else  talk 05:16, 22""",december 2007 utc look will u just do this otherwise i ll ask someone else talk 05 16 22,0,0
dbbd787af2220ceb,"Amazon.com Release Date 
I noticed on the Amazon.com pages for Mafia II (Xbox 360 and PS3) the release date is October 31, 2008. It has been listed as the release date for a long time now, Amazon is usually always correct, I think it should be included in the article. Here are the links to verify my find.

Mafia II (Xbox 360)- http://www.amazon.com/Mafia-II-Xbox-360/dp/B000ZK698C/ref=pd_bbs_sr_2?ie=UTF8&s;=videogames&qid;=1219519511&sr;=8-2

Mafia II (PS3)- http://www.amazon.com/Mafia-II-Playstation-3/dp/B00198PO5I/ref=pd_bbs_sr_1?ie=UTF8&s;=videogames&qid;=1219519511&sr;=8-1",amazon com release date i noticed on the amazon com pages for mafia ii xbox 360 and ps3 the release date is october 31 2008 it has been listed as the release date for a long time now amazon is usually always correct i think it should be included in the article here are the links to verify my find mafia ii xbox 360 mafia ii ps3,0,0
c0726c3d5e40b095,"1/31 Setting up a Wikipedia account was fairly easy from the get go, but finding out things that interested me and needing editing was a little bit difficult at first. Ended up just doing some slight edits to update information for some of the high schools for the Howard County Public School System.",1 31 setting up a wikipedia account was fairly easy from the get go but finding out things that interested me and needing editing was a little bit difficult at first ended up just doing some slight edits to update information for some of the high schools for the howard county public school system,0,0
114613e7d8555871,"""

 4 minor charges comment  
cruelty to children, intimidation of a court official,jumping bail and fleeing the country and assault of a police officer, """"relatively minor charges"""" to you, just wanted to point that out ) take care   """,4 minor charges comment cruelty to children intimidation of a court official jumping bail and fleeing the country and assault of a police officer relatively minor charges to you just wanted to point that out take care,0,0
b6141bb939911618,P.S. - I was the one who created the music articles.,p s i was the one who created the music articles,0,0
2f1042f532dedb40,"I think I'm too closely involved in the editing to be part of suggesting a community ban for CE, unless I've misunderstood the rules. Things would be easier and better with CE gone, or at least absent from GW",i think i m too closely involved in the editing to be part of suggesting a community ban for ce unless i ve misunderstood the rules things would be easier and better with ce gone or at least absent from gw,0,0
6c7988b628f726f7,"1st day section deletion
I have deleted the 1st day section from this article as it is unsuitable and unnecessary for an article of this type. Wikipedia is not the place for a record of 20 broadcasts of television idents and the times at which they were used.",1st day section deletion i have deleted the 1st day section from this article as it is unsuitable and unnecessary for an article of this type wikipedia is not the place for a record of 20 broadcasts of television idents and the times at which they were used,0,0
ef44ac6f0ab012d1,"Excuse me, but you already gave your opinion. I don't need to know it again, If you want to give it to other people that's okay, but I don't need to know it. You took it out of contex.",excuse me but you already gave your opinion i don t need to know it again if you want to give it to other people that s okay but i don t need to know it you took it out of contex,0,0
441dc98f6d47044b,"Not sure how NIST defines the international survey foot, nor do I particularly care, but here is the result of dividing 1/39.37 and represents the actual relation between U.S. Survey and International feet:

2.54000508001016002032004064008128016256032512065024130048260096520193040386080772161544323088646177292354584709169418338836677673355346710693421386842773685547371094742189484378968757937515875031750063500127000254000. . .

Notice the value is doubled until it repeats back to the same series after 210 digits.  While 2 ppm, 4 ppt, 8 ppqu (1.000002000004000008000016. . . )etc. may diminish in importance rapidly, when measuring a particularly large distance with a high degree of resolution required, that differential could conceivably come into play.  Practically 1.000002 is close enough, but that doesn't make it the definition of the survey unit compared with the international equivalent, 1/39.37 meter defines the survey inch.  1.000002 is an approximation.",not sure how nist defines the international survey foot nor do i particularly care but here is the result of dividing 1 39 37 and represents the actual relation between u s survey and international feet 2 54000508001016002032004064008128016256032512065024130048260096520193040386080772161544323088646177292354584709169418338836677673355346710693421386842773685547371094742189484378968757937515875031750063500127000254000 notice the value is doubled until it repeats back to the same series after 210 digits while 2 ppm 4 ppt 8 ppqu 1 000002000004000008000016 etc may diminish in importance rapidly when measuring a particularly large distance with a high degree of resolution required that differential could conceivably come into play practically 1 000002 is close enough but that doesn t make it the definition of the survey unit compared with the international equivalent 1 39 37 meter defines the survey inch 1 000002 is an approximation,0,1
a3ec6e778078083a,"Room temperature supercritical fluid 

Is there any supercritical fluid at room temperature?",room temperature supercritical fluid is there any supercritical fluid at room temperature,0,0
75af4fbeb6916439,"Sure thing Kim, I'll go to the relevant wikipedia articles to make sure I get everything picture perfect, I wouldn't want to violate the infinite wikipedia rules that you have committed to memory!  What did you think of Solomon's recent article on Connolly?  I literally laughed out loud at the idiocy of the guy (Connolly).  Literally.",sure thing kim i ll go to the relevant wikipedia articles to make sure i get everything picture perfect i wouldn t want to violate the infinite wikipedia rules that you have committed to memory what did you think of solomon s recent article on connolly i literally laughed out loud at the idiocy of the guy connolly literally,0,1
69eecdce085c8da9,Would have been nice if there had been a FIRST warning....,would have been nice if there had been a first warning,0,0
59df1aca97853815,"""==Trisquel==

Thanks for your contribution to this article, but by longstanding consensus operating systems that use the Linux kernel are called """"Linux"""" on Wikipedia, as per WP:COMMONNAME. """"GNU/Linux"""" is considered a minority POV term used by the FSF and its supporters. On Wikipedia the term is only used to describe distros when the distro itself is called """"GNU/Linux"""" and then only when referring to the distro itself. If you want to change this consensus then the way to go about is not by trying to insert the term GNU/Linux into articles on distributions, such as on Trisquel. You should read Talk:Linux including all the archives of that page, to get the history of the problem as well as Talk:Linux/Name as this is where past consensuses have been formed. You will also want to read GNU/Linux naming controversy and its talk page as background as well. When you have the history of the consensus read then you can present your case at Talk:Linux to try to convince the other editors that all references """"Linux"""" other than to the kernel itself in Wikipedia should be changed to """"GNU/Linux"""". Be advised that this has been brought up dozens of times there, including recently and has always been soundly and conclusively opposed. -   """,trisquel thanks for your contribution to this article but by longstanding consensus operating systems that use the linux kernel are called linux on wikipedia as per wp commonname gnu linux is considered a minority pov term used by the fsf and its supporters on wikipedia the term is only used to describe distros when the distro itself is called gnu linux and then only when referring to the distro itself if you want to change this consensus then the way to go about is not by trying to insert the term gnu linux into articles on distributions such as on trisquel you should read talk linux including all the archives of that page to get the history of the problem as well as talk linux name as this is where past consensuses have been formed you will also want to read gnu linux naming controversy and its talk page as background as well when you have the history of the consensus read then you can present your case at talk linux to try to convince the other editors that all references linux other than to the kernel itself in wikipedia should be changed to gnu linux be advised that this has been brought up dozens of times there including recently and has always been soundly and conclusively opposed,0,1
5cc63deea65b7766,"Link to Ruda city is wrong. Burgnich was born in Ruda, Italy (near Aquileia) not Ruda, Sweden!",link to ruda city is wrong burgnich was born in ruda italy near aquileia not ruda sweden,0,0
4ad4129a4931b235,"""
Sorry about your friend. I salute all who honorably serve. Can you say what happened to him?  talk """,sorry about your friend i salute all who honorably serve can you say what happened to him talk,0,0
b61e879cf28a9e9f,"It's a shame that you've had deleted my subject already.. Well, sorry about anything but at least let me know if there is someplace that might interested & appreciated to discuss about my subject of interest about Rodimus Prime for the movie sequel. Thanks before.",it s a shame that you ve had deleted my subject already well sorry about anything but at least let me know if there is someplace that might interested appreciated to discuss about my subject of interest about rodimus prime for the movie sequel thanks before,0,0
ebe9d91bdba38d4d,"""

Look, in life, some things are subject to individivual opinion. Political persepctives for example - we can't predict how human beings will behave, so nobody really knows whether left wing or right wing approaches are the best way to run societies. But we can predict how brick walls behave when they are hit by things. So this issue is not one of the things that is a matter of individual opinion. Its not about whether you feel like engaging me in a subjective debate. The description of events on the page at the moment is physically impossible and refuted by all available evidence. 114 foot Airliners can't fit in 27 foot holes! This is not """"my opinion"""", this is a fact. Its also pretty comical that the current description is refuted even by the (shamefully inadequate) collection of images on the CNN link. Because this site relates to such an important event, the fact that your account is so physically indefencible is a disgrace. It is your job as an editor to sort this out.  """,look in life some things are subject to individivual opinion political persepctives for example we can t predict how human beings will behave so nobody really knows whether left wing or right wing approaches are the best way to run societies but we can predict how brick walls behave when they are hit by things so this issue is not one of the things that is a matter of individual opinion its not about whether you feel like engaging me in a subjective debate the description of events on the page at the moment is physically impossible and refuted by all available evidence 114 foot airliners can t fit in 27 foot holes this is not my opinion this is a fact its also pretty comical that the current description is refuted even by the shamefully inadequate collection of images on the cnn link because this site relates to such an important event the fact that your account is so physically indefencible is a disgrace it is your job as an editor to sort this out,0,0
7761360f267f8b8d,"Uncivility 

Please read Wikipedia:Harassment-info on Wikistalking (which is what you have been doing with me.",uncivility please read wikipedia harassment info on wikistalking which is what you have been doing with me,0,0
a92ec91554640774,Your behavior on this site is offensive and demonstrates a distinct mental instability. I suggest you seek help.,your behavior on this site is offensive and demonstrates a distinct mental instability i suggest you seek help,0,1
88ddc2a6eb1bd679,"No, go ahead, we'd love to hear your bright ideas. Oh, wait, you are a coward, nevermind, f off",no go ahead we d love to hear your bright ideas oh wait you are a coward nevermind f off,1,1
a174842b790ba48c,"REDIRECT Talk:Tommy Wilson (footballer, born 1877)",redirect talk tommy wilson footballer born 1877,0,0
6334f63c8275a264,"""
129, why not? Because it would be as ridiculous as adding the Lithuanian name for every Polish hamlet currently in Poland with a claim that the village once """"belonged"""" to the Lithuanian-Polish state 300 years ago. 1984 aside, it's not that serious, it's simply undue claptrap. It's a unnecessary provocation and has nothing to do with the """"Jews"""". If your so bent on improving information concerning the history of the Jewish people why don't you get over to the Żydokomuna article, or the Pinsk massacre. Both articles could use your help.   """,129 why not because it would be as ridiculous as adding the lithuanian name for every polish hamlet currently in poland with a claim that the village once belonged to the lithuanian polish state 300 years ago 1984 aside it s not that serious it s simply undue claptrap it s a unnecessary provocation and has nothing to do with the jews if your so bent on improving information concerning the history of the jewish people why don t you get over to the ydokomuna article or the pinsk massacre both articles could use your help,0,0
1f248a9d4e6a747e,(Unsigned comment by User:John4890),unsigned comment by user john4890,0,0
2baab114c1985813,"""

""""CAUSES""""

Some of my current [QUESTIONS] about this important section, which I don't understand........YET WHICH I'VE TRIED TO EDIT.....

QUOTE:
Several mechanisms have been proposed where warmth builds up in the equatorial area, then is dispersed to higher latitudes {NORTH?] y an El Niño event. [WHAT MECHANISMS? HOW IS BUILD-UP AND DISPERSAL RELEVANT??]

The cooler area [WHERE IS THAT?] then has to """"recharge"""" warmth for several years before another event can take place.[citation needed]

The Madden-Julian Oscillation is not a cause of the phenomena, but propagates eastward around the global tropics with a cycle on the order of 30-60 days, and may significantly influence the speed of development and intensity of El Niño and La Niña. 2.

Tropical cyclones north and south of the equator that may play a role in ENSO are caused by the westerly flow between the areas of low pressure induced by a Madden-Julian oscillation.[4] [WHAT DOES THIS MEAN??]

Such wind may counteract the typical easterly flows across the Pacific and create a tendency toward continuing the eastward motion.[citation needed] [A COUNTERACTION OF EASTERLY FLOWS CREATES TENDENCY TOWARD EASTWARD MOTION??]

Eastward-propagating oceanic Kelvin waves can be produced by Madden-Julian activity, which may in turn be influenced by a developing El Niño, leading to a positive feedback.[5] [HOW IS THIS PRODUCED, HOW IS THIS INFLUENCED?}
[[""",causes some of my current questions about this important section which i don t understand yet which i ve tried to edit quote several mechanisms have been proposed where warmth builds up in the equatorial area then is dispersed to higher latitudes north y an el ni o event what mechanisms how is build up and dispersal relevant the cooler area where is that then has to recharge warmth for several years before another event can take place citation needed the madden julian oscillation is not a cause of the phenomena but propagates eastward around the global tropics with a cycle on the order of 30 60 days and may significantly influence the speed of development and intensity of el ni o and la ni a 2 tropical cyclones north and south of the equator that may play a role in enso are caused by the westerly flow between the areas of low pressure induced by a madden julian oscillation 4 what does this mean such wind may counteract the typical easterly flows across the pacific and create a tendency toward continuing the eastward motion citation needed a counteraction of easterly flows creates tendency toward eastward motion eastward propagating oceanic kelvin waves can be produced by madden julian activity which may in turn be influenced by a developing el ni o leading to a positive feedback 5 how is this produced how is this influenced,0,1
a532328b2562df0e,"""

That explains how certain features don't appear to be geographically-correct. Further to 117Avenue's comments here, I have the following:
portions of St. Albert's boundaries are incorrect, particularly:
southwest boundary should follow the shoreline of Big Lake; and
northeast boundary is incorrect (refer to this CRB map);
the Sherwood Park Urban Service Area boundary south of Wye Road appears to be a tad exaggerated in terms of size (please double-check, referring to the above linked CRB map);
although the Sherwood Park Freeway is """"technically"""" numbered Highway 100, it is not signed as such, so I recommend removal (note this other CRB map, which was prepared by Alberta Transportation, labels it as """"S.P.F."""" with no background shield or oval);
numerous arterial roads in Edmonton are missing further to those recently identified by 117Avenue (I recommend using the Edmonton TMP's Figures 3.9, 4.1, and 7.1 as a starting point for what roads within Edmonton should be included);
numerous equivalent arterial roads in St. Albert (i.e., Levasseur Rd, Meadowview Ave/McKenney Ave/Bellerose Dr, Grandin Rd, Sturgeon Rd, Dawson Rd, Hogan Rd) and Sherwood Park (i.e., Sherwood Dr between Broadmoor and Brentwood, Granada Blvd, Petroleum Way/Lakeland Dr, Clover Bar Rd north of Hwy 16, Twp Rd 534 along the northernmost boundary) are missing;
the applicable St. Albert roads that actually extend to its municipal boundary should be extended as well;
I'd also like to see RR 231, 232, and 233 (extensions of Sherwood Park's Clover Bar Rd, Brentwood Blvd, and Broadmoor Blvd) shown between Sherwood Park and Hwy 628; and
I'd also like to the remaining Anthony Henday Drive legs that are not yet open shown in the same symbology, but in a broken-line format with gaps to indicate it is under construction.
These are my comments for now.   """,that explains how certain features don t appear to be geographically correct further to 117avenue s comments here i have the following portions of st albert s boundaries are incorrect particularly southwest boundary should follow the shoreline of big lake and northeast boundary is incorrect refer to this crb map the sherwood park urban service area boundary south of wye road appears to be a tad exaggerated in terms of size please double check referring to the above linked crb map although the sherwood park freeway is technically numbered highway 100 it is not signed as such so i recommend removal note this other crb map which was prepared by alberta transportation labels it as s p f with no background shield or oval numerous arterial roads in edmonton are missing further to those recently identified by 117avenue i recommend using the edmonton tmp s figures 3 9 4 1 and 7 1 as a starting point for what roads within edmonton should be included numerous equivalent arterial roads in st albert i e levasseur rd meadowview ave mckenney ave bellerose dr grandin rd sturgeon rd dawson rd hogan rd and sherwood park i e sherwood dr between broadmoor and brentwood granada blvd petroleum way lakeland dr clover bar rd north of hwy 16 twp rd 534 along the northernmost boundary are missing the applicable st albert roads that actually extend to its municipal boundary should be extended as well i d also like to see rr 231 232 and 233 extensions of sherwood park s clover bar rd brentwood blvd and broadmoor blvd shown between sherwood park and hwy 628 and i d also like to the remaining anthony henday drive legs that are not yet open shown in the same symbology but in a broken line format with gaps to indicate it is under construction these are my comments for now,0,1
04bd87b84c67a594,"blatant canvassing 

Melonbarmonster has been canvassing regarding the request for comment in a highly blatant manner.
Asking for a wide range of opinions seems like a great idea, however his requests seem to be made only to those who are likely to share his opinion.",blatant canvassing melonbarmonster has been canvassing regarding the request for comment in a highly blatant manner asking for a wide range of opinions seems like a great idea however his requests seem to be made only to those who are likely to share his opinion,0,0
c77b5faac6d89643,"Thank you. Let's get this page off. It seems to have been the target of interest for people with no stake in its content. Now they can move on to objects of more legitimate concern and leave me alone. I do not know why everyone insisted on editing a page which is about me, but I guess I should be flattered. I hope they are happy to find someone else to harrass.",thank you let s get this page off it seems to have been the target of interest for people with no stake in its content now they can move on to objects of more legitimate concern and leave me alone i do not know why everyone insisted on editing a page which is about me but i guess i should be flattered i hope they are happy to find someone else to harrass,0,0
b27b3cc0652b724a,"""

I would """"assume good faith"""" is the wikicops would do the same otherwise it is a god damn zoo here trying to get even legitimate edits made and honestly no one but a giant nerd would want to go through the trouble.""",i would assume good faith is the wikicops would do the same otherwise it is a god damn zoo here trying to get even legitimate edits made and honestly no one but a giant nerd would want to go through the trouble,1,1
364614ae6414d98e,Admins notified of Copyright violations.,admins notified of copyright violations,0,0
26ffa74eb5087c2f,"""
Also, please don't entitle your warnings as """"final warnings"""". A simple """"warning"""" would suffice to get the point across, thanks.  """,also please don t entitle your warnings as final warnings a simple warning would suffice to get the point across thanks,0,0
0f81071bed4ee47e,"Well, no one came along to defend that sentence, so I'll assume it wasn't defensible and remove it from the article.  01:25, 8 Apr 2005 (UTC)",well no one came along to defend that sentence so i ll assume it wasn t defensible and remove it from the article 01 25 8 apr 2005 utc,0,0
720dfe631862c024,"""

 Speedy deletion of """"Thinnamon"""" 

 A page you created, Thinnamon, has been tagged for deletion, as it meets one or more of the criteria for speedy deletion; specifically, it is vandalism.

You are welcome to contribute content which complies with our content policies and any applicable inclusion guidelines. However, please do not simply re-create the page with the same content. You may also wish to read our introduction to editing and guide to writing your first article.

Thank you.   """,speedy deletion of thinnamon a page you created thinnamon has been tagged for deletion as it meets one or more of the criteria for speedy deletion specifically it is vandalism you are welcome to contribute content which complies with our content policies and any applicable inclusion guidelines however please do not simply re create the page with the same content you may also wish to read our introduction to editing and guide to writing your first article thank you,0,0
2ae6e65d2c4af57a,I Know two teenagers that suffer from gerd it is a big problem for these people!,i know two teenagers that suffer from gerd it is a big problem for these people,0,0
208634479ed7cbf8,""":::::I think if a linguistical male gender is used, it means by default all genders. Only if the linguistical feminine form is used, it would signify that it intends only one gender. How about in other cases: does Romanian laws say """"voter"""" or """"citizen"""" in linguistical male, when however meaning all voters, or all citizens?   

""",i think if a linguistical male gender is used it means by default all genders only if the linguistical feminine form is used it would signify that it intends only one gender how about in other cases does romanian laws say voter or citizen in linguistical male when however meaning all voters or all citizens,0,0
3402dbfcb04fc3f4,"Proposed move would benefit the wider community (a copy in my talk page). 

Wikipedia is not a dictionary but an encyclopedia, therefore, the content and title name of an article there, necessarily needs to be encyclopedic, not as in the case of dictionaries. The naming of the sweet cannot straightforwardly choose as Rasgulla. However, the naming in Wikipedia appears to be followed only the Oxford dictionaries, as an anglicize name loaned from a foreign country. But the name obviously misspelled there, as the dictionary mentions rasgullā originates in Hindi – so the name to be disambiguated to avoid confusion with Rosogolla for the reasons many reliable English-language sources mentions the sweet name Rosogolla, The Oxford Companion to Sugar and Sweets describes Rosogolla is primarily associated with West Bengal, then Bengal in British India. The fact establishes the origin of the sweet is in Bengal - a part of greater India, not Hindi, in Bengal the sweet is called Rosogolla since its initial usage.  
 
Nevertheless, here rises a question, whether Wikipedia must stick to its current naming when the naming is misleading or inaccurate. 

As per description of Wikipedia, the naming the sweet should be seen as goals, not as rules. Whereas, considering the deleted article Rosogolla's naturalness, consistency, prevalence in many reliable English-language sources, as well as its usage around 250 million Bengali people in Bangladesh, West Bengal, other states in India and world over, the name Rosogolla has come into majority use. The Oxford Companion to Sugar and Sweets highlights Rosogolla, and describes often-spelled Rasgulla, it is a very new edition published in the United Kingdom and the US. The name Rosogolla has been preferred in several publications in United Kingdom and the US. Some of these books are (1) Milk - Beyond the Dairy: Proceedings of the Oxford Symposium on Food... by Harlan Walke, Page 58. (2) Strategic Management: Formulation, Implementation and Control, by PEARCE, Page 179. (3) Food Culture in India, by Colleen Taylor Sen. There are too many reliable English sources in United Kingdom and the US those mention the sweet as Rosogolla. A confusing entry in the Oxford dictionaries cannot really overlook Rosogolla’s merit as a title name from the reliable English-language sources.

Therefore, my goal is to move the article [Rasgulla]] to Rosogolla and the move would benefit a wider community.",proposed move would benefit the wider community a copy in my talk page wikipedia is not a dictionary but an encyclopedia therefore the content and title name of an article there necessarily needs to be encyclopedic not as in the case of dictionaries the naming of the sweet cannot straightforwardly choose as rasgulla however the naming in wikipedia appears to be followed only the oxford dictionaries as an anglicize name loaned from a foreign country but the name obviously misspelled there as the dictionary mentions rasgull originates in hindi so the name to be disambiguated to avoid confusion with rosogolla for the reasons many reliable english language sources mentions the sweet name rosogolla the oxford companion to sugar and sweets describes rosogolla is primarily associated with west bengal then bengal in british india the fact establishes the origin of the sweet is in bengal a part of greater india not hindi in bengal the sweet is called rosogolla since its initial usage nevertheless here rises a question whether wikipedia must stick to its current naming when the naming is misleading or inaccurate as per description of wikipedia the naming the sweet should be seen as goals not as rules whereas considering the deleted article rosogolla s naturalness consistency prevalence in many reliable english language sources as well as its usage around 250 million bengali people in bangladesh west bengal other states in india and world over the name rosogolla has come into majority use the oxford companion to sugar and sweets highlights rosogolla and describes often spelled rasgulla it is a very new edition published in the united kingdom and the us the name rosogolla has been preferred in several publications in united kingdom and the us some of these books are 1 milk beyond the dairy proceedings of the oxford symposium on food by harlan walke page 58 2 strategic management formulation implementation and control by pearce page 179 3 food culture in india by colleen taylor sen there are too many reliable english sources in united kingdom and the us those mention the sweet as rosogolla a confusing entry in the oxford dictionaries cannot really overlook rosogolla s merit as a title name from the reliable english language sources therefore my goal is to move the article rasgulla to rosogolla and the move would benefit a wider community,0,1
e7538e3762f1f5c6,"""

Actually, I think you're confusing primary, secondary, and tertiary sources.  I believe most of the sources here are either unreliable personal opinions or tertiary (survey) sources, reprising the results of (perhaps reliable) secondary sources.  What we need are reliable secondary sources, such as peer-reviewed literature.  (However, the """"peer=reviewed"""" literature on recovered memories suggests that being peer-reviewed is not enough.)  —   (talk) """,actually i think you re confusing primary secondary and tertiary sources i believe most of the sources here are either unreliable personal opinions or tertiary survey sources reprising the results of perhaps reliable secondary sources what we need are reliable secondary sources such as peer reviewed literature however the peer reviewed literature on recovered memories suggests that being peer reviewed is not enough talk,0,0
1cdc34368cbf17e9,"Please If I have done anything wrong on wiki which I didnt know please message me before blocking me..
thanks..
Bigslimshady",please if i have done anything wrong on wiki which i didnt know please message me before blocking me thanks bigslimshady,0,0
c776e8570630bd4f,"Please do not edit other people's userpages, it is considered vandalism. -",please do not edit other people s userpages it is considered vandalism,0,0
7d570cda4930d60a,"I'll take a look and write something up while I'm blocked which will end in 3 or 4 days. A lot of it isn't an issue these days as far as I can tell but some of it is still an issue. He does other things now that he didn't do then that are problematic. No rush though, it can wait a few days.",i ll take a look and write something up while i m blocked which will end in 3 or 4 days a lot of it isn t an issue these days as far as i can tell but some of it is still an issue he does other things now that he didn t do then that are problematic no rush though it can wait a few days,0,0
812224c52ab3fe94,"""A real problem has developed with the references, also Figure 1 has moved oddly and I can't get it back in place ==

To: Chzz
From: Howard Zimmerman

Chzz,

I had just figured out how to deal with References 4 and 5 and got them reasonably set up (at least to start).

But on looking at the article now, I see that the references are somehow in trouble and mixed up.

Another problem somehow developed. The drawing for Figure 1 is oddly placed.
I've attemted to give it more space, but the space is put partially before the caption
and the drawing doesn't move left but is oddly to the right.

Chzz, I appreciate your wanting to help. Especially in view of my uncertainty earlier about the referencing.

But is it possible to get the Article back to where it was this morning. I had just fixed up References 4 and 5.
I realize that I could improve them further but the basic job really was ok.

I think I can put the rest of the references in all right.

But I don't know if the article as it waa this morning is archived and can be retrieved.

If not, I can go through the article and see if I can get the right referencing. 

I haven't figured out exactly what went wrong. 

But Reference 3 should be to Krapcho and Bothner-By

Then Ref 4 should be to the 1961 Tetrahedron article

and Ref 5 to the Interscience 1973 article.

After that Ref 6 should be the Birch and Nasipuri 1959 article.

Chzz, if needed I can go through and experiment with fixing this up.

But I'm a bit uncertain about how to change the referencing although I can try.

AND, I don't know how to move the Drawing in Figure 1 to be to the left and centered.
while it was ok originally, my attempts to move it back haven't worked.

Thus if the article has been archived and can be gotten back, that would be simplest.

Chzz, it does appear that I've been the source of too much work for you. Neverheless
please do realize that I appreciate the help.

Best wishes,

Howard

Howard E. Zimmerman   —Preceding unsigned comment added by  (talk • contribs)  

Nothing is ever lost; the history shows all the previous versions, and all edits, back from when a page was made - see WP:HISTORY, and look at the page history.

I have tried to fix the refs from your description above - hopefully it is a bit better now; it's probably still not right, but considering most of it is correct, it might be easier to work from that. If you would rather just go back to the version before I edited it today though, that's easy enough, as explained above - or, let me know, and I'll put it back for you. Possibly it is easier to fix the existing, and refer back to this version.

Re. the figure, well, this is the problem I've been trying to describe. If you leave a number of blank lines to space the figures, then it might look OK to you, but it won't on another persons browser. You cannot rely on the text being the same size on their system, nor can you expect everyone to use a screen with the same resolution. This is a problem, with inserting images directly, rather than using the thumbnail system.  ►  

Two more things, to make our lives easier;

Please fix your signature, so it stops doing this 'unsigned comments' thing. To do that, click on 'my preferences', clear anything in the """"Signature:"""" box, and make sure that the checkbox """" Sign my name exactly as shown"""" is not checked.

When you make sections here (to leave messages), could you keep the title short? The long titles make it a bit unwieldy in the table of contents etc.

Neither are a huge problem; just trying to make things easier. Hope to hear more soon. [[User talk:Chzz|",a real problem has developed with the references also figure 1 has moved oddly and i can t get it back in place to chzz from howard zimmerman chzz i had just figured out how to deal with references 4 and 5 and got them reasonably set up at least to start but on looking at the article now i see that the references are somehow in trouble and mixed up another problem somehow developed the drawing for figure 1 is oddly placed i ve attemted to give it more space but the space is put partially before the caption and the drawing doesn t move left but is oddly to the right chzz i appreciate your wanting to help especially in view of my uncertainty earlier about the referencing but is it possible to get the article back to where it was this morning i had just fixed up references 4 and 5 i realize that i could improve them further but the basic job really was ok i think i can put the rest of the references in all right but i don t know if the article as it waa this morning is archived and can be retrieved if not i can go through the article and see if i can get the right referencing i haven t figured out exactly what went wrong but reference 3 should be to krapcho and bothner by then ref 4 should be to the 1961 tetrahedron article and ref 5 to the interscience 1973 article after that ref 6 should be the birch and nasipuri 1959 article chzz if needed i can go through and experiment with fixing this up but i m a bit uncertain about how to change the referencing although i can try and i don t know how to move the drawing in figure 1 to be to the left and centered while it was ok originally my attempts to move it back haven t worked thus if the article has been archived and can be gotten back that would be simplest chzz it does appear that i ve been the source of too much work for you neverheless please do realize that i appreciate the help best wishes howard howard e zimmerman preceding unsigned comment added by talk contribs nothing is ever lost the history shows all the previous versions and all edits back from when a page was made see wp history and look at the page history i have tried to fix the refs from your description above hopefully it is a bit better now it s probably still not right but considering most of it is correct it might be easier to work from that if you would rather just go back to the version before i edited it today though that s easy enough as explained above or let me know and i ll put it back for you possibly it is easier to fix the existing and refer back to this version re the figure well this is the problem i ve been trying to describe if you leave a number of blank lines to space the figures then it might look ok to you but it won t on another persons browser you cannot rely on the text being the same size on their system nor can you expect everyone to use a screen with the same resolution this is a problem with inserting images directly rather than using the thumbnail system two more things to make our lives easier please fix your signature so it stops doing this unsigned comments thing to do that click on my preferences clear anything in the signature box and make sure that the checkbox sign my name exactly as shown is not checked when you make sections here to leave messages could you keep the title short the long titles make it a bit unwieldy in the table of contents etc neither are a huge problem just trying to make things easier hope to hear more soon user talk chzz,0,1
fc27bf5d8ed568e0,"Take a look at this

Wikipedia:Disruptive editing. I'm inclined to think that your stick-in-the-mud-ness with respect to Talk:Homeopathy is bordering on that. I suggest that you either learn to communicate with those with whom you disagree or take a wikibreak.",take a look at this wikipedia disruptive editing i m inclined to think that your stick in the mud ness with respect to talk homeopathy is bordering on that i suggest that you either learn to communicate with those with whom you disagree or take a wikibreak,0,0
e9e775c805991acb,you are threatening other users. Are you asking for sanctions?,you are threatening other users are you asking for sanctions,0,0
f04ddbd0b68ce807,""":I still don't see any """"peacock terms"""", as was explained on the talk page.  Perhaps you could be more specific?  Do you refer to the way the article calls Crocker and Kaminsky Internet security experts, or Abrams a constitutional law expert?  Do you refer to the several direct quotes that mention experts?  I'm not seeing any inappropriate use of words as """"peacock terms"""", just well-sourced accurate descriptions  but perhaps I'm not seeing the specifc instance about which you are concerned.   

""",i still don t see any peacock terms as was explained on the talk page perhaps you could be more specific do you refer to the way the article calls crocker and kaminsky internet security experts or abrams a constitutional law expert do you refer to the several direct quotes that mention experts i m not seeing any inappropriate use of words as peacock terms just well sourced accurate descriptions but perhaps i m not seeing the specifc instance about which you are concerned,0,0
a0c5f7f69ebd1c4a,"Hi there RegentsPark (great place I love it), in any normal case I would, but the other editor in this case is such a warmonger it's untrue. I'm not sure I have the patience for him.",hi there regentspark great place i love it in any normal case i would but the other editor in this case is such a warmonger it s untrue i m not sure i have the patience for him,0,0
85e4a80c3b443acb,"That's Right
That's right you leave my changes in that article.",that s right that s right you leave my changes in that article,0,0
1b9ecb5e23b2b058,"|url=http://www.espncricinfo.com/icc-cricket-world-cup-2015/content/story/853317.html|website=ESPNcricinfo|accessdate=21 March 2015}}

External links
 CricketArchive Player Profile
 Riaz on Twitter

Category:1985 births
Category:Living people
Wahab, Riaz
Wahab, Riaz
Wahab, Riaz
Wahab, Riaz
Category:Cricketers at the 2011 Cricket World Cup
Category:Cricketers at the 2015 Cricket World Cup
Category:Kent cricketers
Category:Cricketers who have taken five wickets on Test debut
Category:Lahore Blues cricketers
Category:Lahore Whites cricketers
Category:Hyderabad (Pakistan) cricketers
Category:Karachi Port Trust cricketers
Category:National Bank of Pakistan cricketers
Category:Punjab (Pakistan) cricketers
Category:Sportspeople from Lahore
Category:Ruhuna Royals cricketers
Category:Punjabi people",url march 2015 external links cricketarchive player profile riaz on twitter category 1985 births category living people wahab riaz wahab riaz wahab riaz wahab riaz category cricketers at the 2011 cricket world cup category cricketers at the 2015 cricket world cup category kent cricketers category cricketers who have taken five wickets on test debut category lahore blues cricketers category lahore whites cricketers category hyderabad pakistan cricketers category karachi port trust cricketers category national bank of pakistan cricketers category punjab pakistan cricketers category sportspeople from lahore category ruhuna royals cricketers category punjabi people,0,1
b05882d27b6ef652,"YEAR OLD EDITOR WHO PROBABLY SH.TS HIS PANTS. WHAT'S HIS NAME AGAIN? OH YEAH, IT'S SUPER HAMSTER. OH MY GOD, SUPER HAMSTERBold text''' IS GONNA SAVE THE F**in WORLD! GIMME A BREAK, STUPID WIKIPEDIANS, GO GET A LIFE AND F**k YOURSELF! WILLY ON WHEELS BABY!!!!!!'''",year old editor who probably sh ts his pants what s his name again oh yeah it s super hamster oh my god super hamsterbold text is gonna save the f in world gimme a break stupid wikipedians go get a life and f k yourself willy on wheels baby,1,1
f2d714e7c3a229ac,"""
There are several reasons listed in WP:ELNO why we would not normally link to such sites, most obviously that if there is anything that needs to be included in the article, it should already be there, and anything that is covered in the interview that isn't in the article should use the interview as a source and not as an external link. I note you've added links to the same website to several articles already, and the inference that you're promoting this website is difficult to resist. andemu """,there are several reasons listed in wp elno why we would not normally link to such sites most obviously that if there is anything that needs to be included in the article it should already be there and anything that is covered in the interview that isn t in the article should use the interview as a source and not as an external link i note you ve added links to the same website to several articles already and the inference that you re promoting this website is difficult to resist andemu,0,0
5365a1dd1fbde9d4,The restaurant is filled with raptors?  Don't want to eat there I guess.,the restaurant is filled with raptors don t want to eat there i guess,0,0
faf04bcc8e26c41c,"Wikipedia Ettiquette 

All the free porn you will ever need, you fucking dickwad, is available at www.youporn.com",wikipedia ettiquette all the free porn you will ever need you fucking dickwad is available at,1,1
b8e884ea366ade3d,"""

 Please do not vandalize pages, as you did with this edit to Hindenburg disaster. If you continue to do so, you will be blocked from editing.  Talk """,please do not vandalize pages as you did with this edit to hindenburg disaster if you continue to do so you will be blocked from editing talk,0,0
9e95df81b1fdbd19,"confusion!?! 

Hi John, i was just wondering what makes any of the following pages any more valid then the one i was editing for Northern Conquest.
Portland Naughty Dogs, San Antonio X-Factor or Orange County Bushwackers. Which from what i can see have no more right to be on wikipedia based on the reasons you gave me for the deletion of my page. If possible can you clarify what i need to make the page acceptable.
Thanks",confusion hi john i was just wondering what makes any of the following pages any more valid then the one i was editing for northern conquest portland naughty dogs san antonio x factor or orange county bushwackers which from what i can see have no more right to be on wikipedia based on the reasons you gave me for the deletion of my page if possible can you clarify what i need to make the page acceptable thanks,0,0
d7b68a7f925489c6,"Looking for Wikipedians for a User Study

Hello. I am a graduate student in the Department of Computer Science and Engineering at the University of Minnesota. We are conducting research on ways to engage content experts on Wikipedia. Previously, Wikipedia started the Adopt-a-User program to allow new users to get to know seasoned Wikipedia editors. We are interested in learning more about how this type of relationship works. Based on your editing record on Wikipedia, we thought you might be interested in participating. If chosen to participate, you will be compensated for your time. We estimate that most participants will spend an hour (over two weeks on your own time and from your own computer) on the study.  To learn more or to sign up contact KATPA at CS dot UMN dot EDU or",looking for wikipedians for a user study hello i am a graduate student in the department of computer science and engineering at the university of minnesota we are conducting research on ways to engage content experts on wikipedia previously wikipedia started the adopt a user program to allow new users to get to know seasoned wikipedia editors we are interested in learning more about how this type of relationship works based on your editing record on wikipedia we thought you might be interested in participating if chosen to participate you will be compensated for your time we estimate that most participants will spend an hour over two weeks on your own time and from your own computer on the study to learn more or to sign up contact katpa at cs dot umn dot edu or,0,0
ce4d0006ee1fc917,slap across the forehead*. There IS evidence on IGN it was added only a couple of hours ago. Maybe if you guys could just browse through IGN you might find it cuz I accidentally x'd it out and now I can't find it. In the meantime I'd greatly appreciate an admin. adding them to the list. 24.186.101.182,slap across the forehead there is evidence on ign it was added only a couple of hours ago maybe if you guys could just browse through ign you might find it cuz i accidentally x d it out and now i can t find it in the meantime i d greatly appreciate an admin adding them to the list 24 186 101 182,0,0
3bc9ebab32c799a6,"""
It is not possible to """"personally"""" attack an anonymous IP address, especially one which ironically claims a well-known national comic strip (also cited in various other places in wikipedia) is """"inconsequential"""".  """,it is not possible to personally attack an anonymous ip address especially one which ironically claims a well known national comic strip also cited in various other places in wikipedia is inconsequential,0,0
ab6cef3b9162fe0f,"""

what i was upset about was not content but behavior - namely edit-warring.  People disagree about content all the time.  What our policies and guidelines call us to do when there are disagreements about content - how to behave - , is to stop editing the article and start talking, and keep talking until there is agreement about what to do about content.  Please keep these two kinds of issues distinct.  
Most admin boards (3RR, AIV, ANI, etc) are for behavior issues.  Dispute resolution (DR) talks about how to resolve content disputes, none of which involve going to the admin boards.   
 However, none of the various DR tools are available to us until we have tried to work things out on the Talk page, and we have barely started talking there.  The """"fresh start"""" discussion on Talk is the kind of thing we do for content disputes - we back up and talk about the fundamentals of content - namely, sourcing - on the Talk page.  
 If you have a different proposal about sourcing, please make it on the Talk page.  Thanks!   """,what i was upset about was not content but behavior namely edit warring people disagree about content all the time what our policies and guidelines call us to do when there are disagreements about content how to behave is to stop editing the article and start talking and keep talking until there is agreement about what to do about content please keep these two kinds of issues distinct most admin boards 3rr aiv ani etc are for behavior issues dispute resolution dr talks about how to resolve content disputes none of which involve going to the admin boards however none of the various dr tools are available to us until we have tried to work things out on the talk page and we have barely started talking there the fresh start discussion on talk is the kind of thing we do for content disputes we back up and talk about the fundamentals of content namely sourcing on the talk page if you have a different proposal about sourcing please make it on the talk page thanks,0,1
f183b5b51c321451,"""
I disagree. The point of asking the wider community is so we can begin to work on the article that most of them prefer. If they choose the shorter version or the longer version I will be glad to help improve whichever one they choose. I just don't want to waste my time improving something that I believe is too short unless the wider community can convince me that it is preferred. If they prefer the longer version, then maybe it is you who needs convincing - let's hear from the wider community and find out the answer to that interesting and important question.   '''talk """,i disagree the point of asking the wider community is so we can begin to work on the article that most of them prefer if they choose the shorter version or the longer version i will be glad to help improve whichever one they choose i just don t want to waste my time improving something that i believe is too short unless the wider community can convince me that it is preferred if they prefer the longer version then maybe it is you who needs convincing let s hear from the wider community and find out the answer to that interesting and important question talk,0,0
8ef9d1be17667236,""" Not my concern...rules are rules.

Hannah Arendt

""""In her reporting of the Eichmann trial for The New Yorker, which evolved into Eichmann in Jerusalem: A Report on the Banality of Evil (1963), she coined the phrase """"the banality of evil"""" to describe Eichmann. She raised the question of whether evil is radical or simply a function of banality - the tendency of ordinary people to obey orders and conform to mass opinion without critically thinking about the results of their action or inaction."""" (Wikipedia)

The irony of democratic process is that if those who value it do not defend it against the onslaught of fanatics and totalitarians, it will be lostand every step of the way, the eradication of democracy will be accomplished with small, seemingly insignificant actions, justified as within the rules and laws of the democracy being slowly poisoned to death.""",not my concern rules are rules hannah arendt in her reporting of the eichmann trial for the new yorker which evolved into eichmann in jerusalem a report on the banality of evil 1963 she coined the phrase the banality of evil to describe eichmann she raised the question of whether evil is radical or simply a function of banality the tendency of ordinary people to obey orders and conform to mass opinion without critically thinking about the results of their action or inaction wikipedia the irony of democratic process is that if those who value it do not defend it against the onslaught of fanatics and totalitarians it will be lostand every step of the way the eradication of democracy will be accomplished with small seemingly insignificant actions justified as within the rules and laws of the democracy being slowly poisoned to death,0,0
e47bbc008d1f7750,"""

 Oh, for heavens' sake! 

Honestly, I'm sick of edit wars like this. Can't we just use correct English? If you are insistent on calling it """"A train station or railroad station (or, in British English, a railway station)"""" (to quote an old version of the main article), why not divide Wikipedia in two, with http://usa.wikipedia.org for those of you who believe that American English is the best form of English and http://en.wikipedia.org for those of us who like to use PROPER ENGLISH! .""",oh for heavens sake honestly i m sick of edit wars like this can t we just use correct english if you are insistent on calling it a train station or railroad station or in british english a railway station to quote an old version of the main article why not divide wikipedia in two with for those of you who believe that american english is the best form of english and for those of us who like to use proper english,0,0
201de46e9eb99156,"""

 Re: Moment of stupidity 

 (//c) lightly smacks Wafulz with a minnow. P You rogue admin, you.  (//c) """,re moment of stupidity c lightly smacks wafulz with a minnow p you rogue admin you c,1,0
5841b837ca10fb6c,"Never having done that before, I tried an experiment on my own  (talk)",never having done that before i tried an experiment on my own talk,0,0
dab3f6fb6cf7d47a,"Re your message: I see you opened an SPI on them.  I added a couple more accounts that were involved with the Bel Air, North Dakota thing.",re your message i see you opened an spi on them i added a couple more accounts that were involved with the bel air north dakota thing,0,0
f9097968262fb810,Thanks for that ) I'll check it out.,thanks for that i ll check it out,0,0
ba060c37017523ca,Don't you understand how to use an encyclopedia?86.143.221.18,don t you understand how to use an encyclopedia 86 143 221 18,0,0
606dbd3fa4d8f246,"December 2005 (UTC)

Only if two sentences remain:  one for, one against, as I discussed above.   03:35, 13",december 2005 utc only if two sentences remain one for one against as i discussed above 03 35 13,0,0
f8c7bb29283633a3,"I think it might be a good idea to get the page semi-protected, till the edits following Bianchi's death subside.",i think it might be a good idea to get the page semi protected till the edits following bianchi s death subside,0,0
ad472e5bf2c6c4b7,"Highlanders
Hey Shudde, I will have a good read of it soon. Thanks for the message.",highlanders hey shudde i will have a good read of it soon thanks for the message,0,0
176f1d6f39b689dc,Your lack of concern about others while imposing your will upon them reminds me of this:,your lack of concern about others while imposing your will upon them reminds me of this,0,0
e7fff9c187ed2233,"""

what a merry-go-around, and it will only end when Wikipedia Administration decides to enforce its policies regarding wikistalking, cyberstalking, malicious sockpuppetry, and so forth. Good Ol'Snocrates' reply here is as if a woman said """"hey officer! there's the man who stole my purse!"""" and the thief (Good Ol'SnocZop) replies, """"officer! that woman just accused me of stealing her purse! She's been saying that, ever since I stole her purse!"""" And so then the police officer turns on his heel and walks away. Would be funny as Phuket Beer if it were a Monty Python skit, like this one. But it's not a skit, it's real-life, and makes Wikipedia Administration seem duncelike. Do you all realize that GoodOl """"Gollum"""" Snocrates has managed to ban and openly harass the only two Wikipedia editors of the TL and CofCTL articles who are actually members of the church, and who both were award-winning newspaper editors-in-chief in the 1980s? and one of them created the TL article for Christ's sake! (literally). Exactly who did Snoc have to touch to get that pass? And do you realize he shows all the characteristics of a genuine arsonist? A serial and anonymous churchburner? Figure it out, kids! SnocZop has done infinitely more damage to the good people in the Temple Lot church (and there are a few in the laity) than anyone else ever has.   """,what a merry go around and it will only end when wikipedia administration decides to enforce its policies regarding wikistalking cyberstalking malicious sockpuppetry and so forth good ol snocrates reply here is as if a woman said hey officer there s the man who stole my purse and the thief good ol snoczop replies officer that woman just accused me of stealing her purse she s been saying that ever since i stole her purse and so then the police officer turns on his heel and walks away would be funny as phuket beer if it were a monty python skit like this one but it s not a skit it s real life and makes wikipedia administration seem duncelike do you all realize that goodol gollum snocrates has managed to ban and openly harass the only two wikipedia editors of the tl and cofctl articles who are actually members of the church and who both were award winning newspaper editors in chief in the 1980s and one of them created the tl article for christ s sake literally exactly who did snoc have to touch to get that pass and do you realize he shows all the characteristics of a genuine arsonist a serial and anonymous churchburner figure it out kids snoczop has done infinitely more damage to the good people in the temple lot church and there are a few in the laity than anyone else ever has,0,1
b13eee39a5299353,"You sodomites really know how to stick together....yech !!!! I never met one who was not significantly emotionally disturbed. Oh, they can function and prosper in society but when the center of your life is your perverted sex you are emotionally disturbed and after looking at your user page are no different. People like you should and someday will be destroyed. It will be a glorious day. BTW i rotate ip addresses about every 2-3 days........Keep on Suckin'

ps. have you ever thought about putting a gun to your head and giving your life to jesus? i know i could not go through life day to day looking in the mirror at that vile degenerate looking back at me.",you sodomites really know how to stick together yech i never met one who was not significantly emotionally disturbed oh they can function and prosper in society but when the center of your life is your perverted sex you are emotionally disturbed and after looking at your user page are no different people like you should and someday will be destroyed it will be a glorious day btw i rotate ip addresses about every 2 3 days keep on suckin ps have you ever thought about putting a gun to your head and giving your life to jesus i know i could not go through life day to day looking in the mirror at that vile degenerate looking back at me,1,1
0bbf3ed6e35bec78,"Hey 

if it says open, means anyone can edit it. itchy",hey if it says open means anyone can edit it itchy,0,0
aec302a8d3a8944f,"Added Jpgordon to Jewish Wikipedia Users
65.27.38.203",added jpgordon to jewish wikipedia users 65 27 38 203,0,0
8b1c47fd081f102f,Making some small changes because your locations are completely reversed. You listed north as south and west as east in relation to where Hilakku was actually situated. I'm assuming it was merely an accident.,making some small changes because your locations are completely reversed you listed north as south and west as east in relation to where hilakku was actually situated i m assuming it was merely an accident,0,0
5992d7ecdfe634e9,"""

Civil?  YOU were the one who accused ME of """"vandalism"""". The story has been reported by just about every reputable news agency. My edit may not have proper citation, but it was NOT vandalism. You are the one who leveled a false accusation and claimed the edit was """"non-constructive"""". Maybe you should look at your own faults before seeing imaginary ones in others. If you accuse me of vandalism one more time, you will be reported. Have a nice day!""",civil you were the one who accused me of vandalism the story has been reported by just about every reputable news agency my edit may not have proper citation but it was not vandalism you are the one who leveled a false accusation and claimed the edit was non constructive maybe you should look at your own faults before seeing imaginary ones in others if you accuse me of vandalism one more time you will be reported have a nice day,0,0
cfd3d077c7e0989d,"File:Insomniak2006.jpg listed for deletion 
A file that you uploaded or altered, File:Insomniak2006.jpg, has been listed at Wikipedia:Files for deletion. Please see the discussion to see why this is (you may have to search for the title of the image to find its entry), if you are interested in it not being deleted.",file insomniak2006 jpg listed for deletion a file that you uploaded or altered file insomniak2006 jpg has been listed at wikipedia files for deletion please see the discussion to see why this is you may have to search for the title of the image to find its entry if you are interested in it not being deleted,0,0
292d980a7040a5d8,"""
Specifically, I found all but one of the images in this gallery, having made a similar mistake a few days ago (see this message and it's safe to assume that the other image (the one of Fisichella and Sutil on scooters) is also from the website.  I have tagged the images for speedy deletion on the Commons, and have removed them from use on Wikipedia.(talk) """,specifically i found all but one of the images in this gallery having made a similar mistake a few days ago see this message and it s safe to assume that the other image the one of fisichella and sutil on scooters is also from the website i have tagged the images for speedy deletion on the commons and have removed them from use on wikipedia talk,0,0
e3cbe15aca289646,"""

 Another """"incorrect"""" maps 
For those who expressed an interest in the subject about """"incorrect"""" maps, here are some links to more historical maps of the same area:

 http://upload.wikimedia.org/wikipedia/ru/a/ab/Armenia.jpg
 http://upload.wikimedia.org/wikipedia/commons/d/d0/StraboArmenia.jpg

Here are some more """"incorrect"""" maps...

""",another incorrect maps for those who expressed an interest in the subject about incorrect maps here are some links to more historical maps of the same area here are some more incorrect maps,0,0
97509e8439c3952f,"Please see WP:RS, WP:CITE, WP:V, and WP:NOR.  We have a source, you have been changing cited information so that it no longer matches the citation.  This is not permitted.",please see wp rs wp cite wp v and wp nor we have a source you have been changing cited information so that it no longer matches the citation this is not permitted,0,0
cf368a3651244f77,"Yes, there is.  At the end of the second paragraph of Study Tech would you add this reference, please. [http://www.studytechnology.org/ Official Study Tech] because that will present the official study tech first in the list of references and is appropriate to the statements in the article.  If that is done then the first exterior link (which is that link) can be deleted.  Thank you and is an outside point of view needed in an article, elsewhere?",yes there is at the end of the second paragraph of study tech would you add this reference please official study tech because that will present the official study tech first in the list of references and is appropriate to the statements in the article if that is done then the first exterior link which is that link can be deleted thank you and is an outside point of view needed in an article elsewhere,0,0
c78c8b1c2cf553fa,"""

 Rashi picture 

Although I think the picture is very nice, it is a copyright violation. The picture's supposed source states: """"No part of this web site may be reproduced in any form or by any means without written permission."""" A proper (scholarly) source needs to be found, which gives the name of the artists who drew it and when the work was first created.  """,rashi picture although i think the picture is very nice it is a copyright violation the picture s supposed source states no part of this web site may be reproduced in any form or by any means without written permission a proper scholarly source needs to be found which gives the name of the artists who drew it and when the work was first created,0,0
ab793ef21c271ed5,"I plan to ask the Desert Rat to do just that. Also, I plan to do some other things as well.",i plan to ask the desert rat to do just that also i plan to do some other things as well,0,0
467867fe24186953,"""
Welcome!

Hello, , and welcome to Wikipedia! Thank you for your contributions. I hope you like the place and decide to stay. Here are some pages that you might find helpful:
The five pillars of Wikipedia
Tutorial
How to edit a page
How to write a great article
Manual of Style
I hope you enjoy editing here and being a Wikipedian! Please sign your messages on discussion pages using four tildes (~~~~); this will automatically insert your username and the date. If you need help, check out Wikipedia:Questions, ask me on , or ask your question and then place {{helpme}} before the question on your talk page. Again, welcome!    
Your rollback request
Hi! I regret that I must inform you that your request for the rollback permission has been denied. You can discover why by checking the archives at Wikipedia:Requests for permissions/Denied/December 2008#Chhe.   

Italics
Hi there! I've been coming across your recent contributions on plant species. Good work so far! I see one of the references you're using is from Timber Press - I've adored that publisher for quite some time (and they have quite a bit of my money). Anyway, I was wondering if you could pay close attention to italicization of species and genera when you write your articles; it would be a big help. Thanks! Cheers,   
Oops, sorry, one more thing. Also kindly watch the overlinking. I've counted at least three links to genus in the same paragraph. The first mention of the term is all that requires linking. Cheers,   

 Thank you! 

..for clarifying when the ceasefire was first broken!   

 Invitation to join the Science Debate Forum 

Hello, 

I am  and I would like to invite you to join the Science Debate Forum.  It is open to anyone who has an interest in science, and is completely free.  We have a welcoming community and discussion forums in all subjects ranging from cosmology to physics to politics.  In general it is a great discussion board that fits all scientific interests.  

Thanks,
- (T C)  
Image tagging for File:Bertoloni.jpg
Thanks for uploading File:Bertoloni.jpg. You don't seem to have said where the image came from or who created it.  We require this information to verify that the image is legally usable on Wikipedia, and because most image licenses require giving credit to the image's creator.

To add this information, click on this link, then click """"Edit this page"""" and add the information to the image's description.  If you need help, post your question on Wikipedia:Media copyright questions.

For more information on using images, see the following pages:
 Wikipedia:Image use policy
 Wikipedia:Image copyright tags

Thank you for your cooperation.   
Image tagging for File:KarlKoch.jpg
Thanks for uploading File:KarlKoch.jpg. You don't seem to have said where the image came from or who created it.  We require this information to verify that the image is legally usable on Wikipedia, and because most image licenses require giving credit to the image's creator.

To add this information, click on this link, th",welcome hello and welcome to wikipedia thank you for your contributions i hope you like the place and decide to stay here are some pages that you might find helpful the five pillars of wikipedia tutorial how to edit a page how to write a great article manual of style i hope you enjoy editing here and being a wikipedian please sign your messages on discussion pages using four tildes this will automatically insert your username and the date if you need help check out wikipedia questions ask me on or ask your question and then place helpme before the question on your talk page again welcome your rollback request hi i regret that i must inform you that your request for the rollback permission has been denied you can discover why by checking the archives at wikipedia requests for permissions denied december 2008 chhe italics hi there i ve been coming across your recent contributions on plant species good work so far i see one of the references you re using is from timber press i ve adored that publisher for quite some time and they have quite a bit of my money anyway i was wondering if you could pay close attention to italicization of species and genera when you write your articles it would be a big help thanks cheers oops sorry one more thing also kindly watch the overlinking i ve counted at least three links to genus in the same paragraph the first mention of the term is all that requires linking cheers thank you for clarifying when the ceasefire was first broken invitation to join the science debate forum hello i am and i would like to invite you to join the science debate forum it is open to anyone who has an interest in science and is completely free we have a welcoming community and discussion forums in all subjects ranging from cosmology to physics to politics in general it is a great discussion board that fits all scientific interests thanks t c image tagging for file bertoloni jpg thanks for uploading file bertoloni jpg you don t seem to have said where the image came from or who created it we require this information to verify that the image is legally usable on wikipedia and because most image licenses require giving credit to the image s creator to add this information click on this link then click edit this page and add the information to the image s description if you need help post your question on wikipedia media copyright questions for more information on using images see the following pages wikipedia image use policy wikipedia image copyright tags thank you for your cooperation image tagging for file karlkoch jpg thanks for uploading file karlkoch jpg you don t seem to have said where the image came from or who created it we require this information to verify that the image is legally usable on wikipedia and because most image licenses require giving credit to the image s creator to add this information click on this link th,0,1
6589901d447d2994,"Impration 

I think the first half of the article excluding the intro. is good.  The modern devices section needs a lot of work though.   (talk) (Contrib)",impration i think the first half of the article excluding the intro is good the modern devices section needs a lot of work though talk contrib,0,0
847c8fa4cd2df64c,"""
Hi Fridae'sDoom, thanks for improving this article. There are further comments from me and others that need to be addressed, see Did You Know nominations page. On a personal note, such a large and importunate """"stop"""" sign for people editing your talk page might give the impression that you do not want to communicate.""",hi fridae sdoom thanks for improving this article there are further comments from me and others that need to be addressed see did you know nominations page on a personal note such a large and importunate stop sign for people editing your talk page might give the impression that you do not want to communicate,0,0
5226e404de5dd9d5,"You Blocked Me
Canadian Caeser you blocked me on March 9 due to an edit conflict with  April 4, 2007.",you blocked me canadian caeser you blocked me on march 9 due to an edit conflict with april 4 2007,0,0
efafc040427d89a3,"""Whoa whoa whoa! You're making a huge leap in saying """"They merely list it under that category because they realize some ppl label them"""" that is blatant original research! The fact is that the site clearly says Christian rock as the category. I have never NOT acknowledged that the site lists other elements that their genres draw from, again a band can encompass multiple genres. No need to be so bitter.  

""",whoa whoa whoa you re making a huge leap in saying they merely list it under that category because they realize some ppl label them that is blatant original research the fact is that the site clearly says christian rock as the category i have never not acknowledged that the site lists other elements that their genres draw from again a band can encompass multiple genres no need to be so bitter,0,0
30fc81f5e90c7d59,"""

 Russians in Georgia 

First, here's some statistics (all the Soviet censuses) for Georgia proper, South Ossetia and Abkhazia. It's in Russian but you shouldn't have any difficulties with these tables (Russians are """"русские"""" in Russian, just find appropriate columns).

Georgia

Ethnic Russians appeared in Georgia in significant numbers after Georgia became part of the Russian Empire in 1803 (Kartli and Kakheti) - 1878 (Ajara). There were 79082 and 19273 people who indicated Russian as their mother language in Tiflis Governorate  and Kutais Governorate  respectively. Dukhobors have to be mentioned as well.

As you can see from the census data the Russian population had risen from 83 to the maximum of 319 thousand between 1926 and 1959 and then began to decline slowly to 266 thousand in 1989. Migration and lower birth rates were the main reasons of this decline.

Obviously, many Russians left Georgia during the 1990s due to economic hardships (mainly, imho) and other reasons.

Abkhazia
...""",russians in georgia first here s some statistics all the soviet censuses for georgia proper south ossetia and abkhazia it s in russian but you shouldn t have any difficulties with these tables russians are in russian just find appropriate columns georgia ethnic russians appeared in georgia in significant numbers after georgia became part of the russian empire in 1803 kartli and kakheti 1878 ajara there were 79082 and 19273 people who indicated russian as their mother language in tiflis governorate and kutais governorate respectively dukhobors have to be mentioned as well as you can see from the census data the russian population had risen from 83 to the maximum of 319 thousand between 1926 and 1959 and then began to decline slowly to 266 thousand in 1989 migration and lower birth rates were the main reasons of this decline obviously many russians left georgia during the 1990s due to economic hardships mainly imho and other reasons abkhazia,0,1
3c317a5401a87247,"""

 Please do not vandalize pages, as you did with this edit to Exxon Valdez oil spill. If you continue to do so, you will be blocked from editing.  gabsadds """,please do not vandalize pages as you did with this edit to exxon valdez oil spill if you continue to do so you will be blocked from editing gabsadds,0,0
b706dc96a4ab4cfa,"""
""""Ovaj jezik se ne govori u Hrvatskoj"""" would be how the IP's sentence would look in the Croatian standard, while """"Ovaj jezik se ne govori u Hrvatskoj"""" is how it would be written in the Serbo-Croatian standard prior to the 1990 split. Did you note the difference? )  (TALK) """,ovaj jezik se ne govori u hrvatskoj would be how the ip s sentence would look in the croatian standard while ovaj jezik se ne govori u hrvatskoj is how it would be written in the serbo croatian standard prior to the 1990 split did you note the difference talk,0,0
495013289a6a7d34,"Since the one article is merely a definition anyway, I wiI will redirect the",since the one article is merely a definition anyway i wii will redirect the,0,0
d9d5c555816f4871,"Hey! I love the series. alright, Ian",hey i love the series alright ian,0,0
89c4865f1334b4da,"777 Who is IAN? 

IAN THOMPSON'S SATANISM = 777 in multiples of 3
IAN SCARED OF S M'S TALK JEHOVAH = 777 in multiples of 3
SEVEN SEVEN SEVEN TRUE = 777 in multiples of 3
TRIPLE SEVEN IS GOD WORD = 777 in multiples of 3
THE ALPHANUMERICS OF YAH = 777 in multiples of 3
YEHOVAH GOD IS VERY GREAT = 777 in multiples of 3
YEHOVAH IS TRULY GREAT = 777 in multiples of 3
YEHOVAH LOVES YESHUWA = 777 in multiples of 3
YESHUWA IS TRULY GREAT = 777 in multiples of 3
YESHUWA FIRST CREATION = 777 in multiples of 3
YEHOVAH IS YESHUWA'S GOD = 777 in multiples of 3
A TRINITY DOCTRINE IS A LIE = 777 in multiples of 3
YESHUWA HAMASHEA IS GOD'S LAMB = 777 in multiples of 3
HAMASHEA IS WAY Y-H SPELL IT = 777 in multiples of 3
CHRISTIAN RELIGION IS GOOD = 777 in multiples of 3
CHURCHES ARE TRAPS OF SATAN = 777 in multiples of 3
KINGDOM HALLS ARE NOT CHURCH = 777 in multiples of 3
REAL SATAN IS CAIN = 777 in multiples of 3 reverse order
YESHUWA LOVES WITNESSES = 777 in multiples of 3 reverse order

Verify these results at www (dot) 666myth (dot) com

See: tinyurl (dot) com (forward slash) where-is-samael
See: tinyurl (dot) com (forward slash) proof-sams-the-beast
See: tinyurl (dot) com (forward slash) who-is-samael
See: tinyurl (dot) com (forward slash) chip-in-the-hand

http://www.infowars.com/libya-berlusconi-backs-nato-strikes-by-italy-jets/
See Joe Gardener posts on this link.......",777 who is ian ian thompson s satanism 777 in multiples of 3 ian scared of s m s talk jehovah 777 in multiples of 3 seven seven seven true 777 in multiples of 3 triple seven is god word 777 in multiples of 3 the alphanumerics of yah 777 in multiples of 3 yehovah god is very great 777 in multiples of 3 yehovah is truly great 777 in multiples of 3 yehovah loves yeshuwa 777 in multiples of 3 yeshuwa is truly great 777 in multiples of 3 yeshuwa first creation 777 in multiples of 3 yehovah is yeshuwa s god 777 in multiples of 3 a trinity doctrine is a lie 777 in multiples of 3 yeshuwa hamashea is god s lamb 777 in multiples of 3 hamashea is way y h spell it 777 in multiples of 3 christian religion is good 777 in multiples of 3 churches are traps of satan 777 in multiples of 3 kingdom halls are not church 777 in multiples of 3 real satan is cain 777 in multiples of 3 reverse order yeshuwa loves witnesses 777 in multiples of 3 reverse order verify these results at www dot 666myth dot com see tinyurl dot com forward slash where is samael see tinyurl dot com forward slash proof sams the beast see tinyurl dot com forward slash who is samael see tinyurl dot com forward slash chip in the hand see joe gardener posts on this link,0,1
cac8a49504d90696,"{{unblock|The comments were completely out of line, and I did strike them  http://en.wikipedia.org/w/index.php?title=User_talk:Frank_Pais&diff;=prev&oldid;=315198645 shortly after making them due to their gross inappropriateness. I had already expressed contrition here:[]. I am truly sorry. I know that it is unusual and generally frowned on to point out the provokation of others, but Frank Pais here insinuated that I was a fascist, attacked me for my spelling, and made apersonal attack based on my name [] to whichIi left this warning allowing him to clear the air []. His response was to come to my talk page, mention family members and make a clumsy, hamfisted inplication that I was a Klansman while feigning innocence: []. I was wrong to reply to this provocation. As far as the Point question and edit warring, I was wrong there, too. I would be willing to sit out a while, and cool off some.It is problematic that editors can run to ANI (or follow others there) and play the part of the angel. As I said, I am sorry for the comment. I did strike it. I exressed contrition and asked another user to mediate, and I don´t know anyhting else to do about that. Context is not an excuse, but it is context. Sorry folks, I lost it. Won´t say that again.",unblock the comments were completely out of line and i did strike them shortly after making them due to their gross inappropriateness i had already expressed contrition here i am truly sorry i know that it is unusual and generally frowned on to point out the provokation of others but frank pais here insinuated that i was a fascist attacked me for my spelling and made apersonal attack based on my name to whichii left this warning allowing him to clear the air his response was to come to my talk page mention family members and make a clumsy hamfisted inplication that i was a klansman while feigning innocence i was wrong to reply to this provocation as far as the point question and edit warring i was wrong there too i would be willing to sit out a while and cool off some it is problematic that editors can run to ani or follow others there and play the part of the angel as i said i am sorry for the comment i did strike it i exressed contrition and asked another user to mediate and i don t know anyhting else to do about that context is not an excuse but it is context sorry folks i lost it won t say that again,0,1
a0896fcca613b131,"""
@Jclemens:   I have no objection to a """"List of notable ex-gay people"""".  Of course, it would have to conform to BLP and LISTPEOPLE policies.  But the list is currently titled """"People associated with the ex-gay movement"""", and that means there is a movement, and we need secondary sources that make the association between the person and the movement ... for an editor to make that association is Original Research, plain and simple.     """,jclemens i have no objection to a list of notable ex gay people of course it would have to conform to blp and listpeople policies but the list is currently titled people associated with the ex gay movement and that means there is a movement and we need secondary sources that make the association between the person and the movement for an editor to make that association is original research plain and simple,0,0
4ab41d4570219461,I am a power hungry administrator! Who likes to suck cock!,i am a power hungry administrator who likes to suck cock,1,1
1d003e5eb61a6dfc,"""

 Request for edit summary 

When editing an article on Wikipedia there is a small field labelled """"Edit summary"""" under the main edit-box. It looks like this: The text written here will appear on the Recent changes page, in the page revision history, on the diff page, and in the watchlists of users who are watching that article. See m:Help:Edit summary for full information on this feature.When you leave the edit summary blank, some of your edits could be mistaken for vandalism and may be reverted, so please always briefly summarize your edits, especially when you are making subtle but important changes, like changing dates or numbers. Thank you.   –   """,request for edit summary when editing an article on wikipedia there is a small field labelled edit summary under the main edit box it looks like this the text written here will appear on the recent changes page in the page revision history on the diff page and in the watchlists of users who are watching that article see m help edit summary for full information on this feature when you leave the edit summary blank some of your edits could be mistaken for vandalism and may be reverted so please always briefly summarize your edits especially when you are making subtle but important changes like changing dates or numbers thank you,0,0
1399d55b290afef1,"""

 Hanley Vandal 

I'd just report them straight to [WP:AIV]] right now. Just my opinion.   the legend reborn... """,hanley vandal i d just report them straight to wp aiv right now just my opinion the legend reborn,0,0
7e90f45edee15eaa,"""

CineVoter

  You voted for the Cinema Collaboration of the week, and it has been chosen as The Maltese Falcon (1941 film).Please help improve it to match the quality of an ideal Wikipedia film article.  """,cinevoter you voted for the cinema collaboration of the week and it has been chosen as the maltese falcon 1941 film please help improve it to match the quality of an ideal wikipedia film article,0,0
d3343200f4a61e1b,"Robert Blake (Aninote) 

It's not an advertisement... The site doesn't even EXIST any more. Check the sources!",robert blake aninote it s not an advertisement the site doesn t even exist any more check the sources,0,0
f7c49d9bd3bba6aa,"Dont hit me below the belt when you know you have administrators on your side, that's a big nono, faul, red card!",dont hit me below the belt when you know you have administrators on your side that s a big nono faul red card,0,0
3841848e51501522,"Images Censorship 

It seems to me that the images here are purposely chosen in order not to show any nudity. Wikipedia is not suppose to be censored. 74.89.58.36",images censorship it seems to me that the images here are purposely chosen in order not to show any nudity wikipedia is not suppose to be censored 74 89 58 36,0,0
eafc5fc23e4ce0a7,"Leaving aside questions of viewpoint, I think that level of detail belongs in History of Christianity or Early Christianity. Incidently, is History of Christianity/Jesus, pre-4th century Christianity, and syncretism a subpage?  Talk",leaving aside questions of viewpoint i think that level of detail belongs in history of christianity or early christianity incidently is history of christianity jesus pre 4th century christianity and syncretism a subpage talk,0,0
c807e61314740a4a,"Sorry 

Hey mate, I am sorry about what Michaeldsuarez is doing here. The sooner Wikipedia Admins see him as a troll, the better. Prehaps he is upset because he is banned on a Wikia, or because when his named gets typed up on Google, a Facebook group comes up on the first page (Sometimes the second) about people have intercourse with his mother. Either way just ignore him.",sorry hey mate i am sorry about what michaeldsuarez is doing here the sooner wikipedia admins see him as a troll the better prehaps he is upset because he is banned on a wikia or because when his named gets typed up on google a facebook group comes up on the first page sometimes the second about people have intercourse with his mother either way just ignore him,0,0
cc397ae2416329da,""" (UTC)

Articles about colleges are not the right place for articles and information about high schools.                     ~Rayvn  15:26, 12 May 2015""",utc articles about colleges are not the right place for articles and information about high schools rayvn 15 26 12 may 2015,0,0
44a45be6bd195ed4,"Please dont change Prince Remigius Jerry Kanagarajah,s page, Becauase he his the Prince of Jaffna. No one as right to change his page",please dont change prince remigius jerry kanagarajah s page becauase he his the prince of jaffna no one as right to change his page,0,0
05b1061e5e6a19d9,"What the above means is that edits like this are generally frowned upon ) Please contribute constructively. Cheers,— • (yo?); November 29, 2011; 13:07 (UTC)",what the above means is that edits like this are generally frowned upon please contribute constructively cheers yo november 29 2011 13 07 utc,0,0
4be5b623dbf9f880,"This guy is really cool
derr ka derr...",this guy is really cool derr ka derr,0,0
a686d7fd2a3742dd,"""

What was that crap on Eisenhower? He was a bum who played golf constantly while Nixon ran the country. Where did you study English? """"An Historic""""? 
Dumb bastard, learn the basics of grammar. You probably pronounce literaly """"Litrally"""", Right? How chic,. Crackpots my ass, pull your head out of your ass...""",what was that crap on eisenhower he was a bum who played golf constantly while nixon ran the country where did you study english an historic dumb bastard learn the basics of grammar you probably pronounce literaly litrally right how chic crackpots my ass pull your head out of your ass,1,1
da3db74aefb75ef3,"Off the top of my head, these would all be useful additions. Maybe a slightly longer quotation from Isaiah Berlin, who also wrote quite a bit of interest on Hume, and is a rather notable historian of philosophy.",off the top of my head these would all be useful additions maybe a slightly longer quotation from isaiah berlin who also wrote quite a bit of interest on hume and is a rather notable historian of philosophy,0,0
323a69b7392b9af7,"you suck 

You suck gurch",you suck you suck gurch,1,1
4c583359c88b8e3c,"""
 Black Liberation Theology 
Why is WIkipedia, on a macro level, going out of its way to baste up Palin's religious information (i.e. her church with being 'saved', creationism, speaking in tongues) when Obama's core of black liberation theology, and the term """"black liberation theology"""" is left out completely?  On a micro level, I understand the common excuse """"well thats over THERE, and this is HERE.  Thats a different article"""".  But that excuse is PRECISELY THE POINT.  When you use excuses like that to stuff wikipedia with bias you have a systemic problem on a macro level.  I know many of you are involved in stuffing Palin while protecting Obama.  How come the term """"black liberation theology"""" isn't found in this article?""",black liberation theology why is wikipedia on a macro level going out of its way to baste up palin s religious information i e her church with being saved creationism speaking in tongues when obama s core of black liberation theology and the term black liberation theology is left out completely on a micro level i understand the common excuse well thats over there and this is here thats a different article but that excuse is precisely the point when you use excuses like that to stuff wikipedia with bias you have a systemic problem on a macro level i know many of you are involved in stuffing palin while protecting obama how come the term black liberation theology isn t found in this article,0,0
51b2864819b7373b,"Ganesh is not a newcomer; he's been here since 2009.  Since many years before then I've been all too familiar with his activities elsewhere on the Internet, and can very confidently endorse Sitush's assessment of the present situation. —",ganesh is not a newcomer he s been here since 2009 since many years before then i ve been all too familiar with his activities elsewhere on the internet and can very confidently endorse sitush s assessment of the present situation,0,0
ff4eb629bb10208f,"""
You've got no call to start attacking me ad hominem. I know damned well how to use the history and talk pages. As for """"shoddy"""" research, I (like many others) consider the school's own style guide to be the final word on the issue. The school's publications are entirely consistent with this. Anyway, I'm through with this. You obviously care about this WAY more than anyone else, I'm sure others will come along and make this correction repeatedly until you back down, since the public style guide is probably what most people will consider the ultimate authority on this. Don't bother messaging me back, I don't care that much.   """,you ve got no call to start attacking me ad hominem i know damned well how to use the history and talk pages as for shoddy research i like many others consider the school s own style guide to be the final word on the issue the school s publications are entirely consistent with this anyway i m through with this you obviously care about this way more than anyone else i m sure others will come along and make this correction repeatedly until you back down since the public style guide is probably what most people will consider the ultimate authority on this don t bother messaging me back i don t care that much,0,0
63c44599fce8f0c2,"Basically, homosexuality lowers productivity, which, through natrual law, would make it a disorder.",basically homosexuality lowers productivity which through natrual law would make it a disorder,1,1
c48fef7588cb1540,"""

Technically he shouldn't even be talking to you, me or any unmarried female if he's so fundamentalist that he thinks human arms are """"obscene""""  (Α⇔Ω ¦ ⇒✉) """,technically he shouldn t even be talking to you me or any unmarried female if he s so fundamentalist that he thinks human arms are obscene,0,0
2025d94c03706d20,"""
""""Cough CPR"""" does work in a controlled environment like the cath lab, but I agree it was a hoax. Cough CPR is for the supine patient on the cardiac monitor who is being coached by medical professionals to buy a little time while they attach and charge up the defibrillator. In other words, they see VF on the monitor and coach you to cough. How would you know you were in VF? By the time you figured it out you would be unconscious, especially if you were standing up.  MoodyGroove""",cough cpr does work in a controlled environment like the cath lab but i agree it was a hoax cough cpr is for the supine patient on the cardiac monitor who is being coached by medical professionals to buy a little time while they attach and charge up the defibrillator in other words they see vf on the monitor and coach you to cough how would you know you were in vf by the time you figured it out you would be unconscious especially if you were standing up moodygroove,0,0
0a35021b27e62631,"Filter 

Hi JPS. There is a filter prohibiting me from labelling you as a paedophile. Please remove it. Thanks 79.75.171.79",filter hi jps there is a filter prohibiting me from labelling you as a paedophile please remove it thanks 79 75 171 79,0,0
4c259a128cf61ae9,"Please, avoid foul language. 189.7.44.220",please avoid foul language 189 7 44 220,0,0
7eb6759e84439bc9,"UNFAIRLY BLOCKED

I have been unfairly blocked, User:Bsadowski emailed me calling me a bin-dipping, shoe-stealing fool or something, he's framed me. Don't let assumptions get in the way of common sense. Wikipedia is politically correct and full of no-life stalker admins. Gwern is a criminal.",unfairly blocked i have been unfairly blocked user bsadowski emailed me calling me a bin dipping shoe stealing fool or something he s framed me don t let assumptions get in the way of common sense wikipedia is politically correct and full of no life stalker admins gwern is a criminal,0,1
9d477884d2d39637,"""

Yeah, I totally agree with the final episode information being remmoved, merged into episode article or merged into """"Plots"""". It doesn't make any sense to have a sub-section on its own. I actually proposed this weeks ago, but got no feedback on it, hence Merging finale and plots.  01:06, Jun 3, 2005 (UTC)""",yeah i totally agree with the final episode information being remmoved merged into episode article or merged into plots it doesn t make any sense to have a sub section on its own i actually proposed this weeks ago but got no feedback on it hence merging finale and plots 01 06 jun 3 2005 utc,0,0
e349d5f36ccaa758,"""
You said, """"I think the more we recognize quality content from the newest Wikipedians the more likely they are to feel welcome and keep coming back."""" I couldn't agree with you more. I will nominate good articles from other users. I have one nomination from a new contributor that ready to be featured in one of the next groups.  """,you said i think the more we recognize quality content from the newest wikipedians the more likely they are to feel welcome and keep coming back i couldn t agree with you more i will nominate good articles from other users i have one nomination from a new contributor that ready to be featured in one of the next groups,0,0
1ad5213c72bb8fd2,"""

 Edit request from BravesFan2006, 3 May 2010 

""""Gimmie That Girl"""" spends its 2nd week at #1 for the chart week of May 15, 2010. Please add the May 15th entry. Thanks!!

  
BravesFan2006""",edit request from bravesfan2006 3 may 2010 gimmie that girl spends its 2nd week at 1 for the chart week of may 15 2010 please add the may 15th entry thanks bravesfan2006,0,0
e4123f0fc5be7645,"Well done, I'll pass it now. It could be worth a shot at FAC one day.  (talk · contribs)",well done i ll pass it now it could be worth a shot at fac one day talk contribs,0,0
b7a3d42269ee2650,"""

Image copyright problem with Image:Veggos.jpg
 
Thanks for uploading Image:Veggos.jpg. However, the image may soon be deleted unless we can determine the copyright holder and copyright status. The Wikimedia Foundation is very careful about the images included in Wikipedia because of copyright law (see Wikipedia's Copyright policy).

The copyright holder is usually the creator, the creator's employer, or the last person who was transferred ownership rights. Copyright information on images is signified using copyright templates. The three basic license types on Wikipedia are open content, public domain, and fair use. Find the appropriate template in Wikipedia:Image copyright tags and place it on the image page like this: {{TemplateName}}.

Please signify the copyright information on any other images you have uploaded or will upload. Remember that images without this important information can be deleted by an administrator. If you have any questions, feel free to contact me, or ask them at the Media copyright questions page. Thank you.  (talk) """,image copyright problem with image veggos jpg thanks for uploading image veggos jpg however the image may soon be deleted unless we can determine the copyright holder and copyright status the wikimedia foundation is very careful about the images included in wikipedia because of copyright law see wikipedia s copyright policy the copyright holder is usually the creator the creator s employer or the last person who was transferred ownership rights copyright information on images is signified using copyright templates the three basic license types on wikipedia are open content public domain and fair use find the appropriate template in wikipedia image copyright tags and place it on the image page like this templatename please signify the copyright information on any other images you have uploaded or will upload remember that images without this important information can be deleted by an administrator if you have any questions feel free to contact me or ask them at the media copyright questions page thank you talk,0,0
7397dc56f2b1bd5c,"Stop writing opinionated graffitti 
Regarding your opinion on David Duke, not needed. Wikipedia is not the place to voice your opinions. You'll need to find a forum if that is what you want to do.",stop writing opinionated graffitti regarding your opinion on david duke not needed wikipedia is not the place to voice your opinions you ll need to find a forum if that is what you want to do,0,0
455e99e03a243fdf,"Moving details below
I think the details regarding the official reason provided by Israel from banning him from Israel should be moved to the section below, per WP:UNDUE. It is sufficiently notable to be mentioned in the introduction, in a slightly shorter form, only because it inhibits his humanitarian work in Palestine (for which he is known), but in itself being banned from entering Israel by the far right government there is not taken seriously anywhere else in the world, as they routinely ban academics or Nobel laureates who criticize them as well. I have no problem with including the fact that Israel says the reason was contact with Hamas leaders below (which is hardly considered a very strong or sensational accusation, as they are the governing party there and considering the fact that Norwegian conservative politicians also have meetings with Hamas, and having contact with Hamas is hardly considered any more controversial than meeting their Israeli counterparts in the Israeli government).",moving details below i think the details regarding the official reason provided by israel from banning him from israel should be moved to the section below per wp undue it is sufficiently notable to be mentioned in the introduction in a slightly shorter form only because it inhibits his humanitarian work in palestine for which he is known but in itself being banned from entering israel by the far right government there is not taken seriously anywhere else in the world as they routinely ban academics or nobel laureates who criticize them as well i have no problem with including the fact that israel says the reason was contact with hamas leaders below which is hardly considered a very strong or sensational accusation as they are the governing party there and considering the fact that norwegian conservative politicians also have meetings with hamas and having contact with hamas is hardly considered any more controversial than meeting their israeli counterparts in the israeli government,0,0
597e86813d97b3c4,That clown guy sucks major cock. User:Daniel,that clown guy sucks major cock user daniel,1,1
74c70f2eff9f3add,"Time for a WIKI investigation here. It is no secret Admins work for pay and this is as bad as it gets. I believe I could find at very least a dozen references for the main criminal, Mr. Bermender. Purely laughable in that Mr. Bermender's ad for affilates isn't good enough for this admin.",time for a wiki investigation here it is no secret admins work for pay and this is as bad as it gets i believe i could find at very least a dozen references for the main criminal mr bermender purely laughable in that mr bermender s ad for affilates isn t good enough for this admin,0,0
33f4b13895a6bcda,"Well they are here because they are in that category. The only reason you don't want them here is because you are a member of the cc and you don't want you sites listed, thats it.",well they are here because they are in that category the only reason you don t want them here is because you are a member of the cc and you don t want you sites listed thats it,0,0
c507f5cb231dab70,"Military History 

Why is this article featured on the militart history project? There were no military conflicts between the Soviets and the Americans during that time.",military history why is this article featured on the militart history project there were no military conflicts between the soviets and the americans during that time,0,0
f9d9257746404062,"Capital letter for the theorem name 
Just wanted to know why some people apply the capital letter for a theorem name, while some don't. Is there any standard which applies for this case ?",capital letter for the theorem name just wanted to know why some people apply the capital letter for a theorem name while some don t is there any standard which applies for this case,0,0
34863bdccd8516a9,Don't ask me-don't know.,don t ask me don t know,0,0
7702767ba58a6a9b,Is this plant toxic/poisonious to birds?  If you have the answer please email me at; Animal_Freak_309@hotmail.com,is this plant toxic poisonious to birds if you have the answer please email me at animal freak 309 hotmail com,0,0
3eadd62264baa848,|decline=Fucking bellend —,decline fucking bellend,1,1
d42e86cbdec5bd87,"shut the fuck up u big dumb bitch ass pussy. i fucked yo wife nigga, done.",shut the fuck up u big dumb bitch ass pussy i fucked yo wife nigga done,1,1
d966612de238ab9e,"""
You seriously think that describing spray painting graffiti in a subway station as vandalism is """"loaded and POV""""?   """,you seriously think that describing spray painting graffiti in a subway station as vandalism is loaded and pov,0,0
0972dc6329074c55,"""

 Van Tuong Nguyen 

You protected this page claiming """"persistent sockpuppetry"""".  There is no such thing.  You should not give dishonest justifications when in fact you seem to be protecting it to give the upper hand to one side in a content dispute. 2.220.204.70  """,van tuong nguyen you protected this page claiming persistent sockpuppetry there is no such thing you should not give dishonest justifications when in fact you seem to be protecting it to give the upper hand to one side in a content dispute 2 220 204 70,0,0
969b55cf705cb672,"HOW MANY PALESTINIAN CHILDREN HAVE YOU SLAUGHTERED TODAY, YOU HOOKNOSE DEVIL??",how many palestinian children have you slaughtered today you hooknose devil,1,1
21689c152297257c,"""

Speedy deletion of Howevercomma
 A tag has been placed on Howevercomma, requesting that it be speedily deleted from Wikipedia. This has been done under section G1 of the criteria for speedy deletion, because the page appears to have no meaningful content or history, and the text is unsalvageably incoherent. If the page you created was a test, please use the sandbox for any other experiments you would like to do. Feel free to leave a message on my talk page if you have any questions about this. 

If you think that this notice was placed here in error, you may contest the deletion by adding  to the top of the page (just below the existing speedy deletion or """"db"""" tag), coupled with adding a note on the article's talk page explaining your position, but be aware that once tagged for speedy deletion, if the article meets the criterion it may be deleted without delay. Please do not remove the speedy deletion tag yourself, but don't hesitate to add information to the article that would would render it more in conformance with Wikipedia's policies and guidelines. Yngvarr  """,speedy deletion of howevercomma a tag has been placed on howevercomma requesting that it be speedily deleted from wikipedia this has been done under section g1 of the criteria for speedy deletion because the page appears to have no meaningful content or history and the text is unsalvageably incoherent if the page you created was a test please use the sandbox for any other experiments you would like to do feel free to leave a message on my talk page if you have any questions about this if you think that this notice was placed here in error you may contest the deletion by adding to the top of the page just below the existing speedy deletion or db tag coupled with adding a note on the article s talk page explaining your position but be aware that once tagged for speedy deletion if the article meets the criterion it may be deleted without delay please do not remove the speedy deletion tag yourself but don t hesitate to add information to the article that would would render it more in conformance with wikipedia s policies and guidelines yngvarr,0,1
073debb08319ff7d,"A tag has been placed on OneClickJob.com, requesting that it be speedily deleted from Wikipedia. This has been done because the article seems to be about a person, group of people, band, club, company, or web content, but it does not indicate how or why the subject is notable, that is, why an article about that subject should be included in Wikipedia. Under the criteria for speedy deletion, articles that do not assert notability may be deleted at any time. Please see the guidelines for what is generally accepted as notable, and if you can indicate why the subject of this article is notable, you may contest the tagging. To do this, add  on the top of the page and leave a note on the article's talk page explaining your position. Please do not remove the speedy deletion tag yourself, but don't hesitate to add information to the article that would confirm its subject's notability under the guidelines.

For guidelines on specific types of articles, you may want to check out our criteria for biographies, for web sites, for bands, or for companies. Feel free to leave a note on my talk page if you have any questions about this.",a tag has been placed on oneclickjob com requesting that it be speedily deleted from wikipedia this has been done because the article seems to be about a person group of people band club company or web content but it does not indicate how or why the subject is notable that is why an article about that subject should be included in wikipedia under the criteria for speedy deletion articles that do not assert notability may be deleted at any time please see the guidelines for what is generally accepted as notable and if you can indicate why the subject of this article is notable you may contest the tagging to do this add on the top of the page and leave a note on the article s talk page explaining your position please do not remove the speedy deletion tag yourself but don t hesitate to add information to the article that would confirm its subject s notability under the guidelines for guidelines on specific types of articles you may want to check out our criteria for biographies for web sites for bands or for companies feel free to leave a note on my talk page if you have any questions about this,0,1
49de41d231885ec1,"Lying Emeraude, you know damn well that John Tyndall is dead, the BNP now has Jewish members, and supports Israel. Also, I deleted the policies section as it is obviously far-left biased. And if you seek to ban me like the fascist you are, I have more accounts older than 4 days. Good day, and I hope you will soon overcome your mental disorder of communism, which has never worked, and never will.",lying emeraude you know damn well that john tyndall is dead the bnp now has jewish members and supports israel also i deleted the policies section as it is obviously far left biased and if you seek to ban me like the fascist you are i have more accounts older than 4 days good day and i hope you will soon overcome your mental disorder of communism which has never worked and never will,0,1
3e4c444282eac864,I already took off the deletion tag.  Thanks.  I also moved the title...wonder if the url will update from an admin?,i already took off the deletion tag thanks i also moved the title wonder if the url will update from an admin,0,0
25a768a00a6be6a2,")

What are you doing??? One topic at a time!   13:29, 12 February 2009 (UTC",what are you doing one topic at a time 13 29 12 february 2009 utc,0,0
21d2362c988743a9,"Headlines 
Im testing something

 Something about the headlines? 
Headlines.",headlines im testing something something about the headlines headlines,0,0
ee8dc2a68aa7fc38,this man is a noob send him away,this man is a noob send him away,1,1
8d78bf8a34ffa22e,"Request for editing assistance 

Joshbuddy, your assistance would be appreciated again on the http://en.wikipedia.org/wiki/Jehovah%27s_Witnesses_and_blood page. I see the editor known as George M seems to respct your work, and the lastest dispute involves George M objecting to editing you and I worked on within the last couple of months. Please help if you can.",request for editing assistance joshbuddy your assistance would be appreciated again on the page i see the editor known as george m seems to respct your work and the lastest dispute involves george m objecting to editing you and i worked on within the last couple of months please help if you can,0,0
5e0ce4458aff76f5,Look at the discussion on the talk page.,look at the discussion on the talk page,0,0
cf37c4504febcd2d,"funketeer  

thats what people who like funk are called",funketeer thats what people who like funk are called,0,0
d1ee54d50c4a89cc,"3RR
 You currently appear to be engaged in an edit war. Note that the three-revert rule prohibits making more than three reversions on a single page within a 24 hour period. Additionally, users who perform a large number of reversions in content disputes may be blocked for edit warring, even if they do not technically violate the three-revert rule. If you continue, you may be blocked from editing. Please do not repeatedly revert edits, but use the talk page to work towards wording and content that gains a consensus among editors. If necessary, pursue dispute resolution.",3rr you currently appear to be engaged in an edit war note that the three revert rule prohibits making more than three reversions on a single page within a 24 hour period additionally users who perform a large number of reversions in content disputes may be blocked for edit warring even if they do not technically violate the three revert rule if you continue you may be blocked from editing please do not repeatedly revert edits but use the talk page to work towards wording and content that gains a consensus among editors if necessary pursue dispute resolution,0,0
c9d2a3b7028e60b0,"""

I'm sure you don't want an 8-page report on the differences between the various groups, so I created a diagram for your convenience. Sometimes a picture is worth a thousand words. In this case, I think it shows what I could scratch the surface with in about 10,000 words. Adding citations might bring it up to 12,000, but the ratios involved will always be subjective. I will never be able to get a million Jews to sign a statement that they are against Zionism, for instance, but based on the people I've talked to, I think that about 35% to 40% are. That percentage could be off, but I personally have talked to many people of all faiths and ethnic backgrounds, from all around the world, who think that the methods of the Zionists are despicable, and who will not fight with the Zionists when the end comes and the sides are chosen.

If you believe President Bush when he says, """"If you are not with us, you are against us,"""" then it looks like the sides have already been chosen. I don't think there's very many people with the side of the Crusaders and Zionists. If the only other position is against the Crusaders and Zionists, then I feel comfortable with the numbers of my side during the upcoming apocolypse.

I started this article because someone in al-Qaeda asserted that al-Qaeda is the same as the Front. It isn't, so I changed the al-Qaeda article to more accurately describe it as a subset of the Front. After that, people wanted to know what the Front was, so I started this article. I didn't put the original reference to the Front in the al-Qaeda article; I merely clarified it. There are a lot of groups in Islam that don't like the United States or Israel. I realize that its easier to combine many of these groups into a general idea when talking about them, but thinking of the larger International Front for Jihad against the Jews and Crusaders, which is really more of a movement, as the same thing as al Qaeda, is perhaps too much of a generalization. You could generalize the World Islamic Front as loose enough to be the same thing as the International Front for Jihad against the Jews and Crusaders except that the World Islamic Front only has Islamic members. That means that most of the people in Bush's """"against us"""" category could not be part of the World Islamic Front.

Your assertion that """"bin Laden certainly would have no part of such a front as you describe,"""" is absolutely untrue. bin Laden isn't a racist. He encourages any group that helps his cause and has often appealed to American and Jews to control the crimes being committed in their names by their leaders.  """,i m sure you don t want an 8 page report on the differences between the various groups so i created a diagram for your convenience sometimes a picture is worth a thousand words in this case i think it shows what i could scratch the surface with in about 10 000 words adding citations might bring it up to 12 000 but the ratios involved will always be subjective i will never be able to get a million jews to sign a statement that they are against zionism for instance but based on the people i ve talked to i think that about 35 to 40 are that percentage could be off but i personally have talked to many people of all faiths and ethnic backgrounds from all around the world who think that the methods of the zionists are despicable and who will not fight with the zionists when the end comes and the sides are chosen if you believe president bush when he says if you are not with us you are against us then it looks like the sides have already been chosen i don t think there s very many people with the side of the crusaders and zionists if the only other position is against the crusaders and zionists then i feel comfortable with the numbers of my side during the upcoming apocolypse i started this article because someone in al qaeda asserted that al qaeda is the same as the front it isn t so i changed the al qaeda article to more accurately describe it as a subset of the front after that people wanted to know what the front was so i started this article i didn t put the original reference to the front in the al qaeda article i merely clarified it there are a lot of groups in islam that don t like the united states or israel i realize that its easier to combine many of these groups into a general idea when talking about them but thinking of the larger international front for jihad against the jews and crusaders which is really more of a movement as the same thing as al qaeda is perhaps too much of a generalization you could generalize the world islamic front as loose enough to be the same thing as the international front for jihad against the jews and crusaders except that the world islamic front only has islamic members that means that most of the people in bush s against us category could not be part of the world islamic front your assertion that bin laden certainly would have no part of such a front as you describe is absolutely untrue bin laden isn t a racist he encourages any group that helps his cause and has often appealed to american and jews to control the crimes being committed in their names by their leaders,0,1
535e95251d74e671,"""know how many playable characters there are. halReflex """,know how many playable characters there are halreflex,0,0
946be971c0153716,"""

 Blocking Mardyks (2012) 

Excellent work there Shii. We can't have his kind getting us to think about what the Maya actually say about their own prophecies. We insulted him, offended him and abused him and he just had to be ethical and persistant. BLOCK those Mother Fukkers!!! Taking out the entire Santa Fe Public Library system is a great preemptive strike also. There may be others of his kind, that sympathize with those """"Indians"""". These people actually LOVE the Earth and that is without reliable sources! We kicked their asses and have the right to write THEIR history and interpret THEIR sacred teachings however we please. We need more from college students who have been indoctrinated in the Church of Academia. That piece by Stitler is one of the most exaggerated and opinionated and so yeah, use that as the title of the page! And by all means give John MAJOR Jenkins his own section. Not a single scholar or Mayanist agrees with his appropriated theory and this kind of hypocrisy and arrogance is what Wiki is all about. We can get away with it, by continuing to use our power to censor free thinkers like Mardyks and his kind. Sony Pictures is paying us all off with tickets, so let us know how many you want. FREE popcorn, too! Whoopee! Best wishes from Jimini Cricket 97.123.26.228  """,blocking mardyks 2012 excellent work there shii we can t have his kind getting us to think about what the maya actually say about their own prophecies we insulted him offended him and abused him and he just had to be ethical and persistant block those mother fukkers taking out the entire santa fe public library system is a great preemptive strike also there may be others of his kind that sympathize with those indians these people actually love the earth and that is without reliable sources we kicked their asses and have the right to write their history and interpret their sacred teachings however we please we need more from college students who have been indoctrinated in the church of academia that piece by stitler is one of the most exaggerated and opinionated and so yeah use that as the title of the page and by all means give john major jenkins his own section not a single scholar or mayanist agrees with his appropriated theory and this kind of hypocrisy and arrogance is what wiki is all about we can get away with it by continuing to use our power to censor free thinkers like mardyks and his kind sony pictures is paying us all off with tickets so let us know how many you want free popcorn too whoopee best wishes from jimini cricket 97 123 26 228,1,1
89700c49e60f1c4a,", though noting the Homer",though noting the homer,0,0
915edd1eb906c405,Nothing is ever going to change that picture from being a non free replaceable picture of a living person.,nothing is ever going to change that picture from being a non free replaceable picture of a living person,0,0
38c5bfd3434b27ac,"Yeah, a lot of things got conflated like that in the older versions of the article - even a few weeks after the game came out, there were still claims here that CJ could go up to any person on the street and talk to them, etc.  - 06:30, Jan 8, 2005 (UTC)",yeah a lot of things got conflated like that in the older versions of the article even a few weeks after the game came out there were still claims here that cj could go up to any person on the street and talk to them etc 06 30 jan 8 2005 utc,0,0
bd9c41f691e4d260,I have not edited other articles because you keep changing back my changes and i'm stuck on Mccreedy!!!!! Please can you put it back how it was yesterday and then we can discuss the issues one by one.,i have not edited other articles because you keep changing back my changes and i m stuck on mccreedy please can you put it back how it was yesterday and then we can discuss the issues one by one,0,0
24480ec3dae4ddfd,"Yes, I agreed here. Regards,",yes i agreed here regards,0,0
9da7ab8e7222335f,"Yes, understood, but the fifth pillar reminds us that the spirit of the rule trumps the letter of the rule. However I'm embarrassed that I have taken up your time like this and I shall be more thoughtful in future.",yes understood but the fifth pillar reminds us that the spirit of the rule trumps the letter of the rule however i m embarrassed that i have taken up your time like this and i shall be more thoughtful in future,0,0
e8fbfe559a790afb,J3Mrs has now asked for all his/her sandboxes to be deleted.,j3mrs has now asked for all his her sandboxes to be deleted,0,0
6bc8f79725977f2b,"Hi there. In case you aren't a robot, stop sending me shit messages and instead check my edits. I am the copyright owner. You must cease and decist from distributing my content.",hi there in case you aren t a robot stop sending me shit messages and instead check my edits i am the copyright owner you must cease and decist from distributing my content,1,1
32f65dc03a207f6c,"See Talk:Chester_F.C._(2010). Thanks,",see talk chester f c 2010 thanks,0,0
2397e02eb0f2bc57,"STANDAHL ARE YOU A MAN OR A MOUSESTACHE?

WHY DON'T YOU RESPOND.

ARE YOU SCARED OF THE APPROPRIATE FEDERAL AGENCIES WHO ARE ACTIVELY WATCHING YOUR ACTS?",standahl are you a man or a mousestache why don t you respond are you scared of the appropriate federal agencies who are actively watching your acts,1,0
c5ddac6a92443276,"Proposal for the Creation of an Animation Barnstar 

Hi, Thegiantziz. I noticed that you are a member of the Animation WikiProject and wanted to share a proposal with you. There have been several times that I have wanted to award an Animation Barnstar to a fellow editor, only to be disappointed that one still doesn't exist. The closest thing that we have right now is the Film Barnstar, but this is only applicable in certain situations, since animation can be found in both film and television. I would like to see an Animation Barnstar become a reality; especially since one already exists for the sub-topic of Anime and Manga. In order for this to become official though, a consensus will have to be reached.

If this is something that you would be interested in supporting, then please let me know on my talk page, as I am sending this message to all of the members of the Animation WikiProject and will not be adding each editor's talk page to my watchlist.

I am also looking for someone who would be able to provide a design for the barnstar. If you have any ideas for this, then please do not hesitate to share them with me. )",proposal for the creation of an animation barnstar hi thegiantziz i noticed that you are a member of the animation wikiproject and wanted to share a proposal with you there have been several times that i have wanted to award an animation barnstar to a fellow editor only to be disappointed that one still doesn t exist the closest thing that we have right now is the film barnstar but this is only applicable in certain situations since animation can be found in both film and television i would like to see an animation barnstar become a reality especially since one already exists for the sub topic of anime and manga in order for this to become official though a consensus will have to be reached if this is something that you would be interested in supporting then please let me know on my talk page as i am sending this message to all of the members of the animation wikiproject and will not be adding each editor s talk page to my watchlist i am also looking for someone who would be able to provide a design for the barnstar if you have any ideas for this then please do not hesitate to share them with me,0,1
35b261f3aad7f58b,"George Burton Drake 

I noticed this evening that you took it upon yourself in December of 2008 to split my biography of George Burton Drake into two separate articles because you and your cohorts decided it was a description of two different people. You were wrong.  George Burton Drake, the artist, completely walked away from his God given talent to become a full-time minister.  I would appreciate it if you put my article back exactly the way it was originally and correctly written.  As it is, you have completely erased any historical background on the artist.",george burton drake i noticed this evening that you took it upon yourself in december of 2008 to split my biography of george burton drake into two separate articles because you and your cohorts decided it was a description of two different people you were wrong george burton drake the artist completely walked away from his god given talent to become a full time minister i would appreciate it if you put my article back exactly the way it was originally and correctly written as it is you have completely erased any historical background on the artist,0,0
f54257a0ae672bc8,I don't see why not.  /(talk)/(contribs)/(e-mail),i don t see why not talk contribs e mail,0,0
132a7f161e51a24a,"""

Thank you! Haha I am a fan of Rescue Heroes, and I'm 20. It's not like Barney & Friends since it doesn't have stuff on going to the doctor or anything like that, and it's not like Dora The Explorer since it doesn't say things like """"Do You See The Red Ball?"""" I know from having to babysit for some kids sometimes, and besides, they showed how to put out a Grease Fire in one episode, what Four-Year-Old Would be allowed to do that? Anyway, thanks for telling me why you put the unreferenced tag there, you telling me was a big help.   """,thank you haha i am a fan of rescue heroes and i m 20 it s not like barney friends since it doesn t have stuff on going to the doctor or anything like that and it s not like dora the explorer since it doesn t say things like do you see the red ball i know from having to babysit for some kids sometimes and besides they showed how to put out a grease fire in one episode what four year old would be allowed to do that anyway thanks for telling me why you put the unreferenced tag there you telling me was a big help,0,0
351b3cfeb59d9313,"I take personal offense to the term anti-science religious propaganda fluff piece.  That, sir, is borderline hate speech in the context you have attempted to use it in.  Cadedral is a personal friend residing in an entirely different country than I.  He happens to also believe that all facets of Paleontology should be represented in the Paleontology article as properly cited pieces of evidence.  And censoring the documented instances of fraud and scientific viewpoints of MILLIONS of Christians and YEC is irresponsible and only perpetuates the widely revered opinion that Wikipedia is a liberally biased engine.  What you are doing is injecting your personal preference into science.  Which is again, irresponsible.",i take personal offense to the term anti science religious propaganda fluff piece that sir is borderline hate speech in the context you have attempted to use it in cadedral is a personal friend residing in an entirely different country than i he happens to also believe that all facets of paleontology should be represented in the paleontology article as properly cited pieces of evidence and censoring the documented instances of fraud and scientific viewpoints of millions of christians and yec is irresponsible and only perpetuates the widely revered opinion that wikipedia is a liberally biased engine what you are doing is injecting your personal preference into science which is again irresponsible,0,0
76ac1a43925675cc,"In fact, I would suggest a close but don't want to run afoul of the Jamaican Bobsled Team clause. The JBT may consist of Mitch and TMF who have yet to make an appearance, not to mention Larry V. Best to hold off.",in fact i would suggest a close but don t want to run afoul of the jamaican bobsled team clause the jbt may consist of mitch and tmf who have yet to make an appearance not to mention larry v best to hold off,0,0
4d880a7d8a436696,""":::Cool, thanks for the research.  I've added the tag back, though somebody should probably rewrite the intro to clarify things.  Something along the lines of """"Eugenics is a social philosophy that ... blah blah ... and has in the past been presented as a legitimate science by supporters.""""  I'll leave that task to the next person who finds the categorization confusing, unless I get to it first. )    

""",cool thanks for the research i ve added the tag back though somebody should probably rewrite the intro to clarify things something along the lines of eugenics is a social philosophy that blah blah and has in the past been presented as a legitimate science by supporters i ll leave that task to the next person who finds the categorization confusing unless i get to it first,0,0
e25af6202ec3336a,"Thanks, SNUGGUMS! I hope you have a pleasant Halloween, too. )",thanks snuggums i hope you have a pleasant halloween too,0,0
2eb3e277f053d38f,"Totalitarianism at Wikipedia 

Note that this user is practicing totalitarianism at Wikipedia.  This does not constitute a personal attack on Jza84, but stems from the fact that s/he is involved in edit warring and executing administerial privileges without engaging in dialogue.  S/he is undermining wikipedia and, for one, has turned me off of Wkipedia.  Clearly, s/he has declared by these practices that the pages dealing with United Kingdom are off limit for anyone who is interested in improving them.  Despite the badges and notices on her/his home page, Jza84 is evidently not intersted in the integrity of Wikipedia but simply involved in maintaining her/his own territory. 98.222.63.218",totalitarianism at wikipedia note that this user is practicing totalitarianism at wikipedia this does not constitute a personal attack on jza84 but stems from the fact that s he is involved in edit warring and executing administerial privileges without engaging in dialogue s he is undermining wikipedia and for one has turned me off of wkipedia clearly s he has declared by these practices that the pages dealing with united kingdom are off limit for anyone who is interested in improving them despite the badges and notices on her his home page jza84 is evidently not intersted in the integrity of wikipedia but simply involved in maintaining her his own territory 98 222 63 218,0,0
1b2b02bbdd39e31b,"Last Warning
 
Welcome to wikipedia your comments to a recent talk page has been ruled as garbage. If you do it one more time you will be blocked from editing.",last warning welcome to wikipedia your comments to a recent talk page has been ruled as garbage if you do it one more time you will be blocked from editing,0,0
d50e7642bc74c80d,"""
""""False precision""""? That's the dumbest thing I've ever heard. The source for the longest recorded fin whale specifically says it gets to 27.3 meters or 89.5 ft. The others either only give the length in meters or correctly convert meters to feet. I like how you don't even know any of the sources in question. You're just another janitor running his mouth. Whoever made this mistake in the first place should go fix it. I'm not adding that little text you suggested to every damned messed up conversion. What the hell is wrong with just giving the actual figures in meters and feet? Why do you insist on using these goddamn converters? Oh, that's right. """"It's convention"""" Sheep. You're just another little automation picking up the crumbs.   """,false precision that s the dumbest thing i ve ever heard the source for the longest recorded fin whale specifically says it gets to 27 3 meters or 89 5 ft the others either only give the length in meters or correctly convert meters to feet i like how you don t even know any of the sources in question you re just another janitor running his mouth whoever made this mistake in the first place should go fix it i m not adding that little text you suggested to every damned messed up conversion what the hell is wrong with just giving the actual figures in meters and feet why do you insist on using these goddamn converters oh that s right it s convention sheep you re just another little automation picking up the crumbs,1,1
c55565345e94829b,I have begun the process of requesting copyright permission from Ms. Blakely per Wikipedia's instruction.,i have begun the process of requesting copyright permission from ms blakely per wikipedia s instruction,0,0
9c1caf75f3ad9728,"""

 Requested move 6 November 2015 

:Enchanted (2007 film) →  – This was the title until recently when the article was moved, presumably to accomodate the creation of Enchanted (1942 film). However, I found few if any sources indicating that the 1942 Czech picture was ever called """"Enchanted"""", so I moved it to its original title, Okouzlená. That makes the date is unnecessary here, as there are no other articles for films titled """"Enchanted"""". It seems vanishingly unlikely that this would cause any confusion, so policy would recommend we go with the more WP:CONCISE title for this much more prominent film.  t/c """,requested move 6 november 2015 enchanted 2007 film this was the title until recently when the article was moved presumably to accomodate the creation of enchanted 1942 film however i found few if any sources indicating that the 1942 czech picture was ever called enchanted so i moved it to its original title okouzlen that makes the date is unnecessary here as there are no other articles for films titled enchanted it seems vanishingly unlikely that this would cause any confusion so policy would recommend we go with the more wp concise title for this much more prominent film t c,0,0
8c3c187778b0800c,"in any unit system, force is the deriviative w.r.t. time of momentum.  in any unit system, the unit of force is always the unit momentum divided by the unit of time. that's where the definition belongs.  this other stuff you added may or may not be accurate (you need to cite verifiable links and define other terms in the article otherwise it original research) but the definition of the Planck force is no different than the definition of the unit force in any other system of units.",in any unit system force is the deriviative w r t time of momentum in any unit system the unit of force is always the unit momentum divided by the unit of time that s where the definition belongs this other stuff you added may or may not be accurate you need to cite verifiable links and define other terms in the article otherwise it original research but the definition of the planck force is no different than the definition of the unit force in any other system of units,0,0
fd6b802099dfdffa,"""

Re:Al-Shabaab
You have reverted to the following extract regarding foreign involvement in Al-Shabaab:

Of the foreign members, Jonathan Evans, head of the British MI5, indicated in 2010 that around 100 British nationals of Pakistani, Bangladeshi and West African backgrounds had traveled to Somalia to train under the group, and that their presence there could inspire terrorist incidents in the UK.[57] Their travel costs were allegedly funded by sympathizers in Britain.[58]

This is incorrect because: (1) Evans is no longer head of MI5; (2) the speech that Evans gave - which was linked to in the text that you removed - made no mention of the numbers of British nationals or their ethnicity; that was a bit of hyperbole added by the reporter; (3) the numbers are, in any case, disputed, with The Sunday Times estimating the number at 50 and another report from The Daily Telegraph suggesting 60; (4) The citation [58] (which, incidentally, suggests the figure of 60) does not support the assertion that travel costs are 'allegedly funded'. It does, however, point out the criminal conviction (i.e. 'beyond reasonable doubt') of an Al-Shabaab financier.

The removal of the link to the actual speech seems particularly obtuse. 86.183.79.59  

Hi. Here's what you wrote:

Jonathan Evans, the former head of MI5, addressing a London security conference in 2010  , advised that a significant number of UK residents were training with al-Shabaab. It is only a matter of time before we see terrorism on our streets inspired by those who are today fighting alongside al-Shabaab. The actual number has been estimated at between 50  and 100  persons; there is also evidence of funding of the group by British citizens.

First, the italicization of what Evans stated back in 2010 (when, incidentally, Al-Shabaab was much stronger than it is now) is both undue and unencylopedic. A simple """"predicted that their presence there could inspire terrorist incidents in the UK"""" will suffice.

In Evans' speech link, he indicates the following  """"The percentage of the priority plots and leads we see in the UK linked to Al Qaida in the tribal areas of Pakistan, where Al Qaida senior leadership is still based, has dropped from around 75% two or three years ago to around 50% now. This does not mean that the overall threat has reduced but that it has diversified. The reduction in cases linked to the Tribal areas of Pakistan is partly attributable to the pressure exerted on the Al Qaida leadership there. But the reduction is also partly a result of increased activity elsewhere. In Somalia, for example, there are a significant number of UK residents training in Al Shabaab camps to fight in the insurgency there."""" In other words, the same multinational network of would-be Al-Qaida fighters that traveled to Pakistan were also starting to travel to other areas back in 2010, including the Al-Shabaab-controlled parts of Somalia. Also note that Evans specifically attributes this growth in Al-Shabaab to the fact that Somalia, like Afghanistan, at the time had """"no effective government"""". It does no",re al shabaab you have reverted to the following extract regarding foreign involvement in al shabaab of the foreign members jonathan evans head of the british mi5 indicated in 2010 that around 100 british nationals of pakistani bangladeshi and west african backgrounds had traveled to somalia to train under the group and that their presence there could inspire terrorist incidents in the uk 57 their travel costs were allegedly funded by sympathizers in britain 58 this is incorrect because 1 evans is no longer head of mi5 2 the speech that evans gave which was linked to in the text that you removed made no mention of the numbers of british nationals or their ethnicity that was a bit of hyperbole added by the reporter 3 the numbers are in any case disputed with the sunday times estimating the number at 50 and another report from the daily telegraph suggesting 60 4 the citation 58 which incidentally suggests the figure of 60 does not support the assertion that travel costs are allegedly funded it does however point out the criminal conviction i e beyond reasonable doubt of an al shabaab financier the removal of the link to the actual speech seems particularly obtuse 86 183 79 59 hi here s what you wrote jonathan evans the former head of mi5 addressing a london security conference in 2010 advised that a significant number of uk residents were training with al shabaab it is only a matter of time before we see terrorism on our streets inspired by those who are today fighting alongside al shabaab the actual number has been estimated at between 50 and 100 persons there is also evidence of funding of the group by british citizens first the italicization of what evans stated back in 2010 when incidentally al shabaab was much stronger than it is now is both undue and unencylopedic a simple predicted that their presence there could inspire terrorist incidents in the uk will suffice in evans speech link he indicates the following the percentage of the priority plots and leads we see in the uk linked to al qaida in the tribal areas of pakistan where al qaida senior leadership is still based has dropped from around 75 two or three years ago to around 50 now this does not mean that the overall threat has reduced but that it has diversified the reduction in cases linked to the tribal areas of pakistan is partly attributable to the pressure exerted on the al qaida leadership there but the reduction is also partly a result of increased activity elsewhere in somalia for example there are a significant number of uk residents training in al shabaab camps to fight in the insurgency there in other words the same multinational network of would be al qaida fighters that traveled to pakistan were also starting to travel to other areas back in 2010 including the al shabaab controlled parts of somalia also note that evans specifically attributes this growth in al shabaab to the fact that somalia like afghanistan at the time had no effective government it does no,0,1
88c1bfa2ae940c2e,REDIRECT Talk:List of current Home and Away characters,redirect talk list of current home and away characters,0,0
4d7be41c0961be86,"""""""In ancient China, criminals were guilty until proven innocent, the reverse of modern jurisprudence."""" Ancient Chinese Law and modern jurisprudence are not so different. Although 'innocent until proven guilty' is often shouted about, and exist in theory, and is regarded as a pillar of the legal system, in practice it does not stop the authorities in Western countries from holding suspects in prison on remand for months and even years without trial or until the final trial. Criminals by definition are guilty and not innocent, and so were correctly treated by the ancient Chinese legal system, as they are also guilty by definition in modern jurisprudence. Suspects were/ are however not criminals by definition. 81.132.63.38  

""",in ancient china criminals were guilty until proven innocent the reverse of modern jurisprudence ancient chinese law and modern jurisprudence are not so different although innocent until proven guilty is often shouted about and exist in theory and is regarded as a pillar of the legal system in practice it does not stop the authorities in western countries from holding suspects in prison on remand for months and even years without trial or until the final trial criminals by definition are guilty and not innocent and so were correctly treated by the ancient chinese legal system as they are also guilty by definition in modern jurisprudence suspects were are however not criminals by definition 81 132 63 38,0,0
21238c66de88d441,no i dont you seem to be the one who is violating the cause of the spells which make the peoples fall down,no i dont you seem to be the one who is violating the cause of the spells which make the peoples fall down,0,0
3b1a42b40a145e89,"This does seem arbitrary and ott. JohnArmagh states quite clearly why it shouldn't be a problem -
a) In addition to the standard English, not instead of
b) Context, its extra information in the article, of a relevant nature. (I.e. it's not an article that isn't closely linked to the Hebrew culture)
c) I assure you, foreign language articles, where appropriate (articles about US, UK, Ireland) will contain English terms and explain them where appropriate.
There's plenty of other places in Wikipedia including foreign language phrases, e.g. particularly geographic, historical and culture articles. It's entirely appropriate. Why Hebrew should arbitrarily be singled out is beyond me!
 10:13, 7 Jul 2004 (UTC)",this does seem arbitrary and ott johnarmagh states quite clearly why it shouldn t be a problem a in addition to the standard english not instead of b context its extra information in the article of a relevant nature i e it s not an article that isn t closely linked to the hebrew culture c i assure you foreign language articles where appropriate articles about us uk ireland will contain english terms and explain them where appropriate there s plenty of other places in wikipedia including foreign language phrases e g particularly geographic historical and culture articles it s entirely appropriate why hebrew should arbitrarily be singled out is beyond me 10 13 7 jul 2004 utc,0,0
906b62ee06fc3ba7,"Final Fantasy VII 
Klestrob44, I noticed that a few months ago you left a message on the Talk:Final Fantasy VII page regarding the explosion of non-playable characters in the list on the FF7 page. There's currently an ongoing debate on that page about just that, and, at the moment, it's more or less restricted to myself and the person responsible. I was wondering, if you're still interested in the subject, if you'd want to drop on by and make your voice heard. If not, then just forget I bothered you -) –  13:14, Jun 22, 2005 (UTC)",final fantasy vii klestrob44 i noticed that a few months ago you left a message on the talk final fantasy vii page regarding the explosion of non playable characters in the list on the ff7 page there s currently an ongoing debate on that page about just that and at the moment it s more or less restricted to myself and the person responsible i was wondering if you re still interested in the subject if you d want to drop on by and make your voice heard if not then just forget i bothered you 13 14 jun 22 2005 utc,0,0
551d9d4457fc043d,"""

 Angels & Airwaves personal 
Does Tom play rhythm guitar or lead guitar? In such songs as """"Rite of Spring"""" , and """"The Adventure"""", and a lot of songs from their debut album he can be seen/heard playing lead guitar. 58.168.25.164  """,angels airwaves personal does tom play rhythm guitar or lead guitar in such songs as rite of spring and the adventure and a lot of songs from their debut album he can be seen heard playing lead guitar 58 168 25 164,0,0
fe2061f2b4917a2d,If I wanted a kiss I'd call your mother,if i wanted a kiss i d call your mother,1,1
fed9f2bb1a461e03,"Lilydale v Lillydale 

I added a small section on this under History. Couldn't think of anywhere more appropriate.",lilydale v lillydale i added a small section on this under history couldn t think of anywhere more appropriate,0,0
f7fbbf3ef03507f6,"Diagrams for knitting 

Re your request: I can probably do some diagrams for knitting, but it may take me a while to get to them - been swamped with my day job until a few days ago, and have a huge wiki to-do list.  Happy new year... -",diagrams for knitting re your request i can probably do some diagrams for knitting but it may take me a while to get to them been swamped with my day job until a few days ago and have a huge wiki to do list happy new year,0,0
7bec5dd12a04845e,"Support on grounds of common name.  I just did a quick check, the Westminster Confession, the statement of doctrine of the Church of Scotland and several other Presbyterian churches, only mentions her once, in chapter 8, but it does call her the Virgin Mary, with a capital V.  (The 39 articles of the Church of England do not mention her.)  Although she is less important to Protestants than Catholics, when the do mention her they do normally call her the Virgin Mary.",support on grounds of common name i just did a quick check the westminster confession the statement of doctrine of the church of scotland and several other presbyterian churches only mentions her once in chapter 8 but it does call her the virgin mary with a capital v the 39 articles of the church of england do not mention her although she is less important to protestants than catholics when the do mention her they do normally call her the virgin mary,0,0
415da1e4d99b5d8d,"""

 Please do not vandalize pages, as you did with this edit to Towelie. If you continue to do so, you will be blocked from editing – Gurch """,please do not vandalize pages as you did with this edit to towelie if you continue to do so you will be blocked from editing gurch,0,0
0cf27594013bb708,"""
 Ain't bothering me, I'm not required to sign my posts/edit. I didn't specifically threaten anyone and your blowing it out of control. It was a snide comment. If I said """"I'm going to kill him in a fire"""" thats different; saying """"I'm going to church to pray that he gets cancer or dies in a fire"""" is more of a sarchastic tone. Pity you can't see that. No matter. Bump it up to 2 weeks now, just cause you can. """,ain t bothering me i m not required to sign my posts edit i didn t specifically threaten anyone and your blowing it out of control it was a snide comment if i said i m going to kill him in a fire thats different saying i m going to church to pray that he gets cancer or dies in a fire is more of a sarchastic tone pity you can t see that no matter bump it up to 2 weeks now just cause you can,1,0
ccea2c173df45406,"You obviously have not looked hard enough to find a third party source.  If you look at Wale's site, you will find several posts that show where he is popping up in the media, including Rolling Stone and Entertainment Weekly.  DO NOT DELETE THIS ARTICLE BECAUSE IT IS SIGNIFICANT. ImJFAT",you obviously have not looked hard enough to find a third party source if you look at wale s site you will find several posts that show where he is popping up in the media including rolling stone and entertainment weekly do not delete this article because it is significant imjfat,0,0
3318e0b98e469602,"""

I saw that when you put it up. I note with interest that nobody else has acted on it. Whether this is because nobody else has seen it, they can't be arsed or some genuine reason I can only speculate. There are a lot of sources giving the later time- BBC, various newspapers (both sides of the Atlantic) and that's the first I've heard of the other time. Is anybody else quoting that time? What time has Gen Cone or other Army spokesmen given? I'll take a look myself but anything you can come up with would be appreciated.   You rang?   """,i saw that when you put it up i note with interest that nobody else has acted on it whether this is because nobody else has seen it they can t be arsed or some genuine reason i can only speculate there are a lot of sources giving the later time bbc various newspapers both sides of the atlantic and that s the first i ve heard of the other time is anybody else quoting that time what time has gen cone or other army spokesmen given i ll take a look myself but anything you can come up with would be appreciated you rang,0,0
581b2bef46df051f,"I understand 172, Trey Stone is a patriot. He is proud of the murders his country has committed. He has consistently reverted the La Prensa page without giving any reason for doing so. Patriotism is a disease.",i understand 172 trey stone is a patriot he is proud of the murders his country has committed he has consistently reverted the la prensa page without giving any reason for doing so patriotism is a disease,0,1
64d7f489c15c7c6b,"""==Some tips to help you out!==
Hi , I thought I'd drop a few notes on your talk page with some help on writing articles o)

First of all, it may be best for you to do a bit of reading, starting with the Wikipedia manual of style, which will give you a lot of information about how Wikipedia prefers its articles to be written.  It's not as hard to follow as it might look; quite a bit of the information there probably won't be vital for you at first.

Second, I recommend you make a user sandbox - which is just an area you can use to practise in, and to make notes in, and to get things ready in.  If you click this red link: user:/Sandbox, that will let you create that page (it gives you an edit window to start work in).  Anything, anywhere, on the help and information pages which gives you an example, try it out in your sandbox until you're familiar with it.

For your article, the next thing you want to do is start collecting as much information as you can about it.  Google searches (particularly in Books and Scholar) will be your best friend for this!  Once you've found the information, the next most important thing is to start writing up each fact in your own words (very important, this), and make a note at the same time of exactly where that information came from.  Build in the references as you go along; I'm going to copy in, down below this, a whole heap of help on doing references, which was produced by one of our best teachers ().

Here's another place that you'll find incredibly useful - citation templates which you can copy and paste into your sandbox, between  tags; you just fill in the blanks from your sources into the template, and you'll end up with nicely formatted inline citations o)  It all helps.  Remember to add a references section to your sandbox (make a new line, and put ==References== on it, and type {{reflist}} on the next line, so that you can see how your citations look as you do them.  Remember to save your page often! You don't want to lose your work.

Hopefully this will give you a good start and make life easier for you.

One last thing to keep as a motto: """"It's better to write one good, well-referenced, nicely-presented article than it is to create fifty unreferenced one-line stubs!""""  (talk …stalk!) 
How references work

 Simple references 

These require two parts;

a)
Chzz is 98 years old. """"The book of Chzz"""", Aardvark Books, 2009. 

He likes tea.  [http://www.nicecupofteaandasitdown.com Tea website] 

b) A section called """"References"""" with the special code """"{{reflist}}"""";
== References ==
{{reflist}}

(an existing article is likely to already have one of these sections)

To see the result of that, please look at user:chzz/demo/simpleref. Edit it, and check the code; perhaps make a test page of your own, such as user:/reftest and try it out.

 Named references 

Chzz was born in 1837. 
""""The book of Chzz"""", Aardvark Books, 2009. 
 

Chzz lives in Footown.

Note that the second usage has a / (and no closing ref tag). This needs a reference section as above; please see user:chzz/demo/namedref to see the result.

 Citation templates 

You can put anything you like between  and , but using citation templates makes for a neat, consistent look;

Chzz has 37 Olympic medals.  {{Citation
 | last = Smith
 | first = John
 | title = Olympic medal winners of the 20th century
 | publication-date = 2001
 | publisher = [[Cambridge University Press]]
 | page = 125
 | isbn = 0-521-37169-4
}}


Please see user:chzz/demo/citeref to see the result.

For more help and tips on that subject, see user:chzz/help/refs.
Something to make your life easier!

Hi there !  I've just come across one of your articles, and noticed that you had to create titles for your url links manually, or were using bare urls as references.

You  might want to consider using this tool - it makes your life",some tips to help you out hi i thought i d drop a few notes on your talk page with some help on writing articles o first of all it may be best for you to do a bit of reading starting with the wikipedia manual of style which will give you a lot of information about how wikipedia prefers its articles to be written it s not as hard to follow as it might look quite a bit of the information there probably won t be vital for you at first second i recommend you make a user sandbox which is just an area you can use to practise in and to make notes in and to get things ready in if you click this red link user sandbox that will let you create that page it gives you an edit window to start work in anything anywhere on the help and information pages which gives you an example try it out in your sandbox until you re familiar with it for your article the next thing you want to do is start collecting as much information as you can about it google searches particularly in books and scholar will be your best friend for this once you ve found the information the next most important thing is to start writing up each fact in your own words very important this and make a note at the same time of exactly where that information came from build in the references as you go along i m going to copy in down below this a whole heap of help on doing references which was produced by one of our best teachers here s another place that you ll find incredibly useful citation templates which you can copy and paste into your sandbox between tags you just fill in the blanks from your sources into the template and you ll end up with nicely formatted inline citations o it all helps remember to add a references section to your sandbox make a new line and put references on it and type reflist on the next line so that you can see how your citations look as you do them remember to save your page often you don t want to lose your work hopefully this will give you a good start and make life easier for you one last thing to keep as a motto it s better to write one good well referenced nicely presented article than it is to create fifty unreferenced one line stubs talk stalk how references work simple references these require two parts a chzz is 98 years old the book of chzz aardvark books 2009 he likes tea tea website b a section called references with the special code reflist references reflist an existing article is likely to already have one of these sections to see the result of that please look at user chzz demo simpleref edit it and check the code perhaps make a test page of your own such as user reftest and try it out named references chzz was born in 1837 the book of chzz aardvark books 2009 chzz lives in footown note that the second usage has a and no closing ref tag this needs a reference section as above please see user chzz demo namedref to see the result citation templates you can put anything you like between and but using citation templates makes for a neat consistent look chzz has 37 olympic medals citation last smith first john title olympic medal winners of the 20th century publication date 2001 publisher cambridge university press page 125 isbn 0 521 37169 4 please see user chzz demo citeref to see the result for more help and tips on that subject see user chzz help refs something to make your life easier hi there i ve just come across one of your articles and noticed that you had to create titles for your url links manually or were using bare urls as references you might want to consider using this tool it makes your life,0,1
f7fabf11cdb8c6cd,"As I said, you're clearly not up to date regarding the photo. Check the Wikicommons mailbox. There you find the EPA email confirming that the photo has been released under license cc-by-sa-3.0 and that EPA has given a statement saying that anyone can reuse the file, including pages like Wikipedia. You may also check with JurgenNL.",as i said you re clearly not up to date regarding the photo check the wikicommons mailbox there you find the epa email confirming that the photo has been released under license cc by sa 3 0 and that epa has given a statement saying that anyone can reuse the file including pages like wikipedia you may also check with jurgennl,0,0
dc70a50767775072,""": No, """"Christian"""" should not be mentioned on issues such as existence of Jesus. As I said above, yes, there are some """"scholars"""" who doubt the existence of Jesus, just like there are some nuts (including people with Ph.Ds) who doubt evolution. You can find all kinds of """"scholars"""" who say all kinds of stupid things. But what's the consensus among scholars on historicity of Jesus (or, just as an example, consensus  among biologists on say evolution?).  I don't think there is any doubt about the consensus  20:57, 7 Nov 2004 (UTC)

""",no christian should not be mentioned on issues such as existence of jesus as i said above yes there are some scholars who doubt the existence of jesus just like there are some nuts including people with ph ds who doubt evolution you can find all kinds of scholars who say all kinds of stupid things but what s the consensus among scholars on historicity of jesus or just as an example consensus among biologists on say evolution i don t think there is any doubt about the consensus 20 57 7 nov 2004 utc,0,0
92e7530028334441,"""

 1/ in earlier lengthy responses i gave specific instances where sections in this article that are unsourced and thus do not meet wikipedia guidelines. instead of removing any of them you (and your close collaborator in article edits RolandR who has violent racist activist imagery in his user page) choose to remove only the sections that point out pro western bias of rsf (for eg. among others you remove sentence referring methodology for compiling so called press freedom index as secretive and subjective, even though by rsf's own admittance index is based solely on purely subjective responses from unnamed respondents whose selection process is not disclosed; ie removed sentence is sourced to rsf, factually true, and words like secretive were used correctly). 2/ you do not seems to read what you remove. for instance you make references to a phrase """"link to a government"""" in tour comment above when in fact this phrase is no longer in any of the sections you removed recently. 3/ you did use bad english argument earlier as a reason for removal, when you should have corrected the english instead. given all that and more your actions point to a clear double standard. instead of addressing why you maintain this factually demonstrated double standard you accuse me of 'ad hominem arguments'. this willful disregard for facts and reason (as well as your contributions in other artciles) demonstrate a rabid  racist agenda on your part . as i said i will continue to expose double standards of editors like you with facts. 123.231.85.184  """,1 in earlier lengthy responses i gave specific instances where sections in this article that are unsourced and thus do not meet wikipedia guidelines instead of removing any of them you and your close collaborator in article edits rolandr who has violent racist activist imagery in his user page choose to remove only the sections that point out pro western bias of rsf for eg among others you remove sentence referring methodology for compiling so called press freedom index as secretive and subjective even though by rsf s own admittance index is based solely on purely subjective responses from unnamed respondents whose selection process is not disclosed ie removed sentence is sourced to rsf factually true and words like secretive were used correctly 2 you do not seems to read what you remove for instance you make references to a phrase link to a government in tour comment above when in fact this phrase is no longer in any of the sections you removed recently 3 you did use bad english argument earlier as a reason for removal when you should have corrected the english instead given all that and more your actions point to a clear double standard instead of addressing why you maintain this factually demonstrated double standard you accuse me of ad hominem arguments this willful disregard for facts and reason as well as your contributions in other artciles demonstrate a rabid racist agenda on your part as i said i will continue to expose double standards of editors like you with facts 123 231 85 184,0,1
a850e796d78297be,"Cabalist team of sysops/users undermines WP’s reliability  promoting Greek nationalistic POV 
A well collaborated group of 2 WP sysops and 8 WP users has been spotted working systematically in full daily basis to promote ultra natioanalistic Greek POV. They intervene in any related  new articles, make Greek POV edits, edit wars, reverts, deletions, block users, merges and redirects. Their main target is political articles about Rebublic of Macedonia, Turkey, Bulgaria, Albania, their minorities in Greece and Greek history. 

Khoikhoi (sysop) and Future Perfect at Sunrise (sysop)  recently deleted article: Voden inscription, and protected articles as Minorities in Greece and Bulgarian Human Rights in Macedonia. They also redirected new articles as  Bulgarian minority in Greece to Minorities of Greece, Bulgarians in Greece to Minorities in Greece and Tarlis incident  to Treaty of Sevres without warning and discussion. 

All  redirects don’t  allow traces . Practically this action is equivalent to speady deletion because redirected articles are not included to target articles and  prevents recreating them under same name.

List of abusers  involved: 

user:Khoikhoi (sysop,) He has been probated and unprobated
 user:Future Perfect at Sunrise (sysop)  
 user:Aldux 
 user:Tekleni
 user:Telex
 user:NikoSilver 
 user:Euthymios 
 user:Hectorian 
 user:Politis
 user:Miskin 

Some of them are suspected employees of Greek National Intelligence Service (E.Y.Π.). Other are suspected  members of ultra natioanalistic organizations of Greek interests.

The situation has become unacceptible. Check their  “contributions” and act  properly. User:prespan",cabalist team of sysops users undermines wp s reliability promoting greek nationalistic pov a well collaborated group of 2 wp sysops and 8 wp users has been spotted working systematically in full daily basis to promote ultra natioanalistic greek pov they intervene in any related new articles make greek pov edits edit wars reverts deletions block users merges and redirects their main target is political articles about rebublic of macedonia turkey bulgaria albania their minorities in greece and greek history khoikhoi sysop and future perfect at sunrise sysop recently deleted article voden inscription and protected articles as minorities in greece and bulgarian human rights in macedonia they also redirected new articles as bulgarian minority in greece to minorities of greece bulgarians in greece to minorities in greece and tarlis incident to treaty of sevres without warning and discussion all redirects don t allow traces practically this action is equivalent to speady deletion because redirected articles are not included to target articles and prevents recreating them under same name list of abusers involved user khoikhoi sysop he has been probated and unprobated user future perfect at sunrise sysop user aldux user tekleni user telex user nikosilver user euthymios user hectorian user politis user miskin some of them are suspected employees of greek national intelligence service e y other are suspected members of ultra natioanalistic organizations of greek interests the situation has become unacceptible check their contributions and act properly user prespan,0,1
f1b6c3c2a4290778,"No, you were trying to sound cool but ended up sounding like a retard.",no you were trying to sound cool but ended up sounding like a retard,1,1
7c33362bc55ebcd5,"Aspects 

Let's not give in to source fanatic Aspects. Lets change the bottom 3's to bottom 2's again, mention Alex Lambert's and Siobhan's vote-offs in the controversy section, and we should use the artist of whatever is given. After all, who cares who actually wrote the song? We are down to one user's wants and needs, and that problem can easily be overcomed. 76.107.17.32",aspects let s not give in to source fanatic aspects lets change the bottom 3 s to bottom 2 s again mention alex lambert s and siobhan s vote offs in the controversy section and we should use the artist of whatever is given after all who cares who actually wrote the song we are down to one user s wants and needs and that problem can easily be overcomed 76 107 17 32,0,0
e7095922efc57e82,"(oh, except that the ISBN provided was invalid!)",oh except that the isbn provided was invalid,0,0
aa8e8be3dafda007,"And DON'T mess with my articles like Charlie Countryman. You just looked at that article just to tick me off because I was. That's an awful way to handle this issue. I like to share stories to the world like that movie, it makes me feel good. And when you go through it and say stuff about it, then you have a problem and you need help. Please leave my other edits out of this.",and don t mess with my articles like charlie countryman you just looked at that article just to tick me off because i was that s an awful way to handle this issue i like to share stories to the world like that movie it makes me feel good and when you go through it and say stuff about it then you have a problem and you need help please leave my other edits out of this,0,0
7057dc91a3f1c800,"""

  The LGBT Barnstar awarded because your sir/mam are a queer douche   -""",the lgbt barnstar awarded because your sir mam are a queer douche,1,1
87c4136c94ac7cfc,""" May 2006 (UTC)

I say keep the notable residents section but do away with """"famous visitors."""" Other articles have the notable residents section and I think we can do just fine weeding out people who just want to add their own name (I saw at least two I went to high school with).  I did """"That's hot"""" first! 01:19, 31""",may 2006 utc i say keep the notable residents section but do away with famous visitors other articles have the notable residents section and i think we can do just fine weeding out people who just want to add their own name i saw at least two i went to high school with i did that s hot first 01 19 31,0,0
ba5f8c8f09730ecf,"I'm glad you weren't amused. Now straight to the point. Persianate does not just refer to arts and architecture, therefore what you did WAS vandalism, especially because the sources which support the Persianate nature of the Sultanate are not just referring to the architecture but also to the actual state court and governmental bodies (e.g. official languages). Therefore moving around Persianate and putting it at the end of the article for the sake of disguising facts IS the actual amusing part.",i m glad you weren t amused now straight to the point persianate does not just refer to arts and architecture therefore what you did was vandalism especially because the sources which support the persianate nature of the sultanate are not just referring to the architecture but also to the actual state court and governmental bodies e g official languages therefore moving around persianate and putting it at the end of the article for the sake of disguising facts is the actual amusing part,0,0
777dab35b04f1087,"Netscape (classic) test picture 

Hi, I made a picture of Netscape Communicator 4.8 taking the test and was wondering if I am allowed to submit it. (In case you were wondering, it fails the test miserably) )",netscape classic test picture hi i made a picture of netscape communicator 4 8 taking the test and was wondering if i am allowed to submit it in case you were wondering it fails the test miserably,0,0
55fb1c42e78ba870,"I'm glad the question has been settle as it has. I think the article is better, but still needs work on the history (I will try to do that). Although it is not important now, you can also see that these beers are not related here: 
http://www.brauer-bund.de/bierfans/sorten/inhalt.htm That page does list related styles, but clearly Dortmunder and Märzen are not. This page, by the way, is from the Association of German Brewers.

I would like to end on two points: 1. the fact that Mr. Daniels is not aware that these two beers are not related is evidence that he violates WP:RS. I should also point out that this is not an obscure topic, but something anyone who knows about German beer would know. 2. On a personal level, I regret to tell you that I was very insulted by your idea that an American home brewer knows more about my culture than I do. An apology would be appreciated.",i m glad the question has been settle as it has i think the article is better but still needs work on the history i will try to do that although it is not important now you can also see that these beers are not related here that page does list related styles but clearly dortmunder and m rzen are not this page by the way is from the association of german brewers i would like to end on two points 1 the fact that mr daniels is not aware that these two beers are not related is evidence that he violates wp rs i should also point out that this is not an obscure topic but something anyone who knows about german beer would know 2 on a personal level i regret to tell you that i was very insulted by your idea that an american home brewer knows more about my culture than i do an apology would be appreciated,0,0
be899af72c4e79ab,You are an extremely biased admin. I am amazed you got this position. You have been very active to support Hindu editors in edit wars by not taking any action when they were engaged in edit wars. You yourself should be blocked for violating 3RR rule in Iqbal. Even your nickname is a symbol of Hindu imperialism and POV pushing. You are the one of the worst violators of Wikipedia policies. It is not your position to block any user.,you are an extremely biased admin i am amazed you got this position you have been very active to support hindu editors in edit wars by not taking any action when they were engaged in edit wars you yourself should be blocked for violating 3rr rule in iqbal even your nickname is a symbol of hindu imperialism and pov pushing you are the one of the worst violators of wikipedia policies it is not your position to block any user,1,0
ebaaff6c67c47e44,"It pains my heart to find out that Wikepedia evidently is mainly a male community with the usual sexism that comes with the territory. I'd say chins, teeth and clothing are questions of taste. And as for any future Wikipedia debates: I might bring up the argument that you're all male-chauvinist, sexist biggots ;)",it pains my heart to find out that wikepedia evidently is mainly a male community with the usual sexism that comes with the territory i d say chins teeth and clothing are questions of taste and as for any future wikipedia debates i might bring up the argument that you re all male chauvinist sexist biggots,1,1
eeeb90ee1d71eaf6,""":This article is essentially puffery, written by Hazare or one of his fanatics.  """"Much-acclaimed popular Indian social activist"""" reads like one of his propaganda articles.  The only difference is the change from """"well-acclaimed"""" which, in typical Indian English style (i.e. poor English), he uses.

""",this article is essentially puffery written by hazare or one of his fanatics much acclaimed popular indian social activist reads like one of his propaganda articles the only difference is the change from well acclaimed which in typical indian english style i e poor english he uses,0,0
5dcedacc576dfc38,"""

Thank you! Same to you! 1234 """,thank you same to you 1234,0,0
71b5e2fa9b40a8e6,"""

Redundant Sections

There are two sections that are redundant. """"Anthroposophy's role in Waldorf Education"""" and """"Basis in Anthroposophy"""" say almost exactly the same things.  I'm removing the latter and preserving any information contained therein by adding it to the former.  """,redundant sections there are two sections that are redundant anthroposophy s role in waldorf education and basis in anthroposophy say almost exactly the same things i m removing the latter and preserving any information contained therein by adding it to the former,0,0
e5785d428a89ae60,"""Hi! I'd just like to know why you are removing information form the article Walter Koenig. Just reply under this, and sign your reply with four tildes (~~~~) Thanks! clawx """,hi i d just like to know why you are removing information form the article walter koenig just reply under this and sign your reply with four tildes thanks clawx,0,0
4a56d9be20ddddfe,"""
 You mean the ones I questioned you about over a month ago? No problem, you seem to be getting the hang of things  talk to me """,you mean the ones i questioned you about over a month ago no problem you seem to be getting the hang of things talk to me,0,0
e64452f9d5a57a29,""":::::Ok, that's fine. What is your objective?  

""",ok that s fine what is your objective,0,0
65dbaf4127aa4f9b,Because I most of the time they are updated incorrectly and I can take care of the page myself. Thanks,because i most of the time they are updated incorrectly and i can take care of the page myself thanks,0,0
e2365b60991bd753,"""

 """"light"""" cigarette 

According to a decision on a lawsuit brought by the USA against Philip Morris, and Philip Morris own documents, the only difference between regular cigarettes and a """"light"""" cigarette is tiny holes placed on the paper that increase the air flow. This increase in air flow increases the mutability of the smoke, i.e. making so-called """"light"""" cigarettes even more likely to cause cancer and tumors than regular cigarettes. Philip Morris has been banned from using the term """"light"""" in the USA.

This is not true. Most light cigarettes are now made by expanding the tobacco, thereby having the same amount of tobacco have more volume, therefore, each cigarette has less tobacco, making them lighter. Not necessarily healthier, but most certainly lighter. But the thing about the paper being the only difference is one of the dumbest things I have ever heard. The filter is more dense for starters. Seriously people, this is supposed to be an encyclopedia, actually what what your talking about before you post.
24.98.250.155  """,light cigarette according to a decision on a lawsuit brought by the usa against philip morris and philip morris own documents the only difference between regular cigarettes and a light cigarette is tiny holes placed on the paper that increase the air flow this increase in air flow increases the mutability of the smoke i e making so called light cigarettes even more likely to cause cancer and tumors than regular cigarettes philip morris has been banned from using the term light in the usa this is not true most light cigarettes are now made by expanding the tobacco thereby having the same amount of tobacco have more volume therefore each cigarette has less tobacco making them lighter not necessarily healthier but most certainly lighter but the thing about the paper being the only difference is one of the dumbest things i have ever heard the filter is more dense for starters seriously people this is supposed to be an encyclopedia actually what what your talking about before you post 24 98 250 155,0,0
5f6144f7821b3669,"See, that's the mistake that most people are making. Broly only appeared in 2 movies as Broly and he appeared in another as bio incarnation. Within the COMBINATION of air time he received in those two movies, he's still a minor character by far. Just because the character is popularized for younger audiences, people tend to forget the fact that people like Broly are seriously not important or essential to the manga or even the plot. A saibaman plays a larger role than Broly and that's an understatement. If you want to help me, you can help me maintain control of the movie character pages, which are seriously becoming overcrowded with garbage and fan perspective with every little detail since they only appear in 1-2 movies max. -",see that s the mistake that most people are making broly only appeared in 2 movies as broly and he appeared in another as bio incarnation within the combination of air time he received in those two movies he s still a minor character by far just because the character is popularized for younger audiences people tend to forget the fact that people like broly are seriously not important or essential to the manga or even the plot a saibaman plays a larger role than broly and that s an understatement if you want to help me you can help me maintain control of the movie character pages which are seriously becoming overcrowded with garbage and fan perspective with every little detail since they only appear in 1 2 movies max,0,0
47fbaf972046f9aa,Agreed. Why was it deleted? - Ben Franklin 75.74.130.115,agreed why was it deleted ben franklin 75 74 130 115,0,0
a65fbcb152d92e07,Wouldn't that make for some miniscule fraction of a registered user (assuming the entire rest of the population of the planet as readers)?  Are we all just sockpuppets of a single fractional mind?  It would explain a lot.    ........,wouldn t that make for some miniscule fraction of a registered user assuming the entire rest of the population of the planet as readers are we all just sockpuppets of a single fractional mind it would explain a lot,0,0
0a20143c51f1404b,"Thanks Moonriddengirl. Wikidea, I'm sure you're an excellent lawyer, and I admire your goal to turn Wikipedia into a superior reference work for law students - it's one I share, with one amendment. Wikipedia is not a legal resource for lawyers and law students. It is not a casebook. It is not a practitioner's text. It is a work for the laypeople, to explain as simply as possible (in this case) how the law works. That's what you should aspire to with your articles, and it's what I aspire to with mine. The layperson is more helped by third-party references and summaries than (to them) unintelligible case citations and full body quotations from judgments. While such quotations and citations have their place (this, I feel, uses such case citations well, but I might be a teensy bit biased) they are the obiter, not the ratio.",thanks moonriddengirl wikidea i m sure you re an excellent lawyer and i admire your goal to turn wikipedia into a superior reference work for law students it s one i share with one amendment wikipedia is not a legal resource for lawyers and law students it is not a casebook it is not a practitioner s text it is a work for the laypeople to explain as simply as possible in this case how the law works that s what you should aspire to with your articles and it s what i aspire to with mine the layperson is more helped by third party references and summaries than to them unintelligible case citations and full body quotations from judgments while such quotations and citations have their place this i feel uses such case citations well but i might be a teensy bit biased they are the obiter not the ratio,0,0
078a308dc8af41b1,"Thanks. If you need any help, feel free to ask me here.",thanks if you need any help feel free to ask me here,0,0
cc8b61ee67e83fd1,"Fuck off. I will continue to edit small things as I see them. You fucking wikinazis are why Wikipedia's editing community is falling to pieces. 
60.226.138.94",fuck off i will continue to edit small things as i see them you fucking wikinazis are why wikipedia s editing community is falling to pieces 60 226 138 94,1,1
e38b03ba57e3926b,(I wanted to counter the lie in that discussion that no one supported my edits though for example User:Sabahudin9 specifically stated that all my edits were properly sourced),i wanted to counter the lie in that discussion that no one supported my edits though for example user sabahudin9 specifically stated that all my edits were properly sourced,0,0
5e949b1826173a07,"March 2011 
 Welcome to Wikipedia and thank you for your contributions. However, I noticed that your username (Silberfuchs) may not meet Wikipedia's username policy because it is obviously profane. If you believe that your username does not violate our policy, please leave a note here explaining why. As an alternative, you may ask for a change of username, or you may simply create a new account and use that for editing. Thank you.    (talk)",march 2011 welcome to wikipedia and thank you for your contributions however i noticed that your username silberfuchs may not meet wikipedia s username policy because it is obviously profane if you believe that your username does not violate our policy please leave a note here explaining why as an alternative you may ask for a change of username or you may simply create a new account and use that for editing thank you talk,0,0
33c1664ad0df8021,[[File:Kolkata Knight Riders Logo.svg|200px,file kolkata knight riders logo svg 200px,0,0
9d87233d12050f0f,"Sorry about falling through on the review 

Sorry about falling through on the review. I replied to your email, but I saw somewhere else that you didn't get it so I thought I would leave a comment. Over the past several months I have been trying to reengage with Wikipedia, but its been emotionally hard to reengage. Sorry about any trouble  that I caused, apparantly I am not ready to take on long term projects on wiki. Again, very sorry, I have had people fall through on me before on wiki as well, and I know it isn't fun P",sorry about falling through on the review sorry about falling through on the review i replied to your email but i saw somewhere else that you didn t get it so i thought i would leave a comment over the past several months i have been trying to reengage with wikipedia but its been emotionally hard to reengage sorry about any trouble that i caused apparantly i am not ready to take on long term projects on wiki again very sorry i have had people fall through on me before on wiki as well and i know it isn t fun p,0,0
ae898e8509314675,"""
I remember reading about some hominoid cryptid 12 feet tall that is supposed to roam about in Washinton D.C., so there is a small possibility that this could be a related (misspelled?) critter. And, I think I vaguely recall some cryptid that started with an """"Eth"""" sound (though I don't think it was a hominoid type). Still, it seems that every state has 10 or 11 local names for these things, and obviously they don't all deserve an article. The """"Penthcothian"""" bit is obvious nonsense, but I've seen nonsense just as bad in other cryptozoology stubs. It's a pretty sad article, but I wanted to give it a chance, which is what the 5 days allowed by proposed deletion will do.  """,i remember reading about some hominoid cryptid 12 feet tall that is supposed to roam about in washinton d c so there is a small possibility that this could be a related misspelled critter and i think i vaguely recall some cryptid that started with an eth sound though i don t think it was a hominoid type still it seems that every state has 10 or 11 local names for these things and obviously they don t all deserve an article the penthcothian bit is obvious nonsense but i ve seen nonsense just as bad in other cryptozoology stubs it s a pretty sad article but i wanted to give it a chance which is what the 5 days allowed by proposed deletion will do,0,0
b287b60314273e81,"""

You are now a reviewer
...not that it means much. You're an experienced editor. Once in a while you may have seen a """"pending changes"""" edit waiting for approval. I personally find these things rather pesky. Now you will have the ability to approve or reject the pending change, if you see one. See Wikipedia:Pending changes for more information. ~  """,you are now a reviewer not that it means much you re an experienced editor once in a while you may have seen a pending changes edit waiting for approval i personally find these things rather pesky now you will have the ability to approve or reject the pending change if you see one see wikipedia pending changes for more information,0,0
98f75aa728af6590,"Deletion? 

Why did you delete my page Wikipedia talk? It's just to talk about Wikipedia and ask questions.",deletion why did you delete my page wikipedia talk it s just to talk about wikipedia and ask questions,0,0
6a017394b589711d,"Lame duck presidencies and premierships, as frustrating as they are, have to be respected in an encyclopedia which focuses on those technicalities. Sorry for being brusque, I was trying to speed around and was quite forgot to respond to you. I been berated fairly often for jumping the gun, so I try to be as careful as I can nowadays. Good night.",lame duck presidencies and premierships as frustrating as they are have to be respected in an encyclopedia which focuses on those technicalities sorry for being brusque i was trying to speed around and was quite forgot to respond to you i been berated fairly often for jumping the gun so i try to be as careful as i can nowadays good night,0,0
6a50fdd8b946b261,I am certain you intended these comments for someone else. — Carl ( · talk),i am certain you intended these comments for someone else carl talk,0,0
89a24d69e3dc8bc0,"Notable if covered by other artists? 

Small Axe has been covered by a considerable number of notable artists. Doesn't this make the song notable? -",notable if covered by other artists small axe has been covered by a considerable number of notable artists doesn t this make the song notable,0,0
5bdcf3af269e29a6,"""
What article are you referring to? I tag articles for speedy deletion according to WP:CSD. Talk """,what article are you referring to i tag articles for speedy deletion according to wp csd talk,0,0
577234ff2aaa58bc,I put a warning there 25 minutes ago.   You talkin' to me?,i put a warning there 25 minutes ago you talkin to me,0,0
1b15b57f514fee8b,Thank you for the information.,thank you for the information,0,0
1266d013edece39e,"For additional coverage of the Wikipedia Arbcom aftermath, I've been maintaining a press list here: .",for additional coverage of the wikipedia arbcom aftermath i ve been maintaining a press list here,0,0
12e6dd55f4f166f6,"""

 Ordu page 

ROOB323, you reverted my edit without reason. If you read the Ordu discussion, I have established that the Balakian source is biased and based upon Dardian's biased point of view. The Vakit source dating to 1933 where Dardian cites as a source, also was not corroborated by any other person - academic or none, dead or alive. You are reverting to an edit in discussion and you did not discuss it before or after your edit. That amounts to """"Sneaky Vandalism"""" and distruption of an ongoing discussion. Refer to Nishkid64 if you have issues with that.  """,ordu page roob323 you reverted my edit without reason if you read the ordu discussion i have established that the balakian source is biased and based upon dardian s biased point of view the vakit source dating to 1933 where dardian cites as a source also was not corroborated by any other person academic or none dead or alive you are reverting to an edit in discussion and you did not discuss it before or after your edit that amounts to sneaky vandalism and distruption of an ongoing discussion refer to nishkid64 if you have issues with that,0,0
907b2aaf9b237f81,"""

 September 2007 
 Please stop. If you continue to vandalize Wikipedia, as you did to De Morgan's laws, you will be blocked from editing.   T/C 
If this is a shared IP address, and you didn't make any unconstructive edits, consider creating an account for yourself so you can avoid further irrelevant warnings.""",september 2007 please stop if you continue to vandalize wikipedia as you did to de morgan s laws you will be blocked from editing t c if this is a shared ip address and you didn t make any unconstructive edits consider creating an account for yourself so you can avoid further irrelevant warnings,0,0
5b5c9379e61547b2,"I'ma smack ya upside da head wit a shovel.  

I'm takin ya down, boi.",i ma smack ya upside da head wit a shovel i m takin ya down boi,1,1
7de9d82e267cfc8b,"""

I have never heard of this """"other"""" Jon Favreau. If you think that he is notable and deseves an article on Wikipedia, why don't you create one for him? 24.168.46.100  """,i have never heard of this other jon favreau if you think that he is notable and deseves an article on wikipedia why don t you create one for him 24 168 46 100,0,0
30f0e6ab1087a9cd,"I think Wikipedia should promote good coding practices, and it's good practice to get into the habit of writing -w in the shebang line of all Perl programs.",i think wikipedia should promote good coding practices and it s good practice to get into the habit of writing w in the shebang line of all perl programs,0,0
410ed19bf2d19ae8,"52nd Foot 

My regimental knowledge is pretty much during the Napoleonic wars (I'll have to research the other periods), but at that time they were equipped with muskets.  Early on, there was some talk of providing rifles, but expected/perceived supply issues  of rifled  weapons  caused them to stick with muskets.  As you can imagine, this  made for interesting skirmishing.  The French were equipped with  muskets also, so  fire-fights probably took place at distances of about 50 yds!  If you had nerves of steel, you'd wait for your opposite number to  come within 10 yds.   I'll add some weaponry and fighting tactics to the article, eventaully.  It's all a bit rough at the moment. Thanks for the interest, anyway!",52nd foot my regimental knowledge is pretty much during the napoleonic wars i ll have to research the other periods but at that time they were equipped with muskets early on there was some talk of providing rifles but expected perceived supply issues of rifled weapons caused them to stick with muskets as you can imagine this made for interesting skirmishing the french were equipped with muskets also so fire fights probably took place at distances of about 50 yds if you had nerves of steel you d wait for your opposite number to come within 10 yds i ll add some weaponry and fighting tactics to the article eventaully it s all a bit rough at the moment thanks for the interest anyway,0,0
f492305b6d51693d,""":Redthoreau, your contribution above in this section was highly interesting and educational, and hence was very appreciated. I have accepted most of your reasoning and as a result have decided not to repeat my sins and leave this article alone. But this last paragraph of yours (on those three Wikipedia policies) is nothing else than a spanking. All I did was to try to involve a very notable editor, fluent in Spanish, and familiar with current Latin American affairs, into this small controversy. Whatever the motivation, 'altering' (that is, editing) a Wikipedia article by adding true content is an absolutely legitimate endeavor, hence deserving respect. Which reminds me of an old itch, the scandalous contrast between fact and opinion in this encyclopedia. In Wikipedia opinions (sustained by references, namely, by other's opinions) seem to be valued better than facts, an impression that is frequently reinforced by the language used in discussions like this one. I remind you of the small detail that you have still not addressed the Third item in my preliminary response: (sic)""""...the objective of having Wikipedia tell the truth, which doesn't appear to be among the most important objectives or goals of this Encyclopedia (if it is, I'd appreciate anyone's help and tell me about it).""""  As an aid in a presumably desirable quest for the truth, I'd recommend the article The Killing Machine: Che Guevara, from Communist Firebrand to Capitalist Brand  by the notable writer Álvaro Vargas Llosa, besides, of course, some of his books, which in all likelihood you are already familiar with.
Regards,   

""",redthoreau your contribution above in this section was highly interesting and educational and hence was very appreciated i have accepted most of your reasoning and as a result have decided not to repeat my sins and leave this article alone but this last paragraph of yours on those three wikipedia policies is nothing else than a spanking all i did was to try to involve a very notable editor fluent in spanish and familiar with current latin american affairs into this small controversy whatever the motivation altering that is editing a wikipedia article by adding true content is an absolutely legitimate endeavor hence deserving respect which reminds me of an old itch the scandalous contrast between fact and opinion in this encyclopedia in wikipedia opinions sustained by references namely by other s opinions seem to be valued better than facts an impression that is frequently reinforced by the language used in discussions like this one i remind you of the small detail that you have still not addressed the third item in my preliminary response sic the objective of having wikipedia tell the truth which doesn t appear to be among the most important objectives or goals of this encyclopedia if it is i d appreciate anyone s help and tell me about it as an aid in a presumably desirable quest for the truth i d recommend the article the killing machine che guevara from communist firebrand to capitalist brand by the notable writer lvaro vargas llosa besides of course some of his books which in all likelihood you are already familiar with regards,0,1
5749e52471ae56fa,"""
Hmmpff. [Bishzilla tries to get a little smarter. Gives up. ] How smart need to be for arbcom?  ROARR!! .""",hmmpff bishzilla tries to get a little smarter gives up how smart need to be for arbcom roarr,0,0
38594011b27ebe3d,"Emperor Maximinus Thrax NOT from Italy 

Maximinus Thrax was born in either Moesia (today's Serbia) or Thrace (today's Bulgaria or possibly the western tip of Greece).

He certainly was not from Italy, so the flag and country name should be changed.",emperor maximinus thrax not from italy maximinus thrax was born in either moesia today s serbia or thrace today s bulgaria or possibly the western tip of greece he certainly was not from italy so the flag and country name should be changed,0,0
4041a34a52b3f870,"The summary of the edit Elekbia that I have restarted the article since we have called for experience industry editors to improve article, the way it is edited now is very much unbalanced and non-factual. I thin you folks are attempting to edit it simply based on assisting UNIFORUM as a .africa winner. DCA's article was not based on the current win/lose it is based on all the factual efforts it did on .africa. I insist other editors be involved. thanks",the summary of the edit elekbia that i have restarted the article since we have called for experience industry editors to improve article the way it is edited now is very much unbalanced and non factual i thin you folks are attempting to edit it simply based on assisting uniforum as a africa winner dca s article was not based on the current win lose it is based on all the factual efforts it did on africa i insist other editors be involved thanks,0,0
47fea0ade752e4ca,"what 

are you a real person?",what are you a real person,0,0
1de4d68b81e1ee24,"""

 afc review 

Err, it doesn't fail WP:NMUSIC since the band has signed at Warner... I have the helpee in #wikipedia-en-help. Please rethink your decision. (maybe d|v| would be more correct). mabdul """,afc review err it doesn t fail wp nmusic since the band has signed at warner i have the helpee in wikipedia en help please rethink your decision maybe d v would be more correct mabdul,0,0
37d4e54b95b04984,Why not read Wikipedia Philosophies before deciding everyone else is wrong?  talk,why not read wikipedia philosophies before deciding everyone else is wrong talk,0,0
61eda3a97dd550aa,"so what? 

what should i do? then promise to never edit on wikipedia and i will get unblocked??",so what what should i do then promise to never edit on wikipedia and i will get unblocked,0,0
3d22c2a73adde759,"""

 Hey 

First, it's between me and idiot, so please don't get involved, ok?

I had added information to the Snopes article that I not only verified but then provided information on the talk page on how to do so. Instead of checking the talk page though, lazy idiot just hits revert and goes back to eating chips off his/her chest.

Unfortunately that seems to be all too common around here - I've read countless """"bitching sessions"""" posted by other people added constructive and meaningful information, only to have some lazy jerk remove it on a whim without even bothering to see what it was.

99.139.224.87  """,hey first it s between me and idiot so please don t get involved ok i had added information to the snopes article that i not only verified but then provided information on the talk page on how to do so instead of checking the talk page though lazy idiot just hits revert and goes back to eating chips off his her chest unfortunately that seems to be all too common around here i ve read countless bitching sessions posted by other people added constructive and meaningful information only to have some lazy jerk remove it on a whim without even bothering to see what it was 99 139 224 87,1,0
4ebbef439361a985,"""

Stone Censors
I don’t know that I’m wrong; in fact, I’m quite certain that you and AuburnPilot are in the wrong. You can censor me and block me all you want – you’ve got the power – but you can’t make me confess to wrongs of which I am innocent. Not yet, anyway. And you can’t make me say that you’re right, when you are as wrong as hell. It’s about time somebody talked back to you.

“If you were to discuss your edits, you won't [sic] be in this position right now.” (Since I had already discussed my edits, physicq’s statement above is a case of “a false statement made with deliberate intent to deceive; an intentional untruth; a falsehood.”)

That’s funny peculiar, because wikicensors with the correct politics somehow never have to “discuss” their “edits.” They just go and censor people with whom they disagree, and then demand that the censees justify the worth of the censored passages or links or footnotes. And guess what? The censees’ explanations, no matter how well-founded and eloquent, are never sufficient to make the censors change their minds. Once an editor realizes that nothing he says will have any positive effect on the censors (or should I say, """"commissars""""?), he would be a fool to waste his time and energy trying to change that which cannot be changed. That the censors continue demanding such arguments is because they have a sadistic glee for wasting other people’s precious time and energy.

In case an open-minded (but perhaps less experienced) reader should suspect that I am just engaging in bluster, I had already made my argument in my previous entry on this page (which AuburnPilot has archived in a handsome tan box at the bottom of User_talk:AuburnPilot under the uncivil category, “spam”) for why the footnotes and links I inserted were legitimate, but physicq aka physicq210 derided those arguments as a “polemic, complete with fallacious personal attacks,” and mocked my criticism of his abuse of authority as “whining.” In one case, I pointed out that the external link that AuburnPilot defamed as “spam” and censored, was a classic magazine article related to the  Racial Profiling Hoax.

(Speaking of which, Wikipedia's Racial profiling article is hopelessly POV through the censors’ deleting of links to articles debunking the hoax, and inserting of links to fraudulent “literature” such as thoroughly debunked work by the ACLU.)

In the case of a footnote that AuburnPilot also defamed as “spam” and censored, he cut the longest, most thorough exposé yet published on the  Duke Rape Hoax, which was published by the most brilliant, reliable magazine on the Web, VDARE.

BTW, AuburnPilot asserts that the sources in question are not “reliable” or “verifiable,” and do not maintain “neutrality.” Aside from the fact that thousands of Wikipedia articles are transparent political propaganda, or no more than love or hate letters to certain public figures (particularly entertainers or athletes), AuburnPilot has misrepresented the Wikipedia rule on neutrality. There is no requirement that every source be neutral (as opposed to reliable and verifiable), only that every Wikipedia article be neutral.

WP:NPOV

“All Wikipedia articles must be written from a neutral point of view (NPOV), representing fairly and without bias all significant views that have been published by a reliable source. For guidance on how to make an article conform to the neutral point of view, see the NPOV tutorial.”

As for “verifiablilty,” the VDARE source has over 100 hyperlinks to supporting documentation from newspapers, magazines, TV and radio news organizations, and legal filings; if that isn’t “verifiable,” then nothing is.

Now, I ask you. If I have already made my best argument for including the aforementioned links and footnotes, and physicq aka physicq210 responds by misrepresenting what I said, claiming that I have made no attempt at supporting my position, and referring to my defense as “whining,” what possible reason could I have for continuing such a charade?

Plus, why should I be on the defensive? If I were dealing with fair, reasonable people, that might make sense. But fair, reasonable people would not do as AuburnPilot did, and first censor my edits, and then demand I justify their value on the talk pages. (And physicq would not have responded to an edit war by throwing in with AuburnPilot, immediately blocking me, and charging me with “disruptive edits.” That alone is proof of physicq’s unfitness as an administrator.) No, AuburnPilot would not have censored my work, but would have asked me on the talk page why I thought it belonged. No, strike that. He would have hit the links and read the articles in question. If th",stone censors i don t know that i m wrong in fact i m quite certain that you and auburnpilot are in the wrong you can censor me and block me all you want you ve got the power but you can t make me confess to wrongs of which i am innocent not yet anyway and you can t make me say that you re right when you are as wrong as hell it s about time somebody talked back to you if you were to discuss your edits you won t sic be in this position right now since i had already discussed my edits physicq s statement above is a case of a false statement made with deliberate intent to deceive an intentional untruth a falsehood that s funny peculiar because wikicensors with the correct politics somehow never have to discuss their edits they just go and censor people with whom they disagree and then demand that the censees justify the worth of the censored passages or links or footnotes and guess what the censees explanations no matter how well founded and eloquent are never sufficient to make the censors change their minds once an editor realizes that nothing he says will have any positive effect on the censors or should i say commissars he would be a fool to waste his time and energy trying to change that which cannot be changed that the censors continue demanding such arguments is because they have a sadistic glee for wasting other people s precious time and energy in case an open minded but perhaps less experienced reader should suspect that i am just engaging in bluster i had already made my argument in my previous entry on this page which auburnpilot has archived in a handsome tan box at the bottom of user talk auburnpilot under the uncivil category spam for why the footnotes and links i inserted were legitimate but physicq aka physicq210 derided those arguments as a polemic complete with fallacious personal attacks and mocked my criticism of his abuse of authority as whining in one case i pointed out that the external link that auburnpilot defamed as spam and censored was a classic magazine article related to the racial profiling hoax speaking of which wikipedia s racial profiling article is hopelessly pov through the censors deleting of links to articles debunking the hoax and inserting of links to fraudulent literature such as thoroughly debunked work by the aclu in the case of a footnote that auburnpilot also defamed as spam and censored he cut the longest most thorough expos yet published on the duke rape hoax which was published by the most brilliant reliable magazine on the web vdare btw auburnpilot asserts that the sources in question are not reliable or verifiable and do not maintain neutrality aside from the fact that thousands of wikipedia articles are transparent political propaganda or no more than love or hate letters to certain public figures particularly entertainers or athletes auburnpilot has misrepresented the wikipedia rule on neutrality there is no requirement that every source be neutral as opposed to reliable and verifiable only that every wikipedia article be neutral wp npov all wikipedia articles must be written from a neutral point of view npov representing fairly and without bias all significant views that have been published by a reliable source for guidance on how to make an article conform to the neutral point of view see the npov tutorial as for verifiablilty the vdare source has over 100 hyperlinks to supporting documentation from newspapers magazines tv and radio news organizations and legal filings if that isn t verifiable then nothing is now i ask you if i have already made my best argument for including the aforementioned links and footnotes and physicq aka physicq210 responds by misrepresenting what i said claiming that i have made no attempt at supporting my position and referring to my defense as whining what possible reason could i have for continuing such a charade plus why should i be on the defensive if i were dealing with fair reasonable people that might make sense but fair reasonable people would not do as auburnpilot did and first censor my edits and then demand i justify their value on the talk pages and physicq would not have responded to an edit war by throwing in with auburnpilot immediately blocking me and charging me with disruptive edits that alone is proof of physicq s unfitness as an administrator no auburnpilot would not have censored my work but would have asked me on the talk page why i thought it belonged no strike that he would have hit the links and read the articles in question if th,0,1
d4e1e695617f91f4,"""::::::::::Necrothesp, 'English' is a competing identity with 'Cornish' as, in fact, it has been for others within this island generally.  You are an outstanding example of how suppremacy of this island was achieved by the Anglo-Saxon and then 'English' (also euphemised as British) Imperialism over the past 1500 years - a process still very much active within Cornwall today.  I have no doubt that you hold your view of identity sincerely, but it is incredible that as, allegedly, a Cornishman that you have found it so easy to dismiss what has long been an ongoing debate within our Cornish Duchy - and talk pages of wikipedia.  

I do not consider my sensibilities to be """"more important"""" than yours, but I do feel that they are equally as important to be considered and respected.  My sensibility respects the rights of the Cornish people to exist and to be seen to exist and, by inferrence, the rights of others.  Yours, on the other hand is built upon historical misrepresentation, repressive lies and deceit, and some inate imperial desire to destroy.  You, of course, will neither see this nor accept it! Probably best if we leave it there!   

""",necrothesp english is a competing identity with cornish as in fact it has been for others within this island generally you are an outstanding example of how suppremacy of this island was achieved by the anglo saxon and then english also euphemised as british imperialism over the past 1500 years a process still very much active within cornwall today i have no doubt that you hold your view of identity sincerely but it is incredible that as allegedly a cornishman that you have found it so easy to dismiss what has long been an ongoing debate within our cornish duchy and talk pages of wikipedia i do not consider my sensibilities to be more important than yours but i do feel that they are equally as important to be considered and respected my sensibility respects the rights of the cornish people to exist and to be seen to exist and by inferrence the rights of others yours on the other hand is built upon historical misrepresentation repressive lies and deceit and some inate imperial desire to destroy you of course will neither see this nor accept it probably best if we leave it there,0,1
89382822db634314,"""Going back even further, it is listed as Global Regular Expression Print in Dale Dougherty's sed & awk (O'Reilly 1990). The assertion that this is a backronym is tenuous. Since when would any Unix user state """"search globally for lines matching the regular expression, and print them"""" when """"Global Regular Expression Print"""" says it all?  

""",going back even further it is listed as global regular expression print in dale dougherty s sed awk o reilly 1990 the assertion that this is a backronym is tenuous since when would any unix user state search globally for lines matching the regular expression and print them when global regular expression print says it all,0,0
82e2845106853d29,"Excellent, thanks. Will give that a try and see what they say. Appreciate your thoughtful responses! Jennifer Sereno",excellent thanks will give that a try and see what they say appreciate your thoughtful responses jennifer sereno,0,0
5a14badbfb211476,"AfD warning 

It looks as if other people trying to show you were you are going wrong haven't had any success, so I'll make it clear: if you continue to nominate articles for deletion which are about notable subjects (as established after spending some effort on Google searches), you will be blocked. 

Not every AfD needs to be successful, many of my AfDs end in keep or no consensus. But starting an AfD for lack of notability without doing any effort to find sources yourself is against policies and guidelines, and continuing to do so after it has been explained to you is disruptive. Speedy deletion criteria have nothing to do with this, and don't apply to films and so on anyway; but note that e.g. a record can only be speedy deleted if the musician or band are a redlink: similarly, we wouldn't speedy delete a film article where the main actors are bluelinks even if we had a speedy criterion for films.",afd warning it looks as if other people trying to show you were you are going wrong haven t had any success so i ll make it clear if you continue to nominate articles for deletion which are about notable subjects as established after spending some effort on google searches you will be blocked not every afd needs to be successful many of my afds end in keep or no consensus but starting an afd for lack of notability without doing any effort to find sources yourself is against policies and guidelines and continuing to do so after it has been explained to you is disruptive speedy deletion criteria have nothing to do with this and don t apply to films and so on anyway but note that e g a record can only be speedy deleted if the musician or band are a redlink similarly we wouldn t speedy delete a film article where the main actors are bluelinks even if we had a speedy criterion for films,0,0
3d41e3d07db1a6e2,The coordinate is wrong. Please cross-reference with mine for verification.,the coordinate is wrong please cross reference with mine for verification,0,0
9984d1ecdee3927f,"""
 Deletion discussion about JD Lighting 
Hello, Zapecptyltd, 

I wanted to let you know that there's a discussion about whether JD Lighting should be deleted. Your comments are welcome at  Wikipedia:Articles for deletion/JD Lighting . 

If you're new to the process, articles for deletion is a group discussion (not a vote!) that usually lasts seven days. If you need it, there is a guide on how to contribute. Last but not least, you are highly encouraged to continue improving the article; just be sure not to remove the tag about the deletion nomination from the top. 

Thanks,  (talk) """,deletion discussion about jd lighting hello zapecptyltd i wanted to let you know that there s a discussion about whether jd lighting should be deleted your comments are welcome at wikipedia articles for deletion jd lighting if you re new to the process articles for deletion is a group discussion not a vote that usually lasts seven days if you need it there is a guide on how to contribute last but not least you are highly encouraged to continue improving the article just be sure not to remove the tag about the deletion nomination from the top thanks talk,0,0
912309ae83d9df67,"the link won't malfuction. -)  | Talk 20:00, 11 Nov 2004 (UTC)",the link won t malfuction talk 20 00 11 nov 2004 utc,0,0
ae9f55dde21ca946,"""
 Many thanks, all OK, your patience is appreciated!  Let’s have a chat. """,many thanks all ok your patience is appreciated let s have a chat,0,0
5ba6a2378afde8e1,"Came on this topic researching something else. I have no answers but I have this to offer from TECHNICAL REPORT 60, RICE BLAST EPIPHYTOLOGY(U), Thomas H. Barksdale, Marian W. Jones (1965):  

71.47.124.243",came on this topic researching something else i have no answers but i have this to offer from technical report 60 rice blast epiphytology u thomas h barksdale marian w jones 1965 71 47 124 243,0,0
98abc97b23136f60,"Just for clarification you're a cock. Congrats on having software that can detect IP changers. Glad I only got it on the trial. No, you really are a cock.",just for clarification you re a cock congrats on having software that can detect ip changers glad i only got it on the trial no you really are a cock,1,1
b34c6138c621b9fa,"The 3RR and you 

I responded to your comment on Wikipedia:Administrators' noticeboard/3RR. In case you're not watching that page, i didn't want you to miss it. ·o<",the 3rr and you i responded to your comment on wikipedia administrators noticeboard 3rr in case you re not watching that page i didn t want you to miss it o,0,0
c7dc30cb95876035,".

Or learn from others at: http://en.wikipedia.org/wiki/Ervin_L%C3%A1szl%C3%B3#cite_note-0",or learn from others at,0,0
dffcded506d3ec36,Relying on Eugenie Scott's word regarding what constitutes an official stance of the catholic church is the equivalent of relying on the word of Mahmoud Ahmadinejad for a description of modern Judaism. The use of Eugenie Scott in this capacity is proof that Wikipedia is not a reputable information  source. period.,relying on eugenie scott s word regarding what constitutes an official stance of the catholic church is the equivalent of relying on the word of mahmoud ahmadinejad for a description of modern judaism the use of eugenie scott in this capacity is proof that wikipedia is not a reputable information source period,0,0
3e57de792a4955b5,"Welcome!   
-    
- Hello, , and welcome to Wikipedia! Thank you for your contributions. I hope you like the place and decide to stay. Here are some pages that you might find helpful:   
- *The five pillars of Wikipedia   
- *How to edit a page   
- *Help pages   
- *Tutorial   
- *How to write a great article   
- *Manual of Style   
- I hope you enjoy editing here and being a Wikipedian! Please sign your name on talk pages using four tildes (~~~~); this will automatically produce your name and the date. If you need help, check out Wikipedia:Questions, ask me on my talk page, or place {{helpme}} on your talk page and someone will show up shortly to answer your questions. Again, welcome!  User: Big Boss 0

 Warning 
Your vandalism to my use page and the Glen Jacobs (Kane) page will not be tolerated. If you continue to vandalize pages you will be blocked for vandalism and personal attacks. User: Big Boss 0",welcome hello and welcome to wikipedia thank you for your contributions i hope you like the place and decide to stay here are some pages that you might find helpful the five pillars of wikipedia how to edit a page help pages tutorial how to write a great article manual of style i hope you enjoy editing here and being a wikipedian please sign your name on talk pages using four tildes this will automatically produce your name and the date if you need help check out wikipedia questions ask me on my talk page or place helpme on your talk page and someone will show up shortly to answer your questions again welcome user big boss 0 warning your vandalism to my use page and the glen jacobs kane page will not be tolerated if you continue to vandalize pages you will be blocked for vandalism and personal attacks user big boss 0,0,0
5b8e87169cad1fb8,"""

Ro Board
You mean to say """"Winona"""" is an alias for Alexandru007? Because his name had been replaced by her. So... What's this about?  """,ro board you mean to say winona is an alias for alexandru007 because his name had been replaced by her so what s this about,0,0
cd50253adcd8013a,"""
Thank you for the warm welcome! talk """,thank you for the warm welcome talk,0,0
6442abc30ac43983,"I created that essay as something unto which to refer people, rather than having to rehash the rationale thereïn every time the reasons applied, not to give my views an aura of authority. Attested Wiktionary entries are, meanwhile, truly authoritative, in that they prove a given word’s existence, and, in the case of preëmptive, show the word’s recent use.",i created that essay as something unto which to refer people rather than having to rehash the rationale there n every time the reasons applied not to give my views an aura of authority attested wiktionary entries are meanwhile truly authoritative in that they prove a given word s existence and in the case of pre mptive show the word s recent use,0,0
e8475f724ae5c0bf,"No, these are not the latest version numbers; they signify which version the shown support is relevant for.
Minority browsers are relevant for showing broadness of support for HTML5, and killing the portability incentive/myth of using Flash.
Market share: I wouldn't believe such statistics, unless I could verify their classification of the user-agents in question. As a Konqueror user, I am so fed up with being incorrectly recognised as safari user.
Complex? Rather oversimplified, I woud call it, because you can't generally say «this browser supports that format». It depends on the codecs shipped with the operating system more than anything else, which this table fails to convey.",no these are not the latest version numbers they signify which version the shown support is relevant for minority browsers are relevant for showing broadness of support for html5 and killing the portability incentive myth of using flash market share i wouldn t believe such statistics unless i could verify their classification of the user agents in question as a konqueror user i am so fed up with being incorrectly recognised as safari user complex rather oversimplified i woud call it because you can t generally say this browser supports that format it depends on the codecs shipped with the operating system more than anything else which this table fails to convey,0,0
a98f8244226d855f,"""

I've worked in digital cash for about 20 years; it's clear that digital bearer token money (i.e. Chaumian blinded money) could be used to represent arbitrary assets.  There is a difference between distributed and centralized systems, and right now the only really viable distributed model is blockchain based, but the distinction shouldn't be """"cryptocurrency vs. non-cryptocurrency"""", but """"blockchain-based cryptocurrency vs. blinded token cryptocurrency"""".  They're both distinct from account-based money.

There are ways in which blinded money is actually *more* cryptocurrency than blockchain money  by eliminating the historical record of linkability inherent in the blockchain or account-based systems, blinded tokens are inherently fungible, which supports negotiability and finality.

I'm not sure what the solution is to this article; move it en-masse to """"blockchain currency"""" or merge with bitcoin and then redirect cryptocurrency to digital cash?   

""",i ve worked in digital cash for about 20 years it s clear that digital bearer token money i e chaumian blinded money could be used to represent arbitrary assets there is a difference between distributed and centralized systems and right now the only really viable distributed model is blockchain based but the distinction shouldn t be cryptocurrency vs non cryptocurrency but blockchain based cryptocurrency vs blinded token cryptocurrency they re both distinct from account based money there are ways in which blinded money is actually more cryptocurrency than blockchain money by eliminating the historical record of linkability inherent in the blockchain or account based systems blinded tokens are inherently fungible which supports negotiability and finality i m not sure what the solution is to this article move it en masse to blockchain currency or merge with bitcoin and then redirect cryptocurrency to digital cash,0,0
472ee727a0c757bb,Don't be so deceitful. Constructive edits are not vandalism. You know that full well. You have been reverting everything anyone adds without discussion and without good reason. THAT is obvious vandalism. You will have to accept that people will disagree with you. That is the principle of Wikipedia.,don t be so deceitful constructive edits are not vandalism you know that full well you have been reverting everything anyone adds without discussion and without good reason that is obvious vandalism you will have to accept that people will disagree with you that is the principle of wikipedia,0,0
4e4486135e04ff3f,"""

7 September 2006

Please do not add nonsense to Wikipedia; it is considered vandalism. If you would like to experiment, use the sandbox. Thank you.     ✍ """,7 september 2006 please do not add nonsense to wikipedia it is considered vandalism if you would like to experiment use the sandbox thank you,0,0
e1549326487764eb,"id say that animal farm is more of an attack against totalitarianism, than an attack against communism, thats at least how i always took it.74.192.12.135",id say that animal farm is more of an attack against totalitarianism than an attack against communism thats at least how i always took it 74 192 12 135,0,0
6336c95082efe795,"""

 Re;January 2009 

I'm not new to wikis or a newbie so yea. And I forgot put my found ;( I'll add it later it's 3:51 AM so okPikachu! 

Oh and I don't where you're from, but Jacopo Sarno is an Italian singer who stars in Disney Channel Italy Quelli dell'Intervallo known as """"As the Bell Rings"""" in English speaking countries.Pikachu! 

Okay.Pikachu! 

Orphaned non-free image (File:MaitlandMercurymasthead.jpg)
You've uploaded File:MaitlandMercurymasthead.jpg, and indicated that it's used under Wikipedia's rules for non-free images.  However, it's not presently used in any articles.  Wikipedia policy requires that non-free images be either used or deleted, so if this image isn't used in an article in the next week, it will be deleted.

This is an automated notice by . For assistance on the image use policy, see Wikipedia:Media copyright questions. 
 Image has been replaced by png version so there's no need to keep this jpg version.   

Encyclopedia77
Hi Aussie, I just wanted to leave you a quick note about this guy. I see you keeping removing your name from his """"retirement comments"""", and I would suggest that if he adds it again, just leave it. Nobody who reads it and looks into it is going to agree that you """"made his life miserable"""". All you're doing by reverting him is giving him the attention he's clearly here for, bear in mind that he """"retired"""" before Christmas, and yet has done 40+ edits since then, most to his talk page, including this rather sad attempt at getting attention,   

Non-free use images on user pages
This particular page is meant to be an example of a new layout for the List of Indian inventions page. It's obviously a linked user page. As such it really does need to have those particular images for a few days so that the interested parties can view the page the way it would look if the new layout was adopted. They are NOT there to glorify me or to make my user page look nice. Considering it is only temporary and that the page in question DOES have permission to use the images can we get around the rule for a couple of days?     

 Please read this 

this and this Encyclopedia77  Talk  """,re january 2009 i m not new to wikis or a newbie so yea and i forgot put my found i ll add it later it s 3 51 am so okpikachu oh and i don t where you re from but jacopo sarno is an italian singer who stars in disney channel italy quelli dell intervallo known as as the bell rings in english speaking countries pikachu okay pikachu orphaned non free image file maitlandmercurymasthead jpg you ve uploaded file maitlandmercurymasthead jpg and indicated that it s used under wikipedia s rules for non free images however it s not presently used in any articles wikipedia policy requires that non free images be either used or deleted so if this image isn t used in an article in the next week it will be deleted this is an automated notice by for assistance on the image use policy see wikipedia media copyright questions image has been replaced by png version so there s no need to keep this jpg version encyclopedia77 hi aussie i just wanted to leave you a quick note about this guy i see you keeping removing your name from his retirement comments and i would suggest that if he adds it again just leave it nobody who reads it and looks into it is going to agree that you made his life miserable all you re doing by reverting him is giving him the attention he s clearly here for bear in mind that he retired before christmas and yet has done 40 edits since then most to his talk page including this rather sad attempt at getting attention non free use images on user pages this particular page is meant to be an example of a new layout for the list of indian inventions page it s obviously a linked user page as such it really does need to have those particular images for a few days so that the interested parties can view the page the way it would look if the new layout was adopted they are not there to glorify me or to make my user page look nice considering it is only temporary and that the page in question does have permission to use the images can we get around the rule for a couple of days please read this this and this encyclopedia77 talk,0,1
0a9e4041a398f15c,"POV pushing? It is actually those words their in the end that is POV pushing. This isnt nationalism or Armenian patriotism, since V.V. Ivanov and Tamaz Gamkrelidze are the ones that embraced the Armenian hypothesis with the Glottic theory. We also discussed together about the ancient records in the Bronze Age here -> Talk:Armens. Also there are Indo-European (Aryan) presence from ancient burial mounds, swastika symbols, and culture of the 3rd millenium BC Kuro-Araxes culture, which continued to another culture in 2nd millenium BC with Indo-European presence. In 2nd millenium BC Hayasa, etc etc tribes and states continue with Indo-European, with those records of the name clearly identify Armenians and Armenia. The name Armen or Arman which both Persians and Germans (other Indo-European Aryans) put also",pov pushing it is actually those words their in the end that is pov pushing this isnt nationalism or armenian patriotism since v v ivanov and tamaz gamkrelidze are the ones that embraced the armenian hypothesis with the glottic theory we also discussed together about the ancient records in the bronze age here talk armens also there are indo european aryan presence from ancient burial mounds swastika symbols and culture of the 3rd millenium bc kuro araxes culture which continued to another culture in 2nd millenium bc with indo european presence in 2nd millenium bc hayasa etc etc tribes and states continue with indo european with those records of the name clearly identify armenians and armenia the name armen or arman which both persians and germans other indo european aryans put also,0,0
ce01bc0a394b426e,"When the said editor BLATANTLY REMOVES SOURCED STATEMENTS TO ADVANCE AN EXTREMIST PARTISAN AGENDA, I reserve the right to attack him/her as much as I darn please!!! 67.170.215.166",when the said editor blatantly removes sourced statements to advance an extremist partisan agenda i reserve the right to attack him her as much as i darn please 67 170 215 166,0,1
9b5931ae36486e1f,"Agreed.  Alan cites Cecil Papers, iv. pp. 394-5 (143/69, 71, 72v).  I've not seen this document (it's difficult to get copies of the Cecil Papers), but Oxford and Elizabeth Trentham were not married until December 1591, so a birthdate of 24 February 1592 would be awkward, to say the least. Nina Green205.250.205.73",agreed alan cites cecil papers iv pp 394 5 143 69 71 72v i ve not seen this document it s difficult to get copies of the cecil papers but oxford and elizabeth trentham were not married until december 1591 so a birthdate of 24 february 1592 would be awkward to say the least nina green205 250 205 73,0,0
da1041a1dbac9f70,REDIRECT Talk:Lakewood Church Central Campus,redirect talk lakewood church central campus,0,0
b7123c9ceef70098,"In any case, I didn't write the first diff you show, but I agree with it. Nothing is uncalled for, because he said it both implicitly and explicitly. You are getting rather uncivil and tendentious and you should stop that.",in any case i didn t write the first diff you show but i agree with it nothing is uncalled for because he said it both implicitly and explicitly you are getting rather uncivil and tendentious and you should stop that,0,0
724e729311963b8a,|90.219.222.144]] (talk • contribs),90 219 222 144 talk contribs,0,0
46d5cf880820677a,"""

 Collapsed and Closed Sections 

What's been going on here is people pointing out that legitimate and notable criticism of her knowledge of video games, that Anita does not meet notability standards as no credible sources (nothing even close to a peer reviewed journal) have praised her work, and a bunch of long time editors have said """"No criticism allowed because she awesome! Go away!""""

The reason her work will never find its way into a psychology journal is because it is complete BS. There is a huge difference between toys made for boys and toys made for girls because corporations have done extensive market research and design to taste. It has nothing to do with a conspiracy against women that has been successful for thousands of years across every culture known to history. The fact that Anita wants girls to play games made for boys doesn't make her relevant, it makes her a fighter of reality, as well as a hypocrite.

She recently expressed her anger at video game makers for including female characters but used a bow on their heads to distinguish them, even though old school graphics left few options, and ignored the fact that modern video games are able to make females distinct in many ways. Yes, bows were used to distinguish females, because women are into accessories. They could have used, I don't know, giant hoop earrings. If Anita is as adamant as she claims, she needs to free her ears of the great patriarchy's brand and shave her head.

What about little boys who want to play with dolls and My Little Pony? They get teased much worse than girls who want to play video games made for boys. I guess that's because they're not manly enough, so it's still girls who are being oppressed.

The idea that men and women should be treated equally in the workplace is one thing but the idea that men and women don't have fundamentally different tastes, and are the victims of an ancient conspiracy to convince us all that we do, is a bunch of BS that will never be taken seriously by any professional journal. This is why Anita is an irrelevant nobody (and proven liar: """"I love video games."""" I'm not a fan of video games"""") and doesn't deserve a page beyond the incident where she played the victim and was given a bunch of money. I know, """"go away!""""209.89.84.174  """,collapsed and closed sections what s been going on here is people pointing out that legitimate and notable criticism of her knowledge of video games that anita does not meet notability standards as no credible sources nothing even close to a peer reviewed journal have praised her work and a bunch of long time editors have said no criticism allowed because she awesome go away the reason her work will never find its way into a psychology journal is because it is complete bs there is a huge difference between toys made for boys and toys made for girls because corporations have done extensive market research and design to taste it has nothing to do with a conspiracy against women that has been successful for thousands of years across every culture known to history the fact that anita wants girls to play games made for boys doesn t make her relevant it makes her a fighter of reality as well as a hypocrite she recently expressed her anger at video game makers for including female characters but used a bow on their heads to distinguish them even though old school graphics left few options and ignored the fact that modern video games are able to make females distinct in many ways yes bows were used to distinguish females because women are into accessories they could have used i don t know giant hoop earrings if anita is as adamant as she claims she needs to free her ears of the great patriarchy s brand and shave her head what about little boys who want to play with dolls and my little pony they get teased much worse than girls who want to play video games made for boys i guess that s because they re not manly enough so it s still girls who are being oppressed the idea that men and women should be treated equally in the workplace is one thing but the idea that men and women don t have fundamentally different tastes and are the victims of an ancient conspiracy to convince us all that we do is a bunch of bs that will never be taken seriously by any professional journal this is why anita is an irrelevant nobody and proven liar i love video games i m not a fan of video games and doesn t deserve a page beyond the incident where she played the victim and was given a bunch of money i know go away 209 89 84 174,0,1
7e24f893f6012713,""" A question ==
What does it mean that """"some U.S. versions"""" of the Saturn release did contain original footage? How many U.S. versions have been released?
puppi- 25/08/06

==""",a question what does it mean that some u s versions of the saturn release did contain original footage how many u s versions have been released puppi 25 08 06,0,0
52f33b8073643ec6,"This is exactly what Sali has done, it is the facts, so the bias agruement should be saved fro Faux News.",this is exactly what sali has done it is the facts so the bias agruement should be saved fro faux news,0,0
1da61c60fd2bc081,"""
It seems to me that you could include the most notable astronauts, with a  link to the subarticle. It could be difficult to determine which are the most notable, though, so maybe you could include the first 5 or so in alphabetical order? – Tropical Cyclone """,it seems to me that you could include the most notable astronauts with a link to the subarticle it could be difficult to determine which are the most notable though so maybe you could include the first 5 or so in alphabetical order tropical cyclone,0,0
2c0ad8b3b0924623,"BOW BEFORE SAXON FOOLS!! 

Australia, in 2007 you know who to vote for.

But why vote Saxon?

Well let's say he can fix all of our problems
-Japanese whaling (By destroying the whole of Japan)
-Global Warming (through Genocide which means less drivers)
-Iraq War (By including all terrorist as the 1/3 of the population to be decimated)
-Crappy Politicians (by gassing them, Hitler-style)
-Pollution (everytime you drop a butt, the Toclafanes kill a kitten...I mean human)
-Overcrowding in Prisons (Capital punishment via Toclafanes)
-Energy wasting (Death by Toclafanes to all people who spend 10 Hours a day on the internet)
-The Avatar Shipping War (simple threaten the writers of Avatar with death by Toclafanes)
And I'm sure you would like this one
-Wikipedia 'vandals (I'm sure you get the drill by now)

So on election day Australia, make your vote count. Put a big X in the box for Mr Saxon.",bow before saxon fools australia in 2007 you know who to vote for but why vote saxon well let s say he can fix all of our problems japanese whaling by destroying the whole of japan global warming through genocide which means less drivers iraq war by including all terrorist as the 1 3 of the population to be decimated crappy politicians by gassing them hitler style pollution everytime you drop a butt the toclafanes kill a kitten i mean human overcrowding in prisons capital punishment via toclafanes energy wasting death by toclafanes to all people who spend 10 hours a day on the internet the avatar shipping war simple threaten the writers of avatar with death by toclafanes and i m sure you would like this one wikipedia vandals i m sure you get the drill by now so on election day australia make your vote count put a big x in the box for mr saxon,1,1
6fc76a107e5d508a,Does anyone agree that sarcasm can not be conveyed?,does anyone agree that sarcasm can not be conveyed,0,0
52b211d51300a72a,"By the way, I think the page should be at Celebrity Big Brother (UK) to give it the correct name but am unable to move it.",by the way i think the page should be at celebrity big brother uk to give it the correct name but am unable to move it,0,0
072b18f76b7686d7,You removed posts by me as well.  Do you have any explanation?  - Talk,you removed posts by me as well do you have any explanation talk,0,0
814efa3bdec4f881,"Also, how come there is no reference whatsoever to the economical point of view in this argument? If homosexual marriages are reconginised  legally, wont there be higher medical costs for the government and employers? Many, american workers get spouse coverage wouldnt this have to be applied to homosexual unions as well if it passes? Not the mention the tax breaks that hetrosexual couples enjoy, would this appply to homosexual marriages as well? By law a spouse can not testify against there partner, would this apply to homosexual couples? Traditionaly during divorce hearings the mother gets primary custody, how will this be modified for homosexual divorces? In NY state a 16 year old can marry another 16 year old with parent permission. If it passes will this be allowed for homosexual couples?",also how come there is no reference whatsoever to the economical point of view in this argument if homosexual marriages are reconginised legally wont there be higher medical costs for the government and employers many american workers get spouse coverage wouldnt this have to be applied to homosexual unions as well if it passes not the mention the tax breaks that hetrosexual couples enjoy would this appply to homosexual marriages as well by law a spouse can not testify against there partner would this apply to homosexual couples traditionaly during divorce hearings the mother gets primary custody how will this be modified for homosexual divorces in ny state a 16 year old can marry another 16 year old with parent permission if it passes will this be allowed for homosexual couples,0,0
309de49b3c130648,"""

 newest incarnations 

Needs a picture of the Batman vs. Superman batmobile and the """"Arkhamverse"""" batmobile (uing both modes)   """,newest incarnations needs a picture of the batman vs superman batmobile and the arkhamverse batmobile uing both modes,0,0
fdc0dfce8be74371,"Well the other editors are clearly trying to mislead the public. As you are right now when you are blocking my very well reasoned explanation 

Some liar, and there is no nodubt whatsoever that this is lying, keeps changing the wording to imply that he knows WITH TOTAL CERTITUDE that the ENTIRE AMOUNT OF THE RECENT WARMING is human-induced. Asking lunatics like this for evidence, with all working out shown, appears to be pointless. The other thing is the campaign against warmer winters for Siberians appears to be self-contradictory. If the entire amount of warming was human-induced that would mean we would have been cooling or on a tightrope to cooling but for the human-influence..... But elsewhere they deny this. So there is no doubt the attempts to edit me lately have been motivated by pure dishonesty. And lets be fair here. My editing is only to do with obvious and known dishonesties. And its incredibly  minimal",well the other editors are clearly trying to mislead the public as you are right now when you are blocking my very well reasoned explanation some liar and there is no nodubt whatsoever that this is lying keeps changing the wording to imply that he knows with total certitude that the entire amount of the recent warming is human induced asking lunatics like this for evidence with all working out shown appears to be pointless the other thing is the campaign against warmer winters for siberians appears to be self contradictory if the entire amount of warming was human induced that would mean we would have been cooling or on a tightrope to cooling but for the human influence but elsewhere they deny this so there is no doubt the attempts to edit me lately have been motivated by pure dishonesty and lets be fair here my editing is only to do with obvious and known dishonesties and its incredibly minimal,0,0
0667f1ed1f0dca4e,I'm denying BLP violations.99.141.241.135,i m denying blp violations 99 141 241 135,0,0
aeec47acdadf2d47,WE ARE JUST TRYING TO PROTEST THE MILITARY GOVERNMENT! WHY IS EVERYONE SO CONCERNED ABOUT THIS DAMN PAGE BUT NOT THE PEOPLE OF MYANMAR!!!!!!!!!!!!!!!!!!!!!!!!!!!!!!!!!!!!!!!!!!!!!!!!!!!!!!!!!!!!!!!!!!!!!!!!!!!!!!!!!!!!!!!!!!!!!!!!!!!!!!!!!!!!!!!!!!!!!!!!!!!!!!!!!!!!!!!!!!!!!!!!!!!!!!!!!!!!!!!!,we are just trying to protest the military government why is everyone so concerned about this damn page but not the people of myanmar,1,1
b64826d9d70c4ae2,[Preceding commentary added by anonymous user at IP 194.109.22.149 on 2 October 2006.],preceding commentary added by anonymous user at ip 194 109 22 149 on 2 october 2006,0,0
9fb24d1adf9d1907,"I'm waiting Dinks, don't go to sleep like the last time...:)))",i m waiting dinks don t go to sleep like the last time,0,0
e87218d38eb16700,TRY TALKING FOR YOURSELF INSTEAD OF REFERRING ME TO PLACES   HOW BOUT YOU READ THE MESSAGE I WROTE ON YOUR DADS COCK TELLING HIM HO SHIT IN BED YOUR MUM WAS,try talking for yourself instead of referring me to places how bout you read the message i wrote on your dads cock telling him ho shit in bed your mum was,1,1
054f92b9b3674bf2,"""

 Misleading reference to study? 

In the section on lead paint in art (which I largely wrote), someone added the following:

""""Lead paint will often become discolored over long periods of time. This is due to the reaction of the lead carbonate in the paint with traces of hydrogen sulfide in the air and with acids, often from fingerprints. [2] As a result, many older works of art that used lead paint now show some discoloration.""""

As I found this surprising, I went and carefully read the study being cited. Their research seemed to refer only to lead in aqueous media on paper, although that wasn't absolutely clear. But lead paint is almost never used that way! Artists working in transparent watercolor (aquarelle) don't usually use white paint, or just occasionally a bit of """"Chinese White"""" (not lead) to make corrections. And opaque watercolors (gouache) and acrylic (polymer) artist's paints typically use titanium dioxide or (rarely) zinc white, but never lead. Normally """"flake white"""" is used only by oil painters, and there's no indication in the study that they were referring to oil paints. Cooperstown is a well-respected institution, but as of now I'm sticking with the classic (Ralph Mayer). Flake white may get *slightly* yellowish after centuries, but nothing like the gross discoloration referred to in the paragraph above. If someone has more information on this, please mention it here; otherwise when I come back I'm going to delete that paragraph or water it down (no pun intended).""",misleading reference to study in the section on lead paint in art which i largely wrote someone added the following lead paint will often become discolored over long periods of time this is due to the reaction of the lead carbonate in the paint with traces of hydrogen sulfide in the air and with acids often from fingerprints 2 as a result many older works of art that used lead paint now show some discoloration as i found this surprising i went and carefully read the study being cited their research seemed to refer only to lead in aqueous media on paper although that wasn t absolutely clear but lead paint is almost never used that way artists working in transparent watercolor aquarelle don t usually use white paint or just occasionally a bit of chinese white not lead to make corrections and opaque watercolors gouache and acrylic polymer artist s paints typically use titanium dioxide or rarely zinc white but never lead normally flake white is used only by oil painters and there s no indication in the study that they were referring to oil paints cooperstown is a well respected institution but as of now i m sticking with the classic ralph mayer flake white may get slightly yellowish after centuries but nothing like the gross discoloration referred to in the paragraph above if someone has more information on this please mention it here otherwise when i come back i m going to delete that paragraph or water it down no pun intended,0,1
5768f0f1162d6da4,Or the AppoloBoy fag-mobile.,or the appoloboy fag mobile,0,1
fa42d1eb17010dbc,"John Deere 

No vandalisms again and again please!! Otherwise you risk a block.",john deere no vandalisms again and again please otherwise you risk a block,0,0
5a3a3c9ea9686383,"Dougweller, you lied in this edit summary and you had clearly seen the discussion here, with Aoid insisting on the need for consensus before changing Aesop's Fables from the status quo to Mzilikazi's hijacked version. Therefore your edit was entirely inappropriate and for that reason I'm going to revert it. The block that you refer to was for using a 1-month-old consensus as the basis to protect an article from a gang of edit warriors. Whilst it's already fallacious due to the fact that it's entirely an ad hominem argument, it's even more dubious because you yourself are trying to use the discussion on this talk page as the basis to support Mzilikazi's illegal edits. If one reads the June 2012 discussion here, they'll see a 1.5-year-old unresolved issue. How is a 1.5-year-old unresolved issue justification for Mzilikazi's latest edit war when a 1-month-old consensus is apparently so worthless that I deserved to be blocked for implementing it?

Besides, this talk page certainly wasn't the entire discussion; you're cherry-picking and you know it full well. In reality, Mzilikazi conceded defeat in the first edit war here, hence both Aesop and Aesop's Fables returned to their BC/AD state after 1.5 years of Mzilikazi bullying anyone who tried to undo his illegal changes. The status quo was protected for many months until Mzilikazi used his sock puppet Afkun to start a 2nd edit war 7 months later. Mzilikazi was the original and main trouble-maker on your side of the first edit war, Dougweller, so by completely ignoring his concession of defeat and cherry-picking evidence in an attempt to claim you won is outrageous and shows just how little value one should place on your thoughts here. (  )",dougweller you lied in this edit summary and you had clearly seen the discussion here with aoid insisting on the need for consensus before changing aesop s fables from the status quo to mzilikazi s hijacked version therefore your edit was entirely inappropriate and for that reason i m going to revert it the block that you refer to was for using a 1 month old consensus as the basis to protect an article from a gang of edit warriors whilst it s already fallacious due to the fact that it s entirely an ad hominem argument it s even more dubious because you yourself are trying to use the discussion on this talk page as the basis to support mzilikazi s illegal edits if one reads the june 2012 discussion here they ll see a 1 5 year old unresolved issue how is a 1 5 year old unresolved issue justification for mzilikazi s latest edit war when a 1 month old consensus is apparently so worthless that i deserved to be blocked for implementing it besides this talk page certainly wasn t the entire discussion you re cherry picking and you know it full well in reality mzilikazi conceded defeat in the first edit war here hence both aesop and aesop s fables returned to their bc ad state after 1 5 years of mzilikazi bullying anyone who tried to undo his illegal changes the status quo was protected for many months until mzilikazi used his sock puppet afkun to start a 2nd edit war 7 months later mzilikazi was the original and main trouble maker on your side of the first edit war dougweller so by completely ignoring his concession of defeat and cherry picking evidence in an attempt to claim you won is outrageous and shows just how little value one should place on your thoughts here,0,1
b2c3de5315c8f004,"Thankyou Sitush , your concern for me is touching , am sorry if my indents have  irritated you ! .",thankyou sitush your concern for me is touching am sorry if my indents have irritated you,0,0
53d754ded65be603,The republican party is a cabal now?,the republican party is a cabal now,0,0
718fb49e57566850,"Eat a dick 

Eat a dick, wikinazi.

Big dickBig dickBig dickBig dickBig dickBig dickBig dickBig dickBig dickBig dickBig dickBig dickBig dick",eat a dick eat a dick wikinazi big dickbig dickbig dickbig dickbig dickbig dickbig dickbig dickbig dickbig dickbig dickbig dickbig dick,1,1
3a67f897b2005487,"""

 Please do not vandalize pages, as you did with this edit to Kay. If you continue to do so, you will be blocked from editing.    """,please do not vandalize pages as you did with this edit to kay if you continue to do so you will be blocked from editing,0,0
988a770426db9e4b,you are welcome.   Talk,you are welcome talk,0,0
7efb6ed1ab4b1950,"""

 No.  That article is dated two years ago (2013).  And it says: """"In testimony last week, LeVonna Anderson, an administrator at the Anderson Private School that Couch had once attended, testified that ... """".  The same article continues with: """"That was the teen's last year at the school, Anderson said.""""    """,no that article is dated two years ago 2013 and it says in testimony last week levonna anderson an administrator at the anderson private school that couch had once attended testified that the same article continues with that was the teen s last year at the school anderson said,0,0
42d495a5ff0ad946,"""

Useless
This page is not helpful to Wikipedia but probably I should remove the """"{{db}}""",useless this page is not helpful to wikipedia but probably i should remove the db,0,0
8fd65bfe11289fe1,"This is to acknowledge I made a mistake. The quote was from David Hurwitz, not Jan Smaczny. Still, David Hurwitz' credentials should be more than enough for a general knowledge reference (like Wikipedia) even if they fall short for the Grove dictionary.",this is to acknowledge i made a mistake the quote was from david hurwitz not jan smaczny still david hurwitz credentials should be more than enough for a general knowledge reference like wikipedia even if they fall short for the grove dictionary,0,0
a43094a19a782f83,"""

 Questionable """"Unresolved Disruptive Technologies"""" 

Some of the examples of """"unresolved"""" technologies promoted as disruptive cannot honestly be considered """"unresolved"""".  The most glaring of these is """"e-commerce vs. physical shops"""".  It is absolutely clear that both e-commerce and physical shops are completely entrenched in their own respective niches, and while there is a lot of competition between them in some areas, the idea that either one could entirely supplant and eliminate the other in the forseeable future* is lunacy.  Similar arguments apply to """"free / open-source vs. proprietary software"""" and """"Internet Video on Demand and IPTV vs. Advertising supported broadcast and cable television"""".

The examples of """"Music downloads and File sharing vs. compact discs"""", """"ebooks vs. paper books"""", and """"VoIP (and VoIP over 802.11) vs. traditional telephone and mobile phone service"""" are much better examples of """"unresolved"""" potentially disruptive technologies.

""""forseeable future"""" in this case refers to the current world we live in, free from instantaneous teleportation, William Gibson-style """"simstim"""", and other similarly sci-fi developements.
 """,questionable unresolved disruptive technologies some of the examples of unresolved technologies promoted as disruptive cannot honestly be considered unresolved the most glaring of these is e commerce vs physical shops it is absolutely clear that both e commerce and physical shops are completely entrenched in their own respective niches and while there is a lot of competition between them in some areas the idea that either one could entirely supplant and eliminate the other in the forseeable future is lunacy similar arguments apply to free open source vs proprietary software and internet video on demand and iptv vs advertising supported broadcast and cable television the examples of music downloads and file sharing vs compact discs ebooks vs paper books and voip and voip over 802 11 vs traditional telephone and mobile phone service are much better examples of unresolved potentially disruptive technologies forseeable future in this case refers to the current world we live in free from instantaneous teleportation william gibson style simstim and other similarly sci fi developements,0,1
64a93c3204cc56ae,"""

Questions:
""""National amphibian"""" (National frog???)
""""National reptile""""
""""National river""""
""""National mountain""""
""""National marine mammal""""
""""Natioinal vegetable""""
""""National document""""
""""National Song (Patriotic)""""

Some of these sound like an obvious hoax, often quite ridiculously so. So, I'd request citations for them. Please. Thanks.  

Certianly some of the entires are hoax.e.g. the entry national fruit states amb(mango). Although mango may rightly be the national fruit, """"amb"""" is not even an Urdu word for mango. The word come from Punjabi and definitely it was never declared by Pakistani government that """"amb"""" is the natioanl fruit. I am removing this entry for the least. 

Similarly """"national reptile"""" is translated as """"Qaumi MagarMach"""", which stands for """"national crocodile"""" in Urdu. Indus is called """"Sindh"""" in Urdu, not """"Sindhu"""" which is much more of a local language name/nickname. National marine mammal is translated as """"Qaumi machlee"""" which infact stands for """"national fish"""". Indeed these are ridiculous. 

 Deletion 
This page is candidate for quick deletion.
 

  on October 2, 2006|recently}}. The result of the discussion was keep.""",questions national amphibian national frog national reptile national river national mountain national marine mammal natioinal vegetable national document national song patriotic some of these sound like an obvious hoax often quite ridiculously so so i d request citations for them please thanks certianly some of the entires are hoax e g the entry national fruit states amb mango although mango may rightly be the national fruit amb is not even an urdu word for mango the word come from punjabi and definitely it was never declared by pakistani government that amb is the natioanl fruit i am removing this entry for the least similarly national reptile is translated as qaumi magarmach which stands for national crocodile in urdu indus is called sindh in urdu not sindhu which is much more of a local language name nickname national marine mammal is translated as qaumi machlee which infact stands for national fish indeed these are ridiculous deletion this page is candidate for quick deletion on october 2 2006 recently the result of the discussion was keep,0,1
5b982711491e7806,But don't you think Tintoretto and El Greco qualifies as manierists?,but don t you think tintoretto and el greco qualifies as manierists,0,0
032a39f99f6b076a,"""

 Context of """"In the beginning""""? 

The article starts in media res. What was """"the Truman Committee"""". At the very least a link?   """,context of in the beginning the article starts in media res what was the truman committee at the very least a link,0,0
f57f997952ea437f,", what's your source that's in an official classification?",what s your source that s in an official classification,0,0
6dc1aae830742303,""":Yeah, there is an article about that in Wiki too:Pre-Greek substrate. The -ulis suffix however poses no problem to include it as an IE suffix, you will find such suffixes throughout IE and they are traced back to PIE (Latin -ula, Alb. -ullë, Greek -ule (kotyla), in Slavic there is proto-Slavic *sedulo, Germanic *sadulaz (>English saddle) etc. etc. In Greek -ulis does not appear to be that common, but -ule (arbule) is common enough. If someone were to collect all the -ulis examples in Greek, you probably won't find any indication of a pre-IE origin for it, and even a Thracian or Illyrian origin may not fit the data. It's probably native to Greek or some Greek dialects. In the case of bombylis and arbylis, bomb- here means """"bubble"""" or some such (Greek pomphos, """"bubble""""), and such forms are found in IE (French pompon of obscure origin) & non-IE I think, while arb- (meaning """"curved"""", """"arched""""?) may also be IE, I just haven't checked yet. Anyway these Greek suffixes don't prove that it is also a suffix in Bardylis, but that's more likely than a two-word compound.   

""",yeah there is an article about that in wiki too pre greek substrate the ulis suffix however poses no problem to include it as an ie suffix you will find such suffixes throughout ie and they are traced back to pie latin ula alb ull greek ule kotyla in slavic there is proto slavic sedulo germanic sadulaz english saddle etc etc in greek ulis does not appear to be that common but ule arbule is common enough if someone were to collect all the ulis examples in greek you probably won t find any indication of a pre ie origin for it and even a thracian or illyrian origin may not fit the data it s probably native to greek or some greek dialects in the case of bombylis and arbylis bomb here means bubble or some such greek pomphos bubble and such forms are found in ie french pompon of obscure origin non ie i think while arb meaning curved arched may also be ie i just haven t checked yet anyway these greek suffixes don t prove that it is also a suffix in bardylis but that s more likely than a two word compound,0,1
9f8b36a0b661dae7,"Haha
Moron.. I told you to shut up.. -   

When you get unblocked I'm gonna ask them to permanently ban the IP so that you have to use an account. Now I am getting warnings because of you. Or rather because I called you a moron. What are you doing anyways?? Quit bangin on the walls!! -   

ROFL you got banned too!!! LMAO I am making breakfast and reading about Ancient Persia! When your kids get up come over bro. Um Sandstein what is your problem? I mean with 4twenty? If it really matter to you, he really didn't do anything offensive to me. If you are just being admin-troll, please stop? Deleting comments? Really? It's really not all this. Way too much attention over 2 brothers arguing man. I made some stupid decisions and twenty is trying to make me see an easier way and you ban him too? For telling me to behave? I don't think i am the only one who is confused here. Perhaps a cookie? Come on man really. 98.214.81.82",haha moron i told you to shut up when you get unblocked i m gonna ask them to permanently ban the ip so that you have to use an account now i am getting warnings because of you or rather because i called you a moron what are you doing anyways quit bangin on the walls rofl you got banned too lmao i am making breakfast and reading about ancient persia when your kids get up come over bro um sandstein what is your problem i mean with 4twenty if it really matter to you he really didn t do anything offensive to me if you are just being admin troll please stop deleting comments really it s really not all this way too much attention over 2 brothers arguing man i made some stupid decisions and twenty is trying to make me see an easier way and you ban him too for telling me to behave i don t think i am the only one who is confused here perhaps a cookie come on man really 98 214 81 82,1,1
90d3c94bd2ed7e78,"Your band is not notable, that's the problem. I can't give you help creating the article because the article should not be here. Playing at festivals does not make your band notable. Additionally, if you are in the band or related to the band, you have a conflict of interest and shouldn't be working on the article anyway.",your band is not notable that s the problem i can t give you help creating the article because the article should not be here playing at festivals does not make your band notable additionally if you are in the band or related to the band you have a conflict of interest and shouldn t be working on the article anyway,0,0
700f3f321600d51f,i will back again someday.,i will back again someday,0,0
8dd27c12f333013e,"Haha, thanks. I didn't even know you could flag reversions, but yeah sounds like it would help. If I remember correctly the last time you semi-protected the article he just waited to be auto-confirmed, but it will help for sure. Thanks again, and have a good day.",haha thanks i didn t even know you could flag reversions but yeah sounds like it would help if i remember correctly the last time you semi protected the article he just waited to be auto confirmed but it will help for sure thanks again and have a good day,0,0
f927ed2fae23c2dc,"Was that necessary? 

Do not mess with me or my contributions again. Thanks nigger.",was that necessary do not mess with me or my contributions again thanks nigger,1,1
9d4bad17d0614c0f,I DID F*** ALL HERE SO F*** OF WIKIPEDIA YOU ARROGANT SELF RIGHTEOUS C***S,i did f all here so f of wikipedia you arrogant self righteous c s,1,1
de387bd728586dd0,"""

 Question 

Arky...quick question.  When I look at your talk page, you have a large smiley face floating on the left side of my screen, covering up the WP nav buttons.  Is this a function of the fact that I'm on a wide screened laptop or is it where you want it to be?   T/C """,question arky quick question when i look at your talk page you have a large smiley face floating on the left side of my screen covering up the wp nav buttons is this a function of the fact that i m on a wide screened laptop or is it where you want it to be t c,0,0
b93971af78a44c9b,"RFA

I give you kudos for putting up an RFA, although it may fall under harsh critiscm. Have you thought about joining some of the Wikipedia projects however? I do not know if you are into biographies, but the WP Biography Project may be a good place to start. We are having a Summer Assessment Drive which you are more than welcome to join in on. Simply we will be assessing articles that have had the {WPBiography} template placed on their talk page but recieved no assessment. While doing that - what I suggest doing, and I try to make a habit of it as often as I can focus on it - is to help advance the article itself but tagging to be {expand}(ed) or if it contains no references to tag it for {references} and create a references section and adding the {reflist} template (so when references are added in the future they will automatically generate there). Being a part of a Wikipedia project helps to broaden your experience on Wikipedia while giving you a great insight to a lot of the policies, procedures, etc. Also, check out WP:AFD and peruse some of the discussion there to get an idea on how Articles for Deletion work or some of the WPPolicies and how they are implemented and adhered to. If you need help with anything or have a question, drop me a note.",rfa i give you kudos for putting up an rfa although it may fall under harsh critiscm have you thought about joining some of the wikipedia projects however i do not know if you are into biographies but the wp biography project may be a good place to start we are having a summer assessment drive which you are more than welcome to join in on simply we will be assessing articles that have had the wpbiography template placed on their talk page but recieved no assessment while doing that what i suggest doing and i try to make a habit of it as often as i can focus on it is to help advance the article itself but tagging to be expand ed or if it contains no references to tag it for references and create a references section and adding the reflist template so when references are added in the future they will automatically generate there being a part of a wikipedia project helps to broaden your experience on wikipedia while giving you a great insight to a lot of the policies procedures etc also check out wp afd and peruse some of the discussion there to get an idea on how articles for deletion work or some of the wppolicies and how they are implemented and adhered to if you need help with anything or have a question drop me a note,0,1
03dce741f43d2836,"Current source 

I'm not sure what you're asking about the op-amp current. -  21:39, August 6, 2005 (UTC)",current source i m not sure what you re asking about the op amp current 21 39 august 6 2005 utc,0,0
aa6e9a073b05e362,""" And AFAIK, if the stream is marked as no """"overscan"""" it must be respected, but not the opposite.90.179.235.249  """,and afaik if the stream is marked as no overscan it must be respected but not the opposite 90 179 235 249,0,0
10ae70e09db30e73,"""

Shove it up your a%$ Pro """,shove it up your a pro,1,1
ee69413a6663d944,"Oh noes, you found out my provider is telenet. Well, fuck you. Is this supposed to intimidate me?",oh noes you found out my provider is telenet well fuck you is this supposed to intimidate me,1,1
0f6307e80b7b70a7,Wikipedia's administrators are among the dumbest people alive. They are all fat basement dwelers who have never been laid. Fuck you.,wikipedia s administrators are among the dumbest people alive they are all fat basement dwelers who have never been laid fuck you,1,1
bba8256c39d4f055,"Wow, again I gotta say, what a disgusting comment. I am glad you are pro child molesting, but this is hardly the place for it (or maybe it is?).",wow again i gotta say what a disgusting comment i am glad you are pro child molesting but this is hardly the place for it or maybe it is,1,1
6fff2e5a92eb4e3f,"Well, I'll see whether anyone disagrees.  (talk)",well i ll see whether anyone disagrees talk,0,0
edccbc71dbdb7069,There is a disturbing trend of WP:Crystal ball edits on other constituncy pages. please wait for the election to add the content.(  ).,there is a disturbing trend of wp crystal ball edits on other constituncy pages please wait for the election to add the content,0,0
eeb4872b79e35a4a,"""

 Please do not vandalize pages, as you did with this edit to Tutor. If you continue to do so, you will be blocked from editing.    """,please do not vandalize pages as you did with this edit to tutor if you continue to do so you will be blocked from editing,0,0
2e988c35a4b8df40,"Very soon we all will find more, about who you are.

76.168.70.147  

Public Statement by Mark Bellinghaus regarding the bias edits and tries to further slander him and his colleagues

You continue to edit out three important articles that were printed and published in the Los Angeles Times. Why? Instead you are pushing for a blog post which is absolute nonsense. You are adding a two piece article which is a one sided attack on me, Mark Bellinghaus. I have never had a 'dispute' with Brandon James, since I have not contacted him, as he claimed in the article published by the OC Register. They also published other lies, which since have been removed due to my protest and conversation with their attorney. Please edit in good faith and stick to the truth. I will file a protest with Wikipedia, because what is happening is a continuation of the planned out in detail slander, character defamation and assassination by a small group of people who are obviously connected to and behind the fraud crimes, the criminal hoaxes which we exposed and debunked. This article is literally a stage for book projects such as June DiMaggio's and Jeanne Carmen's.

Maybe the time has come that we must also expose the real person behind Delicious carbuncle?!

Again, I knew that I would become the target of the criminals who I stopped screwing over the general public with their gimmicks, attached to the legacy of Marilyn Monroe. But I will use my clear and given right to defend what we, three people who did care and worked for this for the past three years have achieved and succeeded with.

The LA TIMES articles must be added to this article, and the CITIZEN is a dead blog, which was a favor/favour  posted by a friend, this is how this lady introduced herself to me on the phone when she called me up, of Kenneth Knoll, the friend and manager of the June DiMaggio book project. She quoted me out of context and she admitted to me that she is NOT a press agency or journalist.

Regarding the Brandon James claims which you willingly added. I have never spoken to Brandon James, ever since I was introduced to him and his mother in 2005. He followed me to every blog, every website. Attacked us, hidden behind monikers.

What is happening here right now is an example of some bias people who have created this to destroy our credibility.

It is a sad act of cutting off our freedom of speech and also trying to diminish our success in terms of the fraud exposures. Who is behind this? We do know exactly who is and we already have taken action.

And that exposure is way more interesting than anything we have taken on in the past.

It has also to do with cyber bullying, since I am being portrayed as a monster. I am being compared to Charles Manson and Berkowitz and that website was posted anonymously in Malaysia. These people want me to go the Megan Meier way. They have already told me to kill myself. Not once, but twice. They have called me a 'pedophile' and other insults. They have claimed that I made bomb threats when I have never ever threatened anyone. At all. I have never extorted anyone. You people, hiding behind your funny and also so believable names, you know why you are doing this and why you are using Wikipedia, to destroy my name, completely. When I protested on the 45th anniversary of Marilyn Monroe's death, outside the chapel, I had my reason. Three people were threatened and harassed by the 'Monroe 6 Version 2007' gang of people who threatened me to 'come to my home, tie me on a chair, duct tape me and steal my collection. They were not shy to even include the AIDS infected blood by one of the members. One of the people who is part of this group is now hiding behind this Wikipedia moniker and we positively have received confirmation, that this female from Canada, a woman which I have never met in personis part of this gang of super obsessive fans who on top of this also have created, have thought out these many frauds, hoaxes, crimes.

I am asking you, that if you decide to keep this site up and going, NOT to use it to destroy our success in terms of our exposures. I never thought that the power of blog could bring down the biggest exhibition fraud in history, but it did.

Success, so simple created and achieved naturally delivers a lot of haters. Jealousy is one thing, but facts and achievements are another.

It is one thing to post hateful comments about someone and to claim that 'Mark Bellinghaus mentally ill' and other worse things, and to post these hater attacks with monikers such as all of these people do itin known Lori Drew manner. But it is unfair and it is also liable to post lies on a website, which is nothing else than the revenge of a group",very soon we all will find more about who you are 76 168 70 147 public statement by mark bellinghaus regarding the bias edits and tries to further slander him and his colleagues you continue to edit out three important articles that were printed and published in the los angeles times why instead you are pushing for a blog post which is absolute nonsense you are adding a two piece article which is a one sided attack on me mark bellinghaus i have never had a dispute with brandon james since i have not contacted him as he claimed in the article published by the oc register they also published other lies which since have been removed due to my protest and conversation with their attorney please edit in good faith and stick to the truth i will file a protest with wikipedia because what is happening is a continuation of the planned out in detail slander character defamation and assassination by a small group of people who are obviously connected to and behind the fraud crimes the criminal hoaxes which we exposed and debunked this article is literally a stage for book projects such as june dimaggio s and jeanne carmen s maybe the time has come that we must also expose the real person behind delicious carbuncle again i knew that i would become the target of the criminals who i stopped screwing over the general public with their gimmicks attached to the legacy of marilyn monroe but i will use my clear and given right to defend what we three people who did care and worked for this for the past three years have achieved and succeeded with the la times articles must be added to this article and the citizen is a dead blog which was a favor favour posted by a friend this is how this lady introduced herself to me on the phone when she called me up of kenneth knoll the friend and manager of the june dimaggio book project she quoted me out of context and she admitted to me that she is not a press agency or journalist regarding the brandon james claims which you willingly added i have never spoken to brandon james ever since i was introduced to him and his mother in 2005 he followed me to every blog every website attacked us hidden behind monikers what is happening here right now is an example of some bias people who have created this to destroy our credibility it is a sad act of cutting off our freedom of speech and also trying to diminish our success in terms of the fraud exposures who is behind this we do know exactly who is and we already have taken action and that exposure is way more interesting than anything we have taken on in the past it has also to do with cyber bullying since i am being portrayed as a monster i am being compared to charles manson and berkowitz and that website was posted anonymously in malaysia these people want me to go the megan meier way they have already told me to kill myself not once but twice they have called me a pedophile and other insults they have claimed that i made bomb threats when i have never ever threatened anyone at all i have never extorted anyone you people hiding behind your funny and also so believable names you know why you are doing this and why you are using wikipedia to destroy my name completely when i protested on the 45th anniversary of marilyn monroe s death outside the chapel i had my reason three people were threatened and harassed by the monroe 6 version 2007 gang of people who threatened me to come to my home tie me on a chair duct tape me and steal my collection they were not shy to even include the aids infected blood by one of the members one of the people who is part of this group is now hiding behind this wikipedia moniker and we positively have received confirmation that this female from canada a woman which i have never met in personis part of this gang of super obsessive fans who on top of this also have created have thought out these many frauds hoaxes crimes i am asking you that if you decide to keep this site up and going not to use it to destroy our success in terms of our exposures i never thought that the power of blog could bring down the biggest exhibition fraud in history but it did success so simple created and achieved naturally delivers a lot of haters jealousy is one thing but facts and achievements are another it is one thing to post hateful comments about someone and to claim that mark bellinghaus mentally ill and other worse things and to post these hater attacks with monikers such as all of these people do itin known lori drew manner but it is unfair and it is also liable to post lies on a website which is nothing else than the revenge of a group,0,1
50426ac190a58c54,"If it's accurate, so what? It shows CRESP's political biases. You don't think twice about accusing Christian Right figures of Dominionism. Non-neutral language, you don't seem to mind using non-neutral language in the items you post. 

The language I used is indeed neutral, per WP:WTA.  It's well sourced and NPOV compliant. Besides, you don't own the article.WP:OWN.",if it s accurate so what it shows cresp s political biases you don t think twice about accusing christian right figures of dominionism non neutral language you don t seem to mind using non neutral language in the items you post the language i used is indeed neutral per wp wta it s well sourced and npov compliant besides you don t own the article wp own,0,0
e26378d259039992,Wetodid is obviously stupid and knows nothing about American history. White people invented the one drop rule to acquire more black slaves. Anybody with a brain and knowledge of U.S. history knows that. What an idiot.,wetodid is obviously stupid and knows nothing about american history white people invented the one drop rule to acquire more black slaves anybody with a brain and knowledge of u s history knows that what an idiot,1,1
12c89af929168f6d,"Hey nigger 

Go fuck yourself and stop revering my reverts.",hey nigger go fuck yourself and stop revering my reverts,1,1
d74631b1dfbde2cc,"""

Years ago I was on one of those old ships (USS Rankin (AKA-103)). I wrote an article about her, then branched into other similar ships, plus ships built at the same place as she was. I finished that project, and haven't done any more, but there are many of them waiting to be done. The basic material is at DANFS, so you can do an article fairly quickly. There's a LOT of Wikification to be done on them, as well as polishing up the DANFS language. Plus you learn about history and exotic locations. Hundreds of APA's (attack transports) are out there waiting to be put on Wikipedia. If I get the """"new article bug,"""" I'll probably start on them one day.  """,years ago i was on one of those old ships uss rankin aka 103 i wrote an article about her then branched into other similar ships plus ships built at the same place as she was i finished that project and haven t done any more but there are many of them waiting to be done the basic material is at danfs so you can do an article fairly quickly there s a lot of wikification to be done on them as well as polishing up the danfs language plus you learn about history and exotic locations hundreds of apa s attack transports are out there waiting to be put on wikipedia if i get the new article bug i ll probably start on them one day,0,0
8d9aa05fdbedece4,"Yes Hamas claim of 1000 soldier dead should be used since it is the newest and the 161 figure is outdated.
both IDF and HAMAS claims of how much they killed from the other side are estimates and of course both of them are inflated and ridiculous , but since it is attributed to them and not stated as a fact but rather as a claim it must be included and i will include it no matter what others do even if i keep adding it daily for one year , i have a very long breath.

If you dont want HAMAS claims so change the title to THE ISRAELI NARRATIVE OF THE 2014 ISRAEL-GAZA CONFLICT.
HAMAS is one of the only two sides of the conflict so not including its claims make the articl out of balance and whatever you feel about them or about palestinians is irrelevant, Imagine if HAMAS were at a justice court wouldnt the judge hear their claims or would he say  listen terrorists i will not hear from you and i will sentence you to so and so.",yes hamas claim of 1000 soldier dead should be used since it is the newest and the 161 figure is outdated both idf and hamas claims of how much they killed from the other side are estimates and of course both of them are inflated and ridiculous but since it is attributed to them and not stated as a fact but rather as a claim it must be included and i will include it no matter what others do even if i keep adding it daily for one year i have a very long breath if you dont want hamas claims so change the title to the israeli narrative of the 2014 israel gaza conflict hamas is one of the only two sides of the conflict so not including its claims make the articl out of balance and whatever you feel about them or about palestinians is irrelevant imagine if hamas were at a justice court wouldnt the judge hear their claims or would he say listen terrorists i will not hear from you and i will sentence you to so and so,0,0
807eef2a2caf7ecd,"""

 Thank you 
Thanks a bunch for reverting that vandalism on my userpage!
  has given you a cookie! Cookies promote WikiLove and hopefully this one has made your day better. Spread the WikiLove by giving someone else a cookie, whether it be someone you have had disagreements with in the past or a good friend. Happy munching!   

Spread the goodness of cookies by adding  to someone's talk page with a friendly message, or eat this cookie on the giver's talk page with !    """,thank you thanks a bunch for reverting that vandalism on my userpage has given you a cookie cookies promote wikilove and hopefully this one has made your day better spread the wikilove by giving someone else a cookie whether it be someone you have had disagreements with in the past or a good friend happy munching spread the goodness of cookies by adding to someone s talk page with a friendly message or eat this cookie on the giver s talk page with,0,0
1f598428d90887ba,"If you are curious about the issue it was discussed in detail and if reread can be quite an education on all facets of the issue - one of which is the non-RS status of IMDB, it is at best a secondary and supporting source. And yes it was also presented - the talk page was probably the most complete link farm on Earth regarding the Director of the 10 minute film.",if you are curious about the issue it was discussed in detail and if reread can be quite an education on all facets of the issue one of which is the non rs status of imdb it is at best a secondary and supporting source and yes it was also presented the talk page was probably the most complete link farm on earth regarding the director of the 10 minute film,0,0
ffbee8383523aa4c,"Whut
This whole article gave me a chuckle with all the loving praise heaped upon the developer and game for what amounts to a reasonably well-made mod. From the article you'd think this was some shining pinnacle of game development. I realize people want to pick out their own slice of Wikipedia and beef up their pet projects but come on...",whut this whole article gave me a chuckle with all the loving praise heaped upon the developer and game for what amounts to a reasonably well made mod from the article you d think this was some shining pinnacle of game development i realize people want to pick out their own slice of wikipedia and beef up their pet projects but come on,0,0
d5779c74e3acf742,"""

I wish I could clarify and relieve your doubts, I do.  At this point it's no longer in my hands, because editors on the talk page appear to have decided that DiPi actually is a reliable source even though it contradicts other reliable sources.  I don't know exactly where it will go from here, but it seems that the best solution will eventually be to use both well-sourced pronunciations in the information box.  Either that or the present status quo will be kept.  I don't know how it will turn out.  And I thank you for responding and wish you well!  Paine  """,i wish i could clarify and relieve your doubts i do at this point it s no longer in my hands because editors on the talk page appear to have decided that dipi actually is a reliable source even though it contradicts other reliable sources i don t know exactly where it will go from here but it seems that the best solution will eventually be to use both well sourced pronunciations in the information box either that or the present status quo will be kept i don t know how it will turn out and i thank you for responding and wish you well paine,0,0
89033c6d06c4004c,"Yep, the article is mainly lyrics, which is why it was added. There is a great scarcity of materials on the Geordie language/dialect/culture etc - so why would anybody wish to delete it ####",yep the article is mainly lyrics which is why it was added there is a great scarcity of materials on the geordie language dialect culture etc so why would anybody wish to delete it,0,0
a5fd65982041146a,See Lower Clydach River for (brief) history.,see lower clydach river for brief history,0,0
0082b4b42b3f07a1,I've abused NOTHING. Your threats are extremely disrespectful to the rules of Wikipedia. All I have ever done is tried to improve the quality of Wikipedia articles and maintain the standards of quality. I should NOT be treated like a vandal who only registered to muck up articles. My account should not be blocked. I should be an administrator. (  ),i ve abused nothing your threats are extremely disrespectful to the rules of wikipedia all i have ever done is tried to improve the quality of wikipedia articles and maintain the standards of quality i should not be treated like a vandal who only registered to muck up articles my account should not be blocked i should be an administrator,0,0
d49297372b75fee9,"Thanks 

Greetings Mikhailov, Thanks for the welcome and your generous suggestions! I particularly like the four waves and will incorporate that in my modus operandi. I wish I had more time to edit, although that is not my calling, yet I'd love to help. Here I am just trying to keep my two Cuba books (I'm the author) in the further reading sections... Yes, another self serving bastard. For me it is difficult to stay on top of this alone. I do have several questions that you certainly could answer, yet if you will is another matter entirely. 

1) When there is no further reading section, should I A) create one or B) add the information in the reference section (I feel that may be a faux pas)or C) do something else like ... run Forrest run? 
 
2) Unfortunately I have not had anyone write a bio for me... yet. I'm afraid I am responding at a poor time because while I usually dominate Google searches with my books, interviews, and my Blog at Sulekha, at the moment I am a distant second on the first page. Sadly, I share the name of Charles Spencer King with the inventor of the Range Rover.... This confuses many a seeker as you might imagine. Regrettably, Mr. King (the other) died in the last month, and that has thrown the proverbial monkey wrench into the rankings (Addendum: I assure you I am alive and well).

    I would love to at the very least get into the Disambiguation section, however I am afraid I would need a bio for that.... Am I correct? 

 3) For some reason my ISBN does not seem to work here despite the fact I am on everything from Amazon through the Library Thing....and everything between. Odd, yet I would be delighted if at the very least I could get this to go to either the individual page at Amazon or the title page ( this one:)    http://www.amazon.com/Charles-Spencer-King/e/B002ELIWKI/ref=ntt_athr_dp_pel_1 

Thank you in advance for your valuable time and expertise. I look forward to our next adventure that undoubtedly is awaiting our attention. 

CSK (cubaking)",thanks greetings mikhailov thanks for the welcome and your generous suggestions i particularly like the four waves and will incorporate that in my modus operandi i wish i had more time to edit although that is not my calling yet i d love to help here i am just trying to keep my two cuba books i m the author in the further reading sections yes another self serving bastard for me it is difficult to stay on top of this alone i do have several questions that you certainly could answer yet if you will is another matter entirely 1 when there is no further reading section should i a create one or b add the information in the reference section i feel that may be a faux pas or c do something else like run forrest run 2 unfortunately i have not had anyone write a bio for me yet i m afraid i am responding at a poor time because while i usually dominate google searches with my books interviews and my blog at sulekha at the moment i am a distant second on the first page sadly i share the name of charles spencer king with the inventor of the range rover this confuses many a seeker as you might imagine regrettably mr king the other died in the last month and that has thrown the proverbial monkey wrench into the rankings addendum i assure you i am alive and well i would love to at the very least get into the disambiguation section however i am afraid i would need a bio for that am i correct 3 for some reason my isbn does not seem to work here despite the fact i am on everything from amazon through the library thing and everything between odd yet i would be delighted if at the very least i could get this to go to either the individual page at amazon or the title page this one thank you in advance for your valuable time and expertise i look forward to our next adventure that undoubtedly is awaiting our attention csk cubaking,0,1
3ebe4c45a09440f1,"Well, first we have to know what we have here. If you want to make a POV argument, this is another arrow in your quiver. –",well first we have to know what we have here if you want to make a pov argument this is another arrow in your quiver,0,0
b920f16bc925a082,"Wikification
I changed a few little formatting issues and added a description of the link at the bottom, and moved the stub titles up to the top.",wikification i changed a few little formatting issues and added a description of the link at the bottom and moved the stub titles up to the top,0,0
a758a59d3788ffc1,"Advice 

Hi Jkelly, In view of the problems I've experienced with attaching the incorrect description and licensing information when uploading images, I thought it best to ask for your help. I've received 2 images through email with the note below. How do I go about it. Please leave a note on my talk page (ignore the warning meant to scare off trolls). Thanks.  

Dear Paul

Thank you for your request to reproduce images from the permanent collection in the Johannesburg Art Gallery in on the Wikipedia site. Attached here are two jpegs of Boldini's Sir Lionel Phillips and Mancini's Portrait of Lady Phillips. Catalogue details follow below.

Giovanni BOLDINI (1845 - 1931)
Portrait of (Sir) Lionel Phillips (Bt.)
1903
oil on canvas
200 x 130 cm
Collection Johannesburg Art Gallery

Antonio MANCINI (1852 - 1930)
Portrait of (Lady) Phillips
1909
oil on canvas
89 x 75 cm
Collection: Johannesburg Art Gallery

[Sir Phillips was not yet knighted when these portraits were painted, and their titles should appear in brackets]

Please note that:
1. The reproductions of the artwork should be acknowledged as follows:
Collection: Johannesburg Art Gallery
2. The right to reproduce is granted only for the request as outlined above, i.e. a single use of the image on the Wikipedia site. If you wish to reproduce the work for any purpose other than that agreed upon you would need to again seek permission from the Johannesburg Art Gallery.

While these artworks now fall under the public domain, we would appreciate a note of some kind that reproduction permission should be requested from the Gallery for any other use.

There is a wealth of information available on the Phillips' in Jillian Carman's new book Uplifting the Colonial Philistine: Florence Phillips and the making of the Johannesburg Art Gallery, 2006, Wits University Press. I hope that this is of much use to you.

Yours faithfully,

Jeannine Howse
Registrar",advice hi jkelly in view of the problems i ve experienced with attaching the incorrect description and licensing information when uploading images i thought it best to ask for your help i ve received 2 images through email with the note below how do i go about it please leave a note on my talk page ignore the warning meant to scare off trolls thanks dear paul thank you for your request to reproduce images from the permanent collection in the johannesburg art gallery in on the wikipedia site attached here are two jpegs of boldini s sir lionel phillips and mancini s portrait of lady phillips catalogue details follow below giovanni boldini 1845 1931 portrait of sir lionel phillips bt 1903 oil on canvas 200 x 130 cm collection johannesburg art gallery antonio mancini 1852 1930 portrait of lady phillips 1909 oil on canvas 89 x 75 cm collection johannesburg art gallery sir phillips was not yet knighted when these portraits were painted and their titles should appear in brackets please note that 1 the reproductions of the artwork should be acknowledged as follows collection johannesburg art gallery 2 the right to reproduce is granted only for the request as outlined above i e a single use of the image on the wikipedia site if you wish to reproduce the work for any purpose other than that agreed upon you would need to again seek permission from the johannesburg art gallery while these artworks now fall under the public domain we would appreciate a note of some kind that reproduction permission should be requested from the gallery for any other use there is a wealth of information available on the phillips in jillian carman s new book uplifting the colonial philistine florence phillips and the making of the johannesburg art gallery 2006 wits university press i hope that this is of much use to you yours faithfully jeannine howse registrar,0,1
58f012f3a13c9939,"IMO, this user's incivility was neither minor nor borderline, WP:BITE, WP:AGF, etc. Furthermore, incivility is incivility, regardless of its degree. As you felt it necessary to issue a warning to me, and in the interest of impartiality and maintaining a civil environment on Wikipedia, I think it would be proper to issue a warning to this user. Especially as this user instigated the incivility. You otherwise send a message that Wikipedia is a one-way street and that preferential treatment is given to certain users. Such a policy will no doubt lead to a breakdown of order and in rule enforcement. Thank you for your ongoing assistance,",imo this user s incivility was neither minor nor borderline wp bite wp agf etc furthermore incivility is incivility regardless of its degree as you felt it necessary to issue a warning to me and in the interest of impartiality and maintaining a civil environment on wikipedia i think it would be proper to issue a warning to this user especially as this user instigated the incivility you otherwise send a message that wikipedia is a one way street and that preferential treatment is given to certain users such a policy will no doubt lead to a breakdown of order and in rule enforcement thank you for your ongoing assistance,0,0
33149a5ae9d5cd81,Thank you for clarifyling Matt Smoral!,thank you for clarifyling matt smoral,0,0
5686f19fd5700bae,"Whiner!... You try to prevent people from doing their job just because they're trying to remove their own words from a talk page!... That's petty!... I was just doing my job and just because you son of a bitch got insulted you blocked me, huh? Never mind, I never intended to keep talking to you. Well, apparently you don't like to delete things!... Maybe you like to be insulted or ass kicked!...",whiner you try to prevent people from doing their job just because they re trying to remove their own words from a talk page that s petty i was just doing my job and just because you son of a bitch got insulted you blocked me huh never mind i never intended to keep talking to you well apparently you don t like to delete things maybe you like to be insulted or ass kicked,1,1
5ffe1c22a8d7a71e,", 19 April 2009 (UTC)
How did I violate WP:HARASS? I've read that policy, and I still don't see it. If you can explain to me where I've gone wrong, I can pledge not to do it again.67.170.87.223  09:45",19 april 2009 utc how did i violate wp harass i ve read that policy and i still don t see it if you can explain to me where i ve gone wrong i can pledge not to do it again 67 170 87 223 09 45,0,0
2451f6f8c1b690c9,"(UTC)

Things are not this simple. There is much dispute over wheather the US succesfully installed a democracy, since the new government is becoming more and more authoritarian, candidates were banned from recent elections, there have been fraud claims during all 3 elections and many human rights violations have taken place. Also Iraq's status as a US ally (leave alone major US ally) is questionable, due to the strong ties to Iran of many leading Shi'a and Kurdish figures and the growth increasing influence of Muqtada al-Sadr's political party. Also the insurgency is far from quelled, although it's not as deadly as it was around 2006-2007, with at least 4,000 civilians, 900 security forces killed this year it is still one of the most deadly insurgencies on earth.  19:26, 4 January 2011",utc things are not this simple there is much dispute over wheather the us succesfully installed a democracy since the new government is becoming more and more authoritarian candidates were banned from recent elections there have been fraud claims during all 3 elections and many human rights violations have taken place also iraq s status as a us ally leave alone major us ally is questionable due to the strong ties to iran of many leading shi a and kurdish figures and the growth increasing influence of muqtada al sadr s political party also the insurgency is far from quelled although it s not as deadly as it was around 2006 2007 with at least 4 000 civilians 900 security forces killed this year it is still one of the most deadly insurgencies on earth 19 26 4 january 2011,0,0
8cf9dc690bf8c293,... and asks for consideration.,and asks for consideration,0,0
655f6ad895e43a63,"""
The problem is that you're using a character set that my Opera for Linux can't read. The quotes are all """"high ASCII"""" characters, possibly from a Windows character set? In the edit window, Opera replaced them all with a question mark, and I didn't notice that. Perhaps it would be better to replace them with plain apostrophes and quote marks?  17:14, 12 Sep 2003 (UTC)""",the problem is that you re using a character set that my opera for linux can t read the quotes are all high ascii characters possibly from a windows character set in the edit window opera replaced them all with a question mark and i didn t notice that perhaps it would be better to replace them with plain apostrophes and quote marks 17 14 12 sep 2003 utc,0,0
44d6f5cabbb10063,"Hey... 

I haven't seen your name in CSD nominations for some time... but then again I haven't been online as much as I used to, due to RL needs. Just wanted to say...

You're still not an admin?! If I could hand the bit to someone else, you're probably one of the first five persons I can think of passing it to. D

(Note: This is not intended to culminate in any RfA nomination; I don't have the willpower to start one currently. Please do not quote this post in support for, or in the context of, any future RfA nomination. ^))  «C¦T»",hey i haven t seen your name in csd nominations for some time but then again i haven t been online as much as i used to due to rl needs just wanted to say you re still not an admin if i could hand the bit to someone else you re probably one of the first five persons i can think of passing it to d note this is not intended to culminate in any rfa nomination i don t have the willpower to start one currently please do not quote this post in support for or in the context of any future rfa nomination c t,0,0
c4ab8ff9d664b5a2,"Throughout this season of Full House, Michelle's growing up and Stephanie's preteen issues are commonly discussed, as well as Italic textDJ's relationship with Steve.",throughout this season of full house michelle s growing up and stephanie s preteen issues are commonly discussed as well as italic textdj s relationship with steve,0,0
48a1d3680377f47d,", 30 May 2011 (UTC)
We don't generally blog. I could care less if they do go or don't go. It would be nice yes. But you comment served no purpose but to try and piss people off. We shouldn't have to delete your post. We are asking you to think before you post. It is very clear you posted that comment because you hoped you would upset someone. -  15:01",30 may 2011 utc we don t generally blog i could care less if they do go or don t go it would be nice yes but you comment served no purpose but to try and piss people off we shouldn t have to delete your post we are asking you to think before you post it is very clear you posted that comment because you hoped you would upset someone 15 01,0,0
c74222b959c5f46b,"A statement 

I have learned for myself that your beliefs are not true. 216.49.181.128",a statement i have learned for myself that your beliefs are not true 216 49 181 128,0,0
931b57fb1c648d01,"keep  05:26, 30 Nov 2004 (UTC)",keep 05 26 30 nov 2004 utc,0,0
669375382a0e6515,"What does this mean? 

Kww has been marked for CSD G10 and the user has been warned.",what does this mean kww has been marked for csd g10 and the user has been warned,0,0
af56ef5ea606fa35,"""

KP Botany, I'm not sure why you are doing this. While not absolutely perfect, I still think that this will make a very nice featured article. I get the impression that you are more concerned with torpedoing the article, than improving it. I'm not sure why. A lot of us have put a lot of work into this article, and you should let it have it's shot. I would be more sympathetic if you had shown intrest in the article PRIOR to it's nomination, but you didn't. I think you are being a negative-Nelly. Your banners amount to defacement in my opinion, and I hope you will consider taking them down..[citation needed] """,kp botany i m not sure why you are doing this while not absolutely perfect i still think that this will make a very nice featured article i get the impression that you are more concerned with torpedoing the article than improving it i m not sure why a lot of us have put a lot of work into this article and you should let it have it s shot i would be more sympathetic if you had shown intrest in the article prior to it s nomination but you didn t i think you are being a negative nelly your banners amount to defacement in my opinion and i hope you will consider taking them down citation needed,0,0
1b1a81bb4552572f,"""

 Richard Hammond 

Is this now just an elaborate wind-up? Just take five minutes to compose some sort of defence for the cruft which you keep inserting into the article and I might be convinced, you never know. As it is, you are coming across as arrogant. So, fire away... e """,richard hammond is this now just an elaborate wind up just take five minutes to compose some sort of defence for the cruft which you keep inserting into the article and i might be convinced you never know as it is you are coming across as arrogant so fire away e,0,0
fe047bba23d9c4f6,"I created an archive page for you.  See above.  Just cut and paste what you want to into the new page.  Others more sophisticated than me can tell you how to archive stuff automatically, but if you want to select what to archive manually, you are all set up.",i created an archive page for you see above just cut and paste what you want to into the new page others more sophisticated than me can tell you how to archive stuff automatically but if you want to select what to archive manually you are all set up,0,0
4c909e63486ebbbe,OMG i already said that iam not a sock puppet now iam aware that people accuse me of harassing but can i please get a warning instead of a harsh block indef?,omg i already said that iam not a sock puppet now iam aware that people accuse me of harassing but can i please get a warning instead of a harsh block indef,0,0
e9102973c0652f0e,"about this things since you been in Englewood,",about this things since you been in englewood,0,0
0dedf9c00a67ae18,"Well that's the other way of dealing with it of course ) I guess I didn't think PROD would be worthwhile as they usually get removed, but in this case there's been little editing activity so it will probably work.",well that s the other way of dealing with it of course i guess i didn t think prod would be worthwhile as they usually get removed but in this case there s been little editing activity so it will probably work,0,0
774585567fdf777a,]]. Thanks and happy edits.,thanks and happy edits,0,0
1f8aa00a66f0c091,"""
 I disagree that """"[you] set our own social norms by concensus [sic]"""".  ([you], meaning the community, not Heironymous).  I agree that there appears to be such a rule, or your claimed practice, but in my experience 'consensus' is honored far more in the breach than the actual observance.  Indeed, one of my repeated criticisms against Dodo was the fact that he certainly didn't wait for any sort of 'consensus' to develop, and in fact he directly prevented such a consensus simply by reverting in minutes or hours, rather than allowing that consensus to develop.  I think, instead, the 'consensus' claim is primarily used in order to attack, rather then to defend.  In one posting, for example, Dodo actually claimed that I hadn't obtained a 'consensus' that would allow me to make an edit!  (I have never seen any other person make such a weird claim, but on the other hand I haven't seen anybody criticize Dodo for that obvious gaffe.)  I viewed that comment as borderline-nuts, and I have seen no indication that any other poster has taken the reasonable position that: Dodo has, himself, repeatedly violated the rules that WP is claimed to be operating under.  
Do I believe that the average WP user goose-steps?  No, I think it's much more likely (see above)that posters tend to be self-motivated, and 'control-freaks' are powerfully-motivated to maintain an actual practice which is very different than is claimed by 'rule' or ostensible practice.  If I had more time, I'd see if I could see statistics on the persons who have posted here:  How many edits?  How many reverts?  Etc.  I feel certain a pattern is present.
  """,i disagree that you set our own social norms by concensus sic you meaning the community not heironymous i agree that there appears to be such a rule or your claimed practice but in my experience consensus is honored far more in the breach than the actual observance indeed one of my repeated criticisms against dodo was the fact that he certainly didn t wait for any sort of consensus to develop and in fact he directly prevented such a consensus simply by reverting in minutes or hours rather than allowing that consensus to develop i think instead the consensus claim is primarily used in order to attack rather then to defend in one posting for example dodo actually claimed that i hadn t obtained a consensus that would allow me to make an edit i have never seen any other person make such a weird claim but on the other hand i haven t seen anybody criticize dodo for that obvious gaffe i viewed that comment as borderline nuts and i have seen no indication that any other poster has taken the reasonable position that dodo has himself repeatedly violated the rules that wp is claimed to be operating under do i believe that the average wp user goose steps no i think it s much more likely see above that posters tend to be self motivated and control freaks are powerfully motivated to maintain an actual practice which is very different than is claimed by rule or ostensible practice if i had more time i d see if i could see statistics on the persons who have posted here how many edits how many reverts etc i feel certain a pattern is present,0,1
cee7fbb17be4bdda,i know how he would of spelt it.....,i know how he would of spelt it,0,0
9015f9ca2781842b,"Moi? Vandalize? I was out of reverts anyway. Anyone seeing this, take a look at the history of the IP removing content from the article for a declared political agenda. I didn't put that material there, but removing it without discussion? No. Otherwise, I DGAF",moi vandalize i was out of reverts anyway anyone seeing this take a look at the history of the ip removing content from the article for a declared political agenda i didn t put that material there but removing it without discussion no otherwise i dgaf,0,0
4d7dee39b8f7a118,"I believe at the time Riffic made the change, iOS had been ridiculously and improperly moved to Apple iPhone OS.  Even so, though, there's nothing wrong to linking to a redirect when that redirect matches the disambiguation page better.   T",i believe at the time riffic made the change ios had been ridiculously and improperly moved to apple iphone os even so though there s nothing wrong to linking to a redirect when that redirect matches the disambiguation page better t,0,0
6658114c9c1790c9,"OK. I'm good with that. ... actually, I gave some thought in bed as to whether 'dinosaur' or a species itself should be an objective definition or a theoretical definition. ... Dinosaurs did exist, dinosaurs do exists... Indeed, it's you're field; you can choose which you want. Once my own ancestry was questioned by someone offended by the existence of dinosaurs. If you make them objects in a theory, you can say 'They did, and they do exist.'  -) Thank you both for the wonderful discussion.",ok i m good with that actually i gave some thought in bed as to whether dinosaur or a species itself should be an objective definition or a theoretical definition dinosaurs did exist dinosaurs do exists indeed it s you re field you can choose which you want once my own ancestry was questioned by someone offended by the existence of dinosaurs if you make them objects in a theory you can say they did and they do exist thank you both for the wonderful discussion,0,0
094522f0b87b68ad,Sorry for the delay; I've listed this article as a GA now.  Fatuorum,sorry for the delay i ve listed this article as a ga now fatuorum,0,0
7ae7bb0535052052,"""
Moxy, I get rudely rapped over the knuckles when I refactor. But you get away with it. Never mind, because in any event there seems to be a WP rule for everything, and a WP rule against everything. The real intellectual challenge seems to be to find a balance between the two, which nobody inluding myself seems able to do.
Re unsigned editor above: Thanks. You have been the very first editor to provide helpful criticism and guidance, which I believe is supposed to be the function of administrator. Usually my work is simply undone and reverted by admin and others without discussion; a kind of slap in the face. Talk about civility. Hmmm. Nice people. 
 Suggestion: instead of administrators and others engaging in endless displacement activity, why isn't anyone prepared to address the real issue around here, namely the primary issue I raised (again) at Reply to uninvolved intervening party which bears repeating: 
 WP:FRINGE, (and probably other wiki rules as well), states that: """"In general, Wikipedia should always give prominence to established lines of research found in reliable sources and present neutral descriptions of other claims with respect to their historical prominence (and) ideas should not be excluded from the encyclopedia simply because they are widely held to be wrong."""" Please note that the rule does NOT state: Wikipedia should always give prominence to established WESTERN lines of research found in reliable WESTERN sources."""" Yet this is exactly what the existing WW2 article does do. Not even one non-Western source is cited among the 340 odd sources cited .... 
 On my bookshelf right here beside me are no less that seven English language non-Western histories of WW2, some of them by Soviet historians. So there's no question about the existence of English language non-Western histories. These are considered reliable and established lines of research in their respective non-Western countries of origin, just as the Western sources cited in the article are considered to be reliable and from established lines of research in the West. Therefore both Western and non-Western positions should be reflected in the article, if it is to claim that it's NPOV, which it is not. Forget about all the efforts to discredit me, some of which are perfectly valid. Just address the issue at hand, namely POV bias through omission as repeatedly alleged by me, and which has resulted in a lot of displacement activity that seeks to evade the central issue of NPOV. Even or especially the intervening administrator has managed to evade the issue. The unsigned editor in this section admits that he has reliable access to history library resources so, if he has the time and inclination, maybe HE can come up with some reliable non-Western sources in the interests of NPOV, which everyone claims I'm contravening (among other things).   """,moxy i get rudely rapped over the knuckles when i refactor but you get away with it never mind because in any event there seems to be a wp rule for everything and a wp rule against everything the real intellectual challenge seems to be to find a balance between the two which nobody inluding myself seems able to do re unsigned editor above thanks you have been the very first editor to provide helpful criticism and guidance which i believe is supposed to be the function of administrator usually my work is simply undone and reverted by admin and others without discussion a kind of slap in the face talk about civility hmmm nice people suggestion instead of administrators and others engaging in endless displacement activity why isn t anyone prepared to address the real issue around here namely the primary issue i raised again at reply to uninvolved intervening party which bears repeating wp fringe and probably other wiki rules as well states that in general wikipedia should always give prominence to established lines of research found in reliable sources and present neutral descriptions of other claims with respect to their historical prominence and ideas should not be excluded from the encyclopedia simply because they are widely held to be wrong please note that the rule does not state wikipedia should always give prominence to established western lines of research found in reliable western sources yet this is exactly what the existing ww2 article does do not even one non western source is cited among the 340 odd sources cited on my bookshelf right here beside me are no less that seven english language non western histories of ww2 some of them by soviet historians so there s no question about the existence of english language non western histories these are considered reliable and established lines of research in their respective non western countries of origin just as the western sources cited in the article are considered to be reliable and from established lines of research in the west therefore both western and non western positions should be reflected in the article if it is to claim that it s npov which it is not forget about all the efforts to discredit me some of which are perfectly valid just address the issue at hand namely pov bias through omission as repeatedly alleged by me and which has resulted in a lot of displacement activity that seeks to evade the central issue of npov even or especially the intervening administrator has managed to evade the issue the unsigned editor in this section admits that he has reliable access to history library resources so if he has the time and inclination maybe he can come up with some reliable non western sources in the interests of npov which everyone claims i m contravening among other things,0,1
9ca908618b31ca1c,"THIS ARTICLE NEEDS TO BE TOUCHED UP!!! I wish I could do it, but I'm not very experienced at writing Wikipedia articles, and am hardly the right person who knows enough about this subject to do it. It's just that this is an amazing piece; a piece that represents its time, and has a lot underneath the surface. I think that as long as multiple POVs of the story are represented, then there is no need to worry about POV.",this article needs to be touched up i wish i could do it but i m not very experienced at writing wikipedia articles and am hardly the right person who knows enough about this subject to do it it s just that this is an amazing piece a piece that represents its time and has a lot underneath the surface i think that as long as multiple povs of the story are represented then there is no need to worry about pov,0,0
db657ebc7b6e2674,"Merge
I believe that the contents of List of Championships won by the Holden Dealer Team are not significant enought and should be merged into this 'parent' article.",merge i believe that the contents of list of championships won by the holden dealer team are not significant enought and should be merged into this parent article,0,0
e675b38ff01a12f0,Why do you keep on dleting my pic for Raja Ki aayege baraat!,why do you keep on dleting my pic for raja ki aayege baraat,0,0
90d9030ae0eb7b6c,"removal of relevant external links
Hi! I'm writing in reference to your deletion of the links I added to the Muscadine article. I know that they are commercial sites, but I thought it would be informative to include links to wineries producing this varietal in order to give Wikipedia users outlets by which to learn more about the wine. They weren't intended to be spamI have no stake in the profits of either winery. Is there a Wikipedia regulation barring any external links containing commercial information? If not, I'd like to either re-add the links or agree on a criteria by which to judge whether commercial sites are appropriate. Best!",removal of relevant external links hi i m writing in reference to your deletion of the links i added to the muscadine article i know that they are commercial sites but i thought it would be informative to include links to wineries producing this varietal in order to give wikipedia users outlets by which to learn more about the wine they weren t intended to be spami have no stake in the profits of either winery is there a wikipedia regulation barring any external links containing commercial information if not i d like to either re add the links or agree on a criteria by which to judge whether commercial sites are appropriate best,0,0
ca7a20b730bc95ed,"Thanks!
Hey! I just wanted to say thanks for all your work on Atlantic City High School. I really appreciate it!",thanks hey i just wanted to say thanks for all your work on atlantic city high school i really appreciate it,0,0
5fc64b9c88de8528,"Infobox  

Something is wrong with the infobox, the emblem and flag is not linking properly, could somebody please fix that?",infobox something is wrong with the infobox the emblem and flag is not linking properly could somebody please fix that,0,0
9b1044944652079a,"DON'T COME TO MY ARTICLE TELLING ME TO DISCUSS 
Don't come to my article telling me to discuss anything. When there was an issue with length from before, I happily and very civilly discussed with you. I just logged in and saw that an entire section had been removed without THIS OTHER USER being told to first discuss. AND STOP FOLLOWING ME ALL OVER THIS DAMN WEBSITE BEFORE I FILE A COMPLAINT ON YOU. For the last several months, you have been following me all about Wikipedia and I am sick and tired of it.",don t come to my article telling me to discuss don t come to my article telling me to discuss anything when there was an issue with length from before i happily and very civilly discussed with you i just logged in and saw that an entire section had been removed without this other user being told to first discuss and stop following me all over this damn website before i file a complaint on you for the last several months you have been following me all about wikipedia and i am sick and tired of it,1,0
49eb3de233f53a5a,"If anyone is to take part as an intermediary in any discussion here, i want it to be also a Polish contributor. Not just a balt.
Your Baltic comrade hasn’t been warned. The conclusion is that you are biased. 89.200.212.143",if anyone is to take part as an intermediary in any discussion here i want it to be also a polish contributor not just a balt your baltic comrade hasn t been warned the conclusion is that you are biased 89 200 212 143,0,0
bc3c5c15d93c0e36,"The evidence that the duces reported to the magistri dates from well before the Notitia, from the 360's, with several examples in Ammianus Marcellinus. e.g. in 361, the magister equitum Orientis, Ursicinus, sent orders to the dux of Mesopotamia, Cassianus, to evacuate the civilian population of several towns in his military district and to move his troops to Amida.(Ammianus XVIII.7.3). The late Roman army's operations were based on a close cooperation between the frontier forces and the diocesan comitatus.",the evidence that the duces reported to the magistri dates from well before the notitia from the 360 s with several examples in ammianus marcellinus e g in 361 the magister equitum orientis ursicinus sent orders to the dux of mesopotamia cassianus to evacuate the civilian population of several towns in his military district and to move his troops to amida ammianus xviii 7 3 the late roman army s operations were based on a close cooperation between the frontier forces and the diocesan comitatus,0,0
a376cbd884509f4f,"Image replacement tag 

You left an image replacement tag on Image:Org_chart.jpg. Can I ask what your rationale was behind that? buddy, talk",image replacement tag you left an image replacement tag on image org chart jpg can i ask what your rationale was behind that buddy talk,0,0
6a1c0113e51feb72,"""

careless, lazy and stupid are such bad combinations in a would-be lawyer. WTF does """"likely"""" mean? Maybe in Russia that's proof, but not in America, fuckwad.""",careless lazy and stupid are such bad combinations in a would be lawyer wtf does likely mean maybe in russia that s proof but not in america fuckwad,1,1
034380b8a8d44868,"""

 Why """"Commonwealth"""" instead of """"Dominion?"""" 

Based upon comparing the governments of the Dominion of Canada and the Commonwealth of Australia, I don't really understand the differences.  The idea of a Commonwealth seems to compare directly with that of a Republic, so if the Queen of Great Britain and Northern Ireland is the Queen of Australia, how can one style Australia a Commonwealth?  Would it not be a Dominion as is the case for Canada?  And would not the States of Australia likewise be provinces?  I honestly don't understand the differences between each of these and if someone could explain them to me, it would be greatly appreciated.   2 July 2005 03:19 (UTC)""",why commonwealth instead of dominion based upon comparing the governments of the dominion of canada and the commonwealth of australia i don t really understand the differences the idea of a commonwealth seems to compare directly with that of a republic so if the queen of great britain and northern ireland is the queen of australia how can one style australia a commonwealth would it not be a dominion as is the case for canada and would not the states of australia likewise be provinces i honestly don t understand the differences between each of these and if someone could explain them to me it would be greatly appreciated 2 july 2005 03 19 utc,0,0
0c0ec6372e587a23,"Thank you
Thank you for the welcome! I am borrowing of the tags on Bush on my userpage. I must congratulate you on your conversion! Please, help to fix Islamophobia. It is FULL of Yehudi bias!  Leave a message",thank you thank you for the welcome i am borrowing of the tags on bush on my userpage i must congratulate you on your conversion please help to fix islamophobia it is full of yehudi bias leave a message,0,0
250e6b286a876b54,"I would split the article into two:  one about the human gallbladder, another about this organ in other animals.  69.3.72.249",i would split the article into two one about the human gallbladder another about this organ in other animals 69 3 72 249,0,0
e44cf728994e40ad,"penish 

SNOOPING AS USUAL I SEEEEEEEEEEEEEEEEE",penish snooping as usual i seeeeeeeeeeeeeeeee,1,1
095deccd5361fce7,"2008 (UTC)
As far as I can tell, what has happened is: obviously grossly biased wikipedian inserts negative material into the BLPs of his opponents in an attempt to discredit them and is correctly identified as having done so.   16:40, 29 June",2008 utc as far as i can tell what has happened is obviously grossly biased wikipedian inserts negative material into the blps of his opponents in an attempt to discredit them and is correctly identified as having done so 16 40 29 june,0,0
e517743abe181160,I am sure wikipedia can see through this obvious attempt to continue painting herself in a good light 70.26.72.221,i am sure wikipedia can see through this obvious attempt to continue painting herself in a good light 70 26 72 221,0,0
d67648db1b63bf87,"""    I really can't belive that I have been banned FOR A WHOLE WEEK for a """"personal attack"""" that consisted of two words which were a reversal of a username.  It was, perhaps, a mild insult but to call it a """"personal attack"""" is enough for me to sue you in an English court for deformation. """,i really can t belive that i have been banned for a whole week for a personal attack that consisted of two words which were a reversal of a username it was perhaps a mild insult but to call it a personal attack is enough for me to sue you in an english court for deformation,0,0
d1d329e934053d8b,"Artist: UPENDRA UPADHYAY

BORN: 7th Nov. 1968, Baster, Chhattishgarh. (INDIA)

PARTICIPATIONS: Participated in National and International Exhibitions of Nature & fine art Photography since 1994. About 700 Original fine Art Visuals exhibited all over the world. More Than 56 National & International Awards.
    
PHOTOGRAPHIC HONORS:
Awarded The Artiste FIAP in Nature Photography of the Federation International De l’Art  Photographique France.

Associate ship in Pictorial Photography of The India International Photographic Councial,
New Delhi. 

Gold Star Exhibitor in Pictorial Photography of The India International Photographic Councial, New Delhi.
 
RECOGNITIONS:

• A Treasure of more than 75,000 stock images on Various & Creative Aspects of Life.

• Visual Variations” of Upendra Upadhyay a solo Photo-Art Exhibition Organized on World   Photographic Week (18TH -24TH AUG 2003).at Devlalikar art gallery Indore, INDIA.

• Traveled in The African Safari on Special Assignment for Nature and Wild Life Photography.
  Travel extensively for commercial Assignment & Stock photography.

•Photographs published in various National & International Books, Magazines, Newspapers Periodicals, Posters, Calendars, Greetings, Corporate Brochures, websites etc.

•Fine art photographic visuals at several private collections in India and abroad.

MEMBER OF:

     The Photographic Society of America U.S.A.
     The Royal Photographic Society of Great Britain ( U.K.)
     World-Wide Fund for Nature WWF- INDIA.
     India International Photographic Council New Delhi, INDIA.
     Federation of Indian Photography Kolkata, INDIA.
TABEx. Joint Secretary Camera Club of Indore, INDIA.
TABFounder Secretary Centre for Advanced Photography Indore, INDIA.
TABChairman VIP  ART FOUNDATION INDORE, INDIA

…A short journey from Hobby to Profession.
Fine Art Photography for me began as a hobby and slowly got transformed in to a skilled Profession full of fun, frolic and passion. Today I eat, drink and breathe it.
I have become conversant to my Camera and we follow the instructions given by one to the other. We are like undivided cousins. The WORK and the Recognition in the field of Art Photography compliment to the success as of today…and the show goes on and on…

ADDRESS: 
 “Rasgulla House”,
Geeta Bhawan Main Road,
Indore – 452001 (M.P.) INDIA
Tel: +91-731-2498048, 
Cell. +91-98260-64646,
E- Mail:  uuphotography@yahoo.com
Internet: www.upendraupadhyay.com",artist upendra upadhyay born 7th nov 1968 baster chhattishgarh india participations participated in national and international exhibitions of nature fine art photography since 1994 about 700 original fine art visuals exhibited all over the world more than 56 national international awards photographic honors awarded the artiste fiap in nature photography of the federation international de l art photographique france associate ship in pictorial photography of the india international photographic councial new delhi gold star exhibitor in pictorial photography of the india international photographic councial new delhi recognitions a treasure of more than 75 000 stock images on various creative aspects of life visual variations of upendra upadhyay a solo photo art exhibition organized on world photographic week 18th 24th aug 2003 at devlalikar art gallery indore india traveled in the african safari on special assignment for nature and wild life photography travel extensively for commercial assignment stock photography photographs published in various national international books magazines newspapers periodicals posters calendars greetings corporate brochures websites etc fine art photographic visuals at several private collections in india and abroad member of the photographic society of america u s a the royal photographic society of great britain u k world wide fund for nature wwf india india international photographic council new delhi india federation of indian photography kolkata india tabex joint secretary camera club of indore india tabfounder secretary centre for advanced photography indore india tabchairman vip art foundation indore india a short journey from hobby to profession fine art photography for me began as a hobby and slowly got transformed in to a skilled profession full of fun frolic and passion today i eat drink and breathe it i have become conversant to my camera and we follow the instructions given by one to the other we are like undivided cousins the work and the recognition in the field of art photography compliment to the success as of today and the show goes on and on address rasgulla house geeta bhawan main road indore 452001 m p india tel 91 731 2498048 cell 91 98260 64646 e mail uuphotography yahoo com internet,0,1
65009cee2d42f4c5,"""

 Spam hunter! 

Hi A.B.  Thanks for all the reports and for all the work you do on finding new spammed domains.  I am impressed by your last report on WT:WPSPAM.

I have a question and a suggestion, though.  The question: when you report, could you for IPs that spam wikipedia include the range where that IP is in (preferably the CIDR).  That makes it easier to blacklist IPs on COIBot (not that it is a trouble for me to find them).  The suggestion, you might be interested in the IRC channels Link additions on en.wikipedia and edits on small wikipedia.  The former runs a linkwatcher, shadowbot, COIBot etc.  On the latter normally also a linkwatcher is active (but it is down at the moment), as are some other watching bots (also COIBot is there).  We also have some other nifty tools (though again, one that you might be very interested in is also down at the moment).  If you'd like to speak to us, we talk in the talk channel (we also command the bots there).

Hope to see you there, but in any case, see you around, happy editing, and happy hunting!   T C """,spam hunter hi a b thanks for all the reports and for all the work you do on finding new spammed domains i am impressed by your last report on wt wpspam i have a question and a suggestion though the question when you report could you for ips that spam wikipedia include the range where that ip is in preferably the cidr that makes it easier to blacklist ips on coibot not that it is a trouble for me to find them the suggestion you might be interested in the irc channels link additions on en wikipedia and edits on small wikipedia the former runs a linkwatcher shadowbot coibot etc on the latter normally also a linkwatcher is active but it is down at the moment as are some other watching bots also coibot is there we also have some other nifty tools though again one that you might be very interested in is also down at the moment if you d like to speak to us we talk in the talk channel we also command the bots there hope to see you there but in any case see you around happy editing and happy hunting t c,0,1
b7361a304aa665ec,"""

Let's just keep it until we straighten out certain things  • A • R • C • E • """,let s just keep it until we straighten out certain things a r c e,0,0
ab05cd36eb077775,"Thanks for the reception 

Dear Andre,

Thank you much for the warm welcoming message into a project that once seemed too good to be true and now surpasses all expectations.

Yours,",thanks for the reception dear andre thank you much for the warm welcoming message into a project that once seemed too good to be true and now surpasses all expectations yours,0,0
b31bad003faa3f6b,Please do not post any further messages on this talk page until that date.,please do not post any further messages on this talk page until that date,0,0
fed1d1d8066f9917,"""
WAS JESUS GAY?????
if you say no?  how do you know?  were you alive at the time?  no?  Then you DON""""T know.  I say YES...  He clearly didn't like women.  He must have been gay.
""",was jesus gay if you say no how do you know were you alive at the time no then you don t know i say yes he clearly didn t like women he must have been gay,1,1
0885bdef652f84e2,"Her skills 

In one episode where she goes to see his parents in Montana, she exhibited her skills as a rancher and a horse-rider. In many episodes, including this one, she has exhibited her skills in using law in her or her family's interest somewhat like an amature lawyer. In most episodes, she seems unaware of these skills of hers. I haven't found any such mention in the article. I was wondering why?",her skills in one episode where she goes to see his parents in montana she exhibited her skills as a rancher and a horse rider in many episodes including this one she has exhibited her skills in using law in her or her family s interest somewhat like an amature lawyer in most episodes she seems unaware of these skills of hers i haven t found any such mention in the article i was wondering why,0,0
ff3dc6e6ab2c662c,"Self promotional efforts 

Mr Root (or his surrogate),

I have started a discussion about your contributions here: Wikipedia_talk:WikiProject_Spam#Stephen_Short. As a courtesy, I am notifying you so that you may know what is up and have a chance to let us know what might be going on. Thanks alot!",self promotional efforts mr root or his surrogate i have started a discussion about your contributions here wikipedia talk wikiproject spam stephen short as a courtesy i am notifying you so that you may know what is up and have a chance to let us know what might be going on thanks alot,0,0
dc52ac73ec26aed2,"Much of the discussion has expired from the talk page, but in the last three months at least 4 editors have voiced support for the single paragraph intro that focuses on the definition of conspiracy theory instead of the psychology theories about conspiracy theories that operate on the assumption that CT is mental illness, which stands in stark contrast to conspiracy theories that continue to be proven correct.

If there is any question to the stability of the article, all of the recent edits were made to the proven conspiracy paragraph. There were several dozen edits due to the style of my editing. Other editors would have made the changes in only a few edits. Prior to that, the article could not be considered unstable. I am happy to retract any of the added proven conspiracy material, but ask that editors cite specific sections that are not appropriate. All of the material is comparable to the long-standing material in the section previously. It is well-sourced in its main articles and while not well-known, is not the subject of controversy.",much of the discussion has expired from the talk page but in the last three months at least 4 editors have voiced support for the single paragraph intro that focuses on the definition of conspiracy theory instead of the psychology theories about conspiracy theories that operate on the assumption that ct is mental illness which stands in stark contrast to conspiracy theories that continue to be proven correct if there is any question to the stability of the article all of the recent edits were made to the proven conspiracy paragraph there were several dozen edits due to the style of my editing other editors would have made the changes in only a few edits prior to that the article could not be considered unstable i am happy to retract any of the added proven conspiracy material but ask that editors cite specific sections that are not appropriate all of the material is comparable to the long standing material in the section previously it is well sourced in its main articles and while not well known is not the subject of controversy,0,0
41d3703c464a9d3c,"March 10th, Wladmir Klitschko
  Please stop adding unreferenced controversial biographical content to  articles. Content of this nature could be regarded as defamatory and is in violation of Wikipedia policy. If you continue, you will be blocked from editing Wikipedia.",march 10th wladmir klitschko please stop adding unreferenced controversial biographical content to articles content of this nature could be regarded as defamatory and is in violation of wikipedia policy if you continue you will be blocked from editing wikipedia,0,0
3794a1d323e9ad52,Thank you to those who took the time to see and express how unjustified the block was.,thank you to those who took the time to see and express how unjustified the block was,0,0
c95dc56ba3d957e3,"Thank you ). All the best, Tally-ho!",thank you all the best tally ho,0,0
6680c36b6290b10c,"""

Reason of Breakaway (Tinchy Stryder song) deletion
Hi there ,

I'm sure you are nice person, but would like to know the reason for the deletion of Tinchy Stryder's song """"Breakaway (Tinchy Stryder)"""", which was the first single from his debut studio album Star in the Hood was deleted by you?. Yes I know the article was previously created and deleted in 2009 due to lack of the songs notability to Tinchy Stryder. I have collected this Twitter status from Tinchy Stryder from 18 October 2011, confirming that  """"Breakaway (Tinchy Stryder)"""" is a notable song to Tinchy Stryder. Here is the Twitter status of the song confirmation, just click on this link > http://twitter.com/#!/TinchyStryder/status/126257795321430016, so if you can know please undelete the """"Breakaway (Tinchy Stryder)"""" Wikipedia article that I have recently recreated. Thank you . () 23 October 2011, 10:27 (UTC)""",reason of breakaway tinchy stryder song deletion hi there i m sure you are nice person but would like to know the reason for the deletion of tinchy stryder s song breakaway tinchy stryder which was the first single from his debut studio album star in the hood was deleted by you yes i know the article was previously created and deleted in 2009 due to lack of the songs notability to tinchy stryder i have collected this twitter status from tinchy stryder from 18 october 2011 confirming that breakaway tinchy stryder is a notable song to tinchy stryder here is the twitter status of the song confirmation just click on this link so if you can know please undelete the breakaway tinchy stryder wikipedia article that i have recently recreated thank you 23 october 2011 10 27 utc,0,1
46438625def655bc,"""

 Do you mind just screwing off? 

First you delete my anti-zionist symbol becuase you deem it """"offensive"""" and now you're changing my talk page, just leave me and my account alone.

 Headline text """,do you mind just screwing off first you delete my anti zionist symbol becuase you deem it offensive and now you re changing my talk page just leave me and my account alone headline text,0,1
08a504daedc58bc8,"""
You're quite welcome. Glad I could help.  """,you re quite welcome glad i could help,0,0
072cc2325a60684b,"=For crying out loud
BritshWatcher and IP, mountains and molehills spring to mind.",for crying out loud britshwatcher and ip mountains and molehills spring to mind,0,0
aaa9b599ad3d1ec8,"""Thanks for experimenting with Wikipedia. Your test worked, and has been reverted or removed. Please use the sandbox for any other tests you want to do. Take a look at the welcome page if you would like to learn more about contributing to our encyclopedia. Thanks.   -  (会話|+|投稿記録|メール) """,thanks for experimenting with wikipedia your test worked and has been reverted or removed please use the sandbox for any other tests you want to do take a look at the welcome page if you would like to learn more about contributing to our encyclopedia thanks,0,0
dcb8e6555259c994,"! IT WAS MENTIONED IN THE MOVIE THAT SHE WAS HIS HEIR! AFTERALL, SHE IS HIS DAUGHTER!",it was mentioned in the movie that she was his heir afterall she is his daughter,0,0
16970a2d549fad32,"Thanks, but you were wrong. Think the articles a bit thin? Suggest what else to put in!",thanks but you were wrong think the articles a bit thin suggest what else to put in,0,0
024d9c687fa934bb,"Im flattered, I truly am, I've been here a couple of weeks and you consider me to be an established user. Please don't talk about me behind my back like little school children.",im flattered i truly am i ve been here a couple of weeks and you consider me to be an established user please don t talk about me behind my back like little school children,0,0
bbc66e584a71dd0c,"If you do not know which players were famous or noteable, leave it up to someone who does know. Don't undermine an article and make it look incomplete or accurate just because you haven't heard of these players before. And yes there was a desicion on what to do and it was to stop adding these tags. And by the way, what is the point of tagging these sections in the first place?",if you do not know which players were famous or noteable leave it up to someone who does know don t undermine an article and make it look incomplete or accurate just because you haven t heard of these players before and yes there was a desicion on what to do and it was to stop adding these tags and by the way what is the point of tagging these sections in the first place,0,0
dfcacf47c80d869c,"""

(moved from  )
Dai, ydych chi'n siarad Cymraeg? I love that language. I studied it a long time ago, but unfortunately I've forgotten most of it. Let's see, what were you asking? If I have considered checking my edits? And you were informing me about the """"Show preview"""" box? Ha-ha-ha! Very funny. Have you considered checking how long a user has been on Wikipedia and how many edits he's made before asking that question? So, here is some information for you: User:Daicaregos, First edit: Apr 21, 2008, Unique articles edited: 533. User:Pasquale, First edit: Jun 24, 2004, Unique articles edited: 1,461. As you can see, I've been on the Wikipedia for five and a half years. And, yes, I always use """"Show preview"""" function.

However, I did screw up when I undid your edit, because, when I compared the two versions, all I could see was the removal of the Union Jack . Of course, your Edit summary said """"Repair Wikilink, tidy"""", so I suspected there was something else I wasn't seeing, but, much as I stared, I could not see the link fix. (Needless to say, when I went back now, I saw it right away.)

Look, if I could vote for Welsh independence tomorrow, I would do it. I'm all for it. Ditto for all the other unrepresented nationalities. But what I can't stand is when people take their nationalistic battles to the Wikipedia. Is Wales one of the United Kingdom's constituent countries, whether one likes it or not? I noticed you did not remove that part, so I must conclude you agree. But you chose to remove the flagicon and referred to that particular edit as """"tidy""""! (Again, very funny, not to mention a little tricky.) Well that flagicon is also shown next to England and Scotland in the List of country name etymologies, so in order to """"tidy"""" up the whole article you should remove it in all three places! But you didn't. Hence the inconsistency.

Frankly, I don't understand where you find the cheek to refer to my restoration of the previous status quo as """"removing edits I just don't like"""" and as a """"simple/simplistic knee-jerk response"""". Are you kidding me? That is ridiculous and disingenuous. Now, having said that, let me join you in saying Cymru am byth!    

Hi Pasquale, ydw. Dw'n siarad Cymraeg, diolch. I've moved your reply here for two reasons. 1. to keep it in one place. 2. to remove the union flag from my talk page (and you call my edits tricky and disingenuous). Glad you enjoyed my joke. I note your failure to WP:AGF for my edit and your accusation of nationalistic bias. Let me talk you through my process: I had seen that an editor (turns out to have been you) had consolidated the Cymru and Wales entries, but had made an error in the process (the one I corrected). I noticed the union flag had been added - which had not been on the Cymru entry previously - and that other (non-sovereign) countries (visible from W down) do not have the flags of the sovereign states that govern them. e.g: Wake Island (territory of the United States of America)Wallis and Futuna (territory of France)Western Sahara (claimed by Morocco and the Sahrawi Arab Democratic Republic)I went to the beginning of the article to check that other (non-sovereign) countries do not have the flags of the sovereign states that govern them either. e.g.: Åland (autonomous province of Finland):American Samoa (territory of the United States of America):Anguilla (overseas territory of the United Kingdom):Aruba (territory of Netherlands)Therefore, as far as I could tell (although I concede that I should have checked the entire article for British nationalist bias), additional, sovereign state flag icons were not used on the article, and the one on the Wales entry was therefore unnecessary, which is why I removed it - thus tidying the article. That is how I found """"the cheek to refer to [your] restoration of the previous status quo as """"removing edits [you] just don't like"""" and as a """"simple/simplistic knee-jerk response""""."""" Which seems justified. It remains to be seen how you deal with the apparent inconsistency in the article. Hwyl,   """,moved from dai ydych chi n siarad cymraeg i love that language i studied it a long time ago but unfortunately i ve forgotten most of it let s see what were you asking if i have considered checking my edits and you were informing me about the show preview box ha ha ha very funny have you considered checking how long a user has been on wikipedia and how many edits he s made before asking that question so here is some information for you user daicaregos first edit apr 21 2008 unique articles edited 533 user pasquale first edit jun 24 2004 unique articles edited 1 461 as you can see i ve been on the wikipedia for five and a half years and yes i always use show preview function however i did screw up when i undid your edit because when i compared the two versions all i could see was the removal of the union jack of course your edit summary said repair wikilink tidy so i suspected there was something else i wasn t seeing but much as i stared i could not see the link fix needless to say when i went back now i saw it right away look if i could vote for welsh independence tomorrow i would do it i m all for it ditto for all the other unrepresented nationalities but what i can t stand is when people take their nationalistic battles to the wikipedia is wales one of the united kingdom s constituent countries whether one likes it or not i noticed you did not remove that part so i must conclude you agree but you chose to remove the flagicon and referred to that particular edit as tidy again very funny not to mention a little tricky well that flagicon is also shown next to england and scotland in the list of country name etymologies so in order to tidy up the whole article you should remove it in all three places but you didn t hence the inconsistency frankly i don t understand where you find the cheek to refer to my restoration of the previous status quo as removing edits i just don t like and as a simple simplistic knee jerk response are you kidding me that is ridiculous and disingenuous now having said that let me join you in saying cymru am byth hi pasquale ydw dw n siarad cymraeg diolch i ve moved your reply here for two reasons 1 to keep it in one place 2 to remove the union flag from my talk page and you call my edits tricky and disingenuous glad you enjoyed my joke i note your failure to wp agf for my edit and your accusation of nationalistic bias let me talk you through my process i had seen that an editor turns out to have been you had consolidated the cymru and wales entries but had made an error in the process the one i corrected i noticed the union flag had been added which had not been on the cymru entry previously and that other non sovereign countries visible from w down do not have the flags of the sovereign states that govern them e g wake island territory of the united states of america wallis and futuna territory of france western sahara claimed by morocco and the sahrawi arab democratic republic i went to the beginning of the article to check that other non sovereign countries do not have the flags of the sovereign states that govern them either e g land autonomous province of finland american samoa territory of the united states of america anguilla overseas territory of the united kingdom aruba territory of netherlands therefore as far as i could tell although i concede that i should have checked the entire article for british nationalist bias additional sovereign state flag icons were not used on the article and the one on the wales entry was therefore unnecessary which is why i removed it thus tidying the article that is how i found the cheek to refer to your restoration of the previous status quo as removing edits you just don t like and as a simple simplistic knee jerk response which seems justified it remains to be seen how you deal with the apparent inconsistency in the article hwyl,0,1
3d7bb4845c42deec,"I asked you about that above. Now you say you are still interested in promoting your organization. Also, you didn't answer my other question.",i asked you about that above now you say you are still interested in promoting your organization also you didn t answer my other question,0,0
e7beea0050fb7d67,"""

Cowman109, this is a long chain: """"no direct personal attack"""" → but """"edits simply came off hostile"""" → """"that in turm seemed incivil"""" → 48-hours hit and run block mildly called """"this whole mess spawned completely out of proportion"""". To make such instances remain rare, I will see it investigated fully, including my own comments.  """,cowman109 this is a long chain no direct personal attack but edits simply came off hostile that in turm seemed incivil 48 hours hit and run block mildly called this whole mess spawned completely out of proportion to make such instances remain rare i will see it investigated fully including my own comments,0,0
4104fedb7bdc10ce,"does not contain a single reference, its politically laced hearsay from someone who doesn't like US",does not contain a single reference its politically laced hearsay from someone who doesn t like us,0,0
d2ecd8f91838ef73,"""
Oops, I just realized what happened. I thought you were adding the template, and did it wrong. Someone else messed it up. I'll clean it up.(Talk) """,oops i just realized what happened i thought you were adding the template and did it wrong someone else messed it up i ll clean it up talk,0,0
8e878b34f292d246,"I think this addition adequately explains opposition to calling the LGBT civil rights movement a civil rights movement.  Lou, perhaps you have something more to add to it, as you are most familiar with such arguments?  The scare quotes are unnecessary and POV, and consensus is very clear that they are not appropriate.",i think this addition adequately explains opposition to calling the lgbt civil rights movement a civil rights movement lou perhaps you have something more to add to it as you are most familiar with such arguments the scare quotes are unnecessary and pov and consensus is very clear that they are not appropriate,0,0
fbbf7920abfddb42,"That sounds like a nice segue into a busing section for that article. (Talk) 

Templates
I created a couple templates, hopefully they are useful and helpful.  Feel free to put them into all the articles they belong in.  They are based on the templates at Chicago. Please fix them up as you see fit, and for the Omaha template, I left some redlinks and didn't include a link to the city council article.  Both of these are mostly due to laziness, I'm not sure how many of the redlinks will be filled in.  Any suggestions probably go there, but please be bold. (Talk)",that sounds like a nice segue into a busing section for that article talk templates i created a couple templates hopefully they are useful and helpful feel free to put them into all the articles they belong in they are based on the templates at chicago please fix them up as you see fit and for the omaha template i left some redlinks and didn t include a link to the city council article both of these are mostly due to laziness i m not sure how many of the redlinks will be filled in any suggestions probably go there but please be bold talk,0,0
234239e3803386b2,"Whats your problem? 

I have recently read your talk page and I don’t agree with the way you approach other Wikipedia users. You act like you own the site, and god forbid, if someone doesn't agree with you, all hell breaks loose. You are an over confident nymphomaniac who needs to be told that the entire world, oddly enough, DOES NOT REVOLVE AROUND YOU.",whats your problem i have recently read your talk page and i don t agree with the way you approach other wikipedia users you act like you own the site and god forbid if someone doesn t agree with you all hell breaks loose you are an over confident nymphomaniac who needs to be told that the entire world oddly enough does not revolve around you,1,1
04f21410485c2d15,"""
Per WP:MINOR, """"A minor edit is one that the editor believes requires no review and could never be the subject of a dispute."""" If you feel that is the case, clearly you are underestimating the ability of the edits to be the subject of dispute.   """,per wp minor a minor edit is one that the editor believes requires no review and could never be the subject of a dispute if you feel that is the case clearly you are underestimating the ability of the edits to be the subject of dispute,0,0
549cc89617cd4fcd,On the metabunk.org  you will find another 2 articles that offer possible explanation that there was a propaganda campaign at this time by the Church of Scientology .  In theory (it) could be how the conspiracy was started. They had a magazine and their reports about this stuff was published.  I know of no source and would wrote about it. Perhaps there is one but this possibility is too far out there. The articles were based upon interpreting declassified receipts of a CIA MKULTRA Mind control deal rather than stuff they purely made up.  Even the craziest of conspiracy theories has grains of truth. That is why people fall into them.  They must be put into perspective.,on the metabunk org you will find another 2 articles that offer possible explanation that there was a propaganda campaign at this time by the church of scientology in theory it could be how the conspiracy was started they had a magazine and their reports about this stuff was published i know of no source and would wrote about it perhaps there is one but this possibility is too far out there the articles were based upon interpreting declassified receipts of a cia mkultra mind control deal rather than stuff they purely made up even the craziest of conspiracy theories has grains of truth that is why people fall into them they must be put into perspective,0,0
d8ee51cd74edd967,"No, it is actually an acceleration, which is why it has units of acceleration. It's the proper acceleration in units of 'g'. You're thinking of coordinate acceleration. I agree that it's not a coordinate acceleration.- () Wolfkeeper (Talk)",no it is actually an acceleration which is why it has units of acceleration it s the proper acceleration in units of g you re thinking of coordinate acceleration i agree that it s not a coordinate acceleration wolfkeeper talk,0,0
51fb4fdf2a381817,UPDATE: I did some research and found this video by Tight Eyez that disputes him as being one of the inventors. Changed the wording in the article to reflect this. //,update i did some research and found this video by tight eyez that disputes him as being one of the inventors changed the wording in the article to reflect this,0,0
b208621525265472,"""

Speedy deletions
Hello! I recently noticed you tried to tag a page for speedy deletion. Please note that the proper templates are  (short for ) or  short for . the """"db"""" template allows you to add a reason after. thanks for helping and happy editting! TC 04:53, July 24, 2005 (UTC)""",speedy deletions hello i recently noticed you tried to tag a page for speedy deletion please note that the proper templates are short for or short for the db template allows you to add a reason after thanks for helping and happy editting tc 04 53 july 24 2005 utc,0,0
12049f501cd2fa94,"Bill Johnston (cricketer)}}  18:50, 8 June",bill johnston cricketer 18 50 8 june,0,0
69465ea758e59b48,"""
I just read that section and I think it's referring to proper names, eg """"Venezuela"""", """"Nikita Kruschev"""".  I don't think this applies to common, routine words like pizza.  """,i just read that section and i think it s referring to proper names eg venezuela nikita kruschev i don t think this applies to common routine words like pizza,0,0
58fd7f9a50c89588,"Splash15hotel, ur a fucking faggot, dude. Get a life!",splash15hotel ur a fucking faggot dude get a life,1,1
ef3fcee295e9da82,"ANI 

See here.  > haneʼ",ani see here hane,0,0
3a168c8594295534,"""
I've filled out the reference and added the information.  — ☎ """,i ve filled out the reference and added the information,0,0
8fa82d2d11614a94,"Please add this comment to ANI. 

This ANI report is the sequel to that one. The same people who tried for two weeks to get me banned then are trying again. Here's what TP, the closing admin, wrote:
No consensus for any of the proposals. This topic has been discussed to exhaustion. The next step is an WP:RFC/U or Arbcom request. All participants in the disputes at hand here should evaluate their own behaviors before proceeding down either track.
He's right. ANI is not the place for this. If the community has a problem with my behavior, then we should take this to RFC/U.",please add this comment to ani this ani report is the sequel to that one the same people who tried for two weeks to get me banned then are trying again here s what tp the closing admin wrote no consensus for any of the proposals this topic has been discussed to exhaustion the next step is an wp rfc u or arbcom request all participants in the disputes at hand here should evaluate their own behaviors before proceeding down either track he s right ani is not the place for this if the community has a problem with my behavior then we should take this to rfc u,0,0
1c2ace71bcbf3848,He is judged by admins and he is a questionable source please see history of pages he has been removed from admins as well.He is not a source but a lawyer and president a Arvanites club.Which means nothing.And all he wrote were crazy theories.,he is judged by admins and he is a questionable source please see history of pages he has been removed from admins as well he is not a source but a lawyer and president a arvanites club which means nothing and all he wrote were crazy theories,0,0
2e6c973071fea7d0,"Nig(g)er 

Shut up, sit down.",nig g er shut up sit down,1,1
1707ab9f236c54ac,it seems they do officially but  in practice it is a joke,it seems they do officially but in practice it is a joke,0,0
3a56979907edef2a,"This tree phrase it's the same thing Salsa gorda/Salsa dura/Salsa brava and this two other it's the same phrase too; Salsa romántica/Salsa monga why do you repeating yourself. Dear friend if you do not know about music, let others, help you64.254.111.109",this tree phrase it s the same thing salsa gorda salsa dura salsa brava and this two other it s the same phrase too salsa rom ntica salsa monga why do you repeating yourself dear friend if you do not know about music let others help you64 254 111 109,0,0
0a047338cfb65194,"""
Oh, it's working now. About Chrome it just need be refreshed. 
 Willy """,oh it s working now about chrome it just need be refreshed willy,0,0
5fd55f81b80af0c7,"""

@""""There is no way on earth it was a historical country."""" Yes, well, try telling that to . Frankly, I don't know what his current views are, or whether he's stopped pushing that recently, but I know I've been trying to hammer that point for months over there. For some reason, I honestly cannot fathom why, he's attached to presenting General Nedic's Government of National Salvation as a WWII Serbian state (see this version, for example).

Tomasevich and Ramet, as I recall, are both very clear on the issue:

@""""Do you have any suggestions as to an alternative article title?"""" There's the problem. Notice the wording of the current """"compromise title"""": Serbia under German occupation. What """"Serbia"""" was it that was under occupation? As I said above, there was no """"Serbia"""" since 1918, and the Federal State of Serbia was only de facto established after the liberation of the territory in question (with the establishment of the ASNOS on 12 November 1944 in newly-liberated Belgrade). It does not even geographically correspond with post-war Serbia (as it is significantly smaller).

The whole situation over there is a mess born out of compromise. We essentially have only two organizations in the area: the Military Administration in Serbia, and its subordinate Government of National Salvation. As far as I'm concerned, its perfectly fine whether we decide to cover them as one article (entitled """"Military Administration in Serbia""""), or if the Government of National Salvation gets its own article. What we do not need is this weird article entitled as if it covers an entirely imaginary occupied country. The point is that the official, real name of the territory was """"Military Administration in Serbia"""". A situation perfectly analogous with all the other five Military Administrations.

As I said, the situation is confused by the fact that """"Serbia"""" is apparently the nickname for the """"Military Administration in Serbia"""" (i.e. the territory known under that occupation """"designation""""). Look at Tomasevich. He says """"the Puppet Government of Serbia"""", suggesting (to a person who did not actually read the text) that this """"Serbia"""" was some sort of puppet country. Even though it is perfectly obvious, as you say, that there was no such historical country. Enter PANONIAN, proclaiming that Tomasevich supports him in the claim that there was a country called """"Serbia"""", and that the Government of National Salvation was only the government thereof. And then here comes General Nedic with some coins he issued with the name """"Serbia"""", and presto - a new historical country.   (talk) """,there is no way on earth it was a historical country yes well try telling that to frankly i don t know what his current views are or whether he s stopped pushing that recently but i know i ve been trying to hammer that point for months over there for some reason i honestly cannot fathom why he s attached to presenting general nedic s government of national salvation as a wwii serbian state see this version for example tomasevich and ramet as i recall are both very clear on the issue do you have any suggestions as to an alternative article title there s the problem notice the wording of the current compromise title serbia under german occupation what serbia was it that was under occupation as i said above there was no serbia since 1918 and the federal state of serbia was only de facto established after the liberation of the territory in question with the establishment of the asnos on 12 november 1944 in newly liberated belgrade it does not even geographically correspond with post war serbia as it is significantly smaller the whole situation over there is a mess born out of compromise we essentially have only two organizations in the area the military administration in serbia and its subordinate government of national salvation as far as i m concerned its perfectly fine whether we decide to cover them as one article entitled military administration in serbia or if the government of national salvation gets its own article what we do not need is this weird article entitled as if it covers an entirely imaginary occupied country the point is that the official real name of the territory was military administration in serbia a situation perfectly analogous with all the other five military administrations as i said the situation is confused by the fact that serbia is apparently the nickname for the military administration in serbia i e the territory known under that occupation designation look at tomasevich he says the puppet government of serbia suggesting to a person who did not actually read the text that this serbia was some sort of puppet country even though it is perfectly obvious as you say that there was no such historical country enter panonian proclaiming that tomasevich supports him in the claim that there was a country called serbia and that the government of national salvation was only the government thereof and then here comes general nedic with some coins he issued with the name serbia and presto a new historical country talk,0,1
fec30de33a2f29a3,"Or, I could scan the articles  and place them online in a directory  on my webserver....what is the community's pleasure?",or i could scan the articles and place them online in a directory on my webserver what is the community s pleasure,0,0
e3260fb68d4c4019,"""

 Mixins - yes or no 

The """"mixins"""" section seems contradictory. In one sentence is says Sass doesn't support mixins, and then goes on to describe Sass mixins and show their syntax. Someone who understands what it really supports needs to clarify this paragraph.  ჷTalk """,mixins yes or no the mixins section seems contradictory in one sentence is says sass doesn t support mixins and then goes on to describe sass mixins and show their syntax someone who understands what it really supports needs to clarify this paragraph talk,0,0
4fc8d4ff4f18946e,"The Alternative Theories Section 

I've been away on other things, and haven't got to starting the Alternate Theories section yet.  (Nothing mysterious has happened to me! ;)  I think it is safe to start on a foreknowledge section, and a dissenting government officials section.  I did look at what it was saying about that one Bin Laden tape on 9/11 myths.com, and admit that when you see the whole tape, some shots look considerably more like Bin Ladin than others.  The bit about the ring, when Islam prohibits it is still out of place.   That guy laughs a lot, too.  Bin Laden doesn't seem to be the kind who has a good sense of humor, but it did seem a more informal situation.  Still, the video is darker and has poor resolution, so that may account for some of the difficulty.  I downloaded a low-resolution video from cnn.com of the second plane hitting the tower, and there is a red spot off-center from the plane just before it strikes, similar to those in Loose Change, but I guess I need to quit being cheap and just order some of the documentaries to get better resolution.  I've read about half of a page on Able Danger somebody pointed out to me above, and it is interesting.  This may not be quick, but as it is a minority view, we won't be able to get into much depth here anyway.  Thanks for helping guard the Wikipedia content, BTW, guys.  I hope there is a way to ban outright vandals, by IP mask, not userid.",the alternative theories section i ve been away on other things and haven t got to starting the alternate theories section yet nothing mysterious has happened to me i think it is safe to start on a foreknowledge section and a dissenting government officials section i did look at what it was saying about that one bin laden tape on 9 11 myths com and admit that when you see the whole tape some shots look considerably more like bin ladin than others the bit about the ring when islam prohibits it is still out of place that guy laughs a lot too bin laden doesn t seem to be the kind who has a good sense of humor but it did seem a more informal situation still the video is darker and has poor resolution so that may account for some of the difficulty i downloaded a low resolution video from cnn com of the second plane hitting the tower and there is a red spot off center from the plane just before it strikes similar to those in loose change but i guess i need to quit being cheap and just order some of the documentaries to get better resolution i ve read about half of a page on able danger somebody pointed out to me above and it is interesting this may not be quick but as it is a minority view we won t be able to get into much depth here anyway thanks for helping guard the wikipedia content btw guys i hope there is a way to ban outright vandals by ip mask not userid,0,1
7646b95efdbf0149,"AnonMoos 

do not listen to what this one says its an idiot allready in trouble",anonmoos do not listen to what this one says its an idiot allready in trouble,1,1
a896d65e2fa702b3,""":Why not just say that she is a philosopher who encouraged thousands of young people to study philosophy in university and encouraged critical thinking about epistemology and other philosophical studies among millions of people in the U.S. and worldwide.  That way, we do not need a link to """"public philosopher.""""    

""",why not just say that she is a philosopher who encouraged thousands of young people to study philosophy in university and encouraged critical thinking about epistemology and other philosophical studies among millions of people in the u s and worldwide that way we do not need a link to public philosopher,0,0
e81db366a0dd83b4,"The video doesn't work. 

I tried the video and it didn't work, what's up with it?",the video doesn t work i tried the video and it didn t work what s up with it,0,0
f4e7a769a94d714e,Hi - any word from Helixweb? I'd like to see Helixweb's stalking reverts on Edamame and two other pages reverted. What are your thoughts? I also really don't want to see his/her messages sitting on my talk page. Can I revert those as well?  (Talk),hi any word from helixweb i d like to see helixweb s stalking reverts on edamame and two other pages reverted what are your thoughts i also really don t want to see his her messages sitting on my talk page can i revert those as well talk,0,0
e3ce36205bab464a,"I know either way works for me but it just seems like it would be more 'understandable' to merge it back with the main article. Its like the Rif Damshaq and Hama offensives where fighting takes place in villages and towns but its just part of the article. For example if Idlib or a smaller city was the center of fighting than it should just merge with '2013 Idlib offensive'. LOL, i dont have time to read what editors write about merging it with some article. 27 APril",i know either way works for me but it just seems like it would be more understandable to merge it back with the main article its like the rif damshaq and hama offensives where fighting takes place in villages and towns but its just part of the article for example if idlib or a smaller city was the center of fighting than it should just merge with 2013 idlib offensive lol i dont have time to read what editors write about merging it with some article 27 april,0,0
6726ed670df468bb,"""
The DYK is all yours, -).   """,the dyk is all yours,0,0
93753a5e99f102ea,(now bad user from premier league rewrote to false ranking.),now bad user from premier league rewrote to false ranking,0,0
9710fa311421dd35,"Urgent help Gina philips fansite link 

Hi there,

ive been trying to add a link to my fansite its the only one of gina philips on the internet and is listed no 5 in the google search engine so its very popular.

everytime i try to add a link it gets deleted im new to wiki and would appreciate very much if you could add a link.

www.geocities.com/theginaphilipswebsite

many thanks my friend
martin",urgent help gina philips fansite link hi there ive been trying to add a link to my fansite its the only one of gina philips on the internet and is listed no 5 in the google search engine so its very popular everytime i try to add a link it gets deleted im new to wiki and would appreciate very much if you could add a link many thanks my friend martin,0,0
18852c3c9590b6cd,"2013 (UTC)

 I don't think any human can accurately and knowledgeably curate hundreds of pages a day. I've been doing this as one of my principal activities for 7 years now, and I“New Peugeot Glenmarie 3S Centre” learned I can not maintain a high standard if I do more than 20 or so of the same thing at a time, for any WP process. Some people manage 50. Except for correction of trivial errors, I don't know of anyone who does many more than that  successfully. And certainly not for 7 or 8 hours at a stretch.
It's not that you make many actual errors. It's that you don;t follow up what other things the contributor may have written, and that   you are almost always content with the form notices. I too use them most of the time, but when I see someone who seems to need assistancewhether the assistance is to stop trying the impossible or advice about what specific kind of referencing will help the article, I don't wait for them to come to my talk page, but give it.  You do help them when they come here, but most people won't do that. They just go away. What we need to do to keep WP going is to get more initial contributors to remain active.  '''''' ( talk ) 23:54, 10 November",2013 utc i don t think any human can accurately and knowledgeably curate hundreds of pages a day i ve been doing this as one of my principal activities for 7 years now and i new peugeot glenmarie 3s centre learned i can not maintain a high standard if i do more than 20 or so of the same thing at a time for any wp process some people manage 50 except for correction of trivial errors i don t know of anyone who does many more than that successfully and certainly not for 7 or 8 hours at a stretch it s not that you make many actual errors it s that you don t follow up what other things the contributor may have written and that you are almost always content with the form notices i too use them most of the time but when i see someone who seems to need assistancewhether the assistance is to stop trying the impossible or advice about what specific kind of referencing will help the article i don t wait for them to come to my talk page but give it you do help them when they come here but most people won t do that they just go away what we need to do to keep wp going is to get more initial contributors to remain active talk 23 54 10 november,0,1
15b38382c79a5cef,Found a page in regards to the history on the schools official website: http://www.geelonghigh.vic.edu.au/About/history.html  I'll get around to adding some stuff later or someone else can do it. I don't mind.,found a page in regards to the history on the schools official website i ll get around to adding some stuff later or someone else can do it i don t mind,0,0
8312ec2ee6ed5801,I'm glad we'll be able to work together to improve this article. Al,i m glad we ll be able to work together to improve this article al,0,0
3cff326155f268a3,I'm sorry for not speak more clearly. Did not mean for any personal attack. I'm sorry if you feel that way. I will stay off your page if you want. Maybe you are not assuming good faith on my part?,i m sorry for not speak more clearly did not mean for any personal attack i m sorry if you feel that way i will stay off your page if you want maybe you are not assuming good faith on my part,0,0
73c5788a1b0c1995,"Wiccans 

I am prejudiced against wiccans.",wiccans i am prejudiced against wiccans,0,0
e08a3d01acf24782,"""without doing"""" in the sense of """"""",without doing in the sense of,0,0
cb69a6ce1eb7d2ac,"""

 Image tagging 

Hi, Pece. Thanks for the kind note! Sorry I haven't been able to answer your messages. I've had a lot of work and studying to complete, which is why I'm stressed. As for the images, you'll find all the tags at Wikipedia:Image copyright tags. The information needed should be on the websites and on the aforementioned Wikipedia page, but if you need any help, just leave a note at my talk page. Regards, 123 (talk) """,image tagging hi pece thanks for the kind note sorry i haven t been able to answer your messages i ve had a lot of work and studying to complete which is why i m stressed as for the images you ll find all the tags at wikipedia image copyright tags the information needed should be on the websites and on the aforementioned wikipedia page but if you need any help just leave a note at my talk page regards 123 talk,0,0
521ef0a69b85402b,Mature being I am. We internet moles can find anyone from anywhere. Mature beings are we. Not much to say have we. Just something mature. And mole. 62.216.118.84,mature being i am we internet moles can find anyone from anywhere mature beings are we not much to say have we just something mature and mole 62 216 118 84,0,0
c337f553781fbac3,"still don't see how that is wrong. it was a redneck article, ina  rednecks in contemporary society section, adding the fact that bush, who is a redneck(fact) is the US presiednet (fact) on his second term(fact) facts is facts is facts buddy. -steve",still don t see how that is wrong it was a redneck article ina rednecks in contemporary society section adding the fact that bush who is a redneck fact is the us presiednet fact on his second term fact facts is facts is facts buddy steve,0,0
c6211fda9ffff2a9,"Right what you need to understand is that we are equals you are not higher than me in anyway so wind your f'ing neck in, I went on to that persons talk page thing and edited cus the tramp deleted my edits k?:)",right what you need to understand is that we are equals you are not higher than me in anyway so wind your f ing neck in i went on to that persons talk page thing and edited cus the tramp deleted my edits k,0,1
dc5e560cf526b229,"==Help Contribute to Article: TV Episodes Considered the Greatest of All Time

Hey man, what's up? I'm new to Wikipedia and I just started this article for contenders for the greatest TV episode of all time. Listen, it was first up for deletion and it could be deleted if there is a huge lack of content. I put more stuff on there man, but I think it would be great if you could help contribute to the article. I really want this one to survive; it could be an important one. So, post something on the article's talk page about contributing to the article; thanks!!!   Oh babe",help contribute to article tv episodes considered the greatest of all time hey man what s up i m new to wikipedia and i just started this article for contenders for the greatest tv episode of all time listen it was first up for deletion and it could be deleted if there is a huge lack of content i put more stuff on there man but i think it would be great if you could help contribute to the article i really want this one to survive it could be an important one so post something on the article s talk page about contributing to the article thanks oh babe,0,0
8ed1f984c2d9b7ba,"It's a full featured program, so I doubt that they'd make it need active X.",it s a full featured program so i doubt that they d make it need active x,0,0
bf712f1f31fff0f4,"Thank you 

... for starting the article that currently is now BART Police shooting of Oscar Grant. Peace,",thank you for starting the article that currently is now bart police shooting of oscar grant peace,0,0
6290e9d1b9a207b4,"Many thanks for warring but it is Wikipadida who is making Vandalism and posting the lies and unsupported quotation

If Wikipadia want to threat somebody, this is not only Vandalism, that is called differently, but in Syria, we are free and honest",many thanks for warring but it is wikipadida who is making vandalism and posting the lies and unsupported quotation if wikipadia want to threat somebody this is not only vandalism that is called differently but in syria we are free and honest,0,0
a54bf6e2305bbfd1,"""==Cedomir Jovanovic==

Hello 

I've noticed that you have added info that Čedomir Jovanović is of Roma origin. As far as I know this information is false and this article has already been locked once because of one user persistently inserting claim that he is of Roma origin. If you can provide evidence for your claims I would be more than happy to allow it to stay, but since I am from Serbia and know guy quite well I do not believe it, at least without some proof. I have nothing against Roma people but in a same way you can say that he is a Swede. It is baseless. So, I've removed it from an article. I hope you understand.

All the best 

Thanks for the answer. I apologies in any case for not studying the changes thoroughly but since last vandalism string we had was pretty relentless I wanted to react quickly. You can see discussion page for more details. By the way I would ask you for a favor. Since Wikipedia article you have listed states he is a of Roma origin can you ask that user to provide you a source and if he does that you pass it over to me. Thanks. If not I hope that you will as a decent Wikipedia user you are amend the article to exclude unchecked and if you believe me baseless informations. Thanks   TAB
 

Pondicherry University

I noted the change of title you made to the article 'Pondicherry University'. Has the name of the university changed to 'Puducherry University'. I think, name of the university remains 'Pondicherry University' even though name of the place changed.
 

DYK

On June 2, Did you know? was updated with a fact from the article GayFest, which you created. If you know of another interesting fact from a recently created article, then please suggest it on the """"Did you know?"""" talk page.  ✍ 

Speaking of gay, guess who's back?  
Fair use rationale for Image:GayFest2006.jpg

Thanks for uploading Image:GayFest2006.jpg. The image description page specifies that the image is being used under fair use but there is no explanation or rationale as to why its use in Wikipedia articles constitutes fair use.

Please go to the image description page and edit it to include a fair use rationale.

If you have uploaded other fair use media, consider checking that you have specified the fair use rationale on those pages too. You can find a list of 'image' pages you have edited by clicking on the """"my contributions"""" link (it is located at the very top of any Wikipedia page when you are logged in), and then selecting """"Image"""" from the dropdown box. Note that any fair use images lacking such an explanation will be deleted one week after they have been uploaded, as described on criteria for speedy deletion. If you have any questions please ask them at the Media copyright questions page. Thank you.

This is an automated notice by .  For assistance on the image use policy, see Wikipedia:Media copyright questions. 

 GayFest references 

It would be nice if English translations for Romanian news article titles could be provided. Regards.  

Thanks! Tomorrow, I'l probably go and covert them to Cite templates.  

Okay, I converted everything except the Pravda and Nadiafax links, because they were inaccessible. The Journalul title also lacks a translation (I think it's because it was added after I made the above comment), and I commented out the last ref because it seemed to have an improper url or something. It linked to the program for 2006.  

 GayFest discussion 

Do you have any idea on who these guys, Anonimu and Biruitorul are? They look very much like what I read in the news about """"Noua Dreapta"""". Disturbing...  

 Vanadals 

This has been",cedomir jovanovic hello i ve noticed that you have added info that edomir jovanovi is of roma origin as far as i know this information is false and this article has already been locked once because of one user persistently inserting claim that he is of roma origin if you can provide evidence for your claims i would be more than happy to allow it to stay but since i am from serbia and know guy quite well i do not believe it at least without some proof i have nothing against roma people but in a same way you can say that he is a swede it is baseless so i ve removed it from an article i hope you understand all the best thanks for the answer i apologies in any case for not studying the changes thoroughly but since last vandalism string we had was pretty relentless i wanted to react quickly you can see discussion page for more details by the way i would ask you for a favor since wikipedia article you have listed states he is a of roma origin can you ask that user to provide you a source and if he does that you pass it over to me thanks if not i hope that you will as a decent wikipedia user you are amend the article to exclude unchecked and if you believe me baseless informations thanks tab pondicherry university i noted the change of title you made to the article pondicherry university has the name of the university changed to puducherry university i think name of the university remains pondicherry university even though name of the place changed dyk on june 2 did you know was updated with a fact from the article gayfest which you created if you know of another interesting fact from a recently created article then please suggest it on the did you know talk page speaking of gay guess who s back fair use rationale for image gayfest2006 jpg thanks for uploading image gayfest2006 jpg the image description page specifies that the image is being used under fair use but there is no explanation or rationale as to why its use in wikipedia articles constitutes fair use please go to the image description page and edit it to include a fair use rationale if you have uploaded other fair use media consider checking that you have specified the fair use rationale on those pages too you can find a list of image pages you have edited by clicking on the my contributions link it is located at the very top of any wikipedia page when you are logged in and then selecting image from the dropdown box note that any fair use images lacking such an explanation will be deleted one week after they have been uploaded as described on criteria for speedy deletion if you have any questions please ask them at the media copyright questions page thank you this is an automated notice by for assistance on the image use policy see wikipedia media copyright questions gayfest references it would be nice if english translations for romanian news article titles could be provided regards thanks tomorrow i l probably go and covert them to cite templates okay i converted everything except the pravda and nadiafax links because they were inaccessible the journalul title also lacks a translation i think it s because it was added after i made the above comment and i commented out the last ref because it seemed to have an improper url or something it linked to the program for 2006 gayfest discussion do you have any idea on who these guys anonimu and biruitorul are they look very much like what i read in the news about noua dreapta disturbing vanadals this has been,0,1
2ac2f2534e6f9204,"spelling style 

no need to change from British to american spelling as per WP:style",spelling style no need to change from british to american spelling as per wp style,0,0
6bdbf2c7559da4e7,"""See my note in the afd regarding Eduard Einstein.  I didn't say the article was too short, I said it's not noteworthy.  If you can convince me he's noteworthy, I'll be happy to withdraw.  But we don't include relatives of famous people and we don't include schizophrenics — why would we include a relative of a famous person who happened to have schizophrenia?  —  
Please stick to the facts. Speculation about people under 30, snide comments about my edits, etc., don't help determine the merit of the Eduard Einstein article. BTW - if you don't like my edits - this is Wikipedia - you can improve them as you see fit. My writing skill has no bearing on EE's noteworthiness.  
I didn't begin the speculation about Paris Hilton and her dumb dog.  It also wasn't me that claimed that the article was too short or that said that Eduard Einstein - whom I'd never even heard of before this - is more notable than Paris Hilton - who I'd heard of long before she even started getting on TV and movies.  I'm sorry that Paris Hilton is far more popular and interesting than Albert Einstein's son - even if it's only because Hilton's a filthy whore.  Ted Bundy is one of the lowest pieces of garbage to ever walk the earth and you'd get laughed off Wikipedia if you Afd'ed him.  I'm also sorry your edits to the Einstein article look like a pathetic attempt to make him look noteworthy.  If it wasn't in this situation, those edits would have been small one-line bulleted entries buried down in the references and external links section of the article, wouldn't they?  You might as well have written, """"he's really notable, really!  Please, please, please don't delete him!""""  And you've misconstrued almost everything about this, from why I even nominated the article in the first place to why I commented about your edits to the article.  I didn't say your edit style was bad - just where you put them.  —  
OK - now that you've blown off your steam on my user page, I would encourage you, after you calm down, to go back and re-read what you wrote to me. If you want to come back later and have a civil discussion, I'll still be around.  
I'm defending myself, not blowing off steam.  And, again, I'm not the one that started leaving demands to """"stick to the facts"""" on anyone's talk page.  The circular nature of this bizarre exchange is pointless so this will be my last response.  —  

""",see my note in the afd regarding eduard einstein i didn t say the article was too short i said it s not noteworthy if you can convince me he s noteworthy i ll be happy to withdraw but we don t include relatives of famous people and we don t include schizophrenics why would we include a relative of a famous person who happened to have schizophrenia please stick to the facts speculation about people under 30 snide comments about my edits etc don t help determine the merit of the eduard einstein article btw if you don t like my edits this is wikipedia you can improve them as you see fit my writing skill has no bearing on ee s noteworthiness i didn t begin the speculation about paris hilton and her dumb dog it also wasn t me that claimed that the article was too short or that said that eduard einstein whom i d never even heard of before this is more notable than paris hilton who i d heard of long before she even started getting on tv and movies i m sorry that paris hilton is far more popular and interesting than albert einstein s son even if it s only because hilton s a filthy whore ted bundy is one of the lowest pieces of garbage to ever walk the earth and you d get laughed off wikipedia if you afd ed him i m also sorry your edits to the einstein article look like a pathetic attempt to make him look noteworthy if it wasn t in this situation those edits would have been small one line bulleted entries buried down in the references and external links section of the article wouldn t they you might as well have written he s really notable really please please please don t delete him and you ve misconstrued almost everything about this from why i even nominated the article in the first place to why i commented about your edits to the article i didn t say your edit style was bad just where you put them ok now that you ve blown off your steam on my user page i would encourage you after you calm down to go back and re read what you wrote to me if you want to come back later and have a civil discussion i ll still be around i m defending myself not blowing off steam and again i m not the one that started leaving demands to stick to the facts on anyone s talk page the circular nature of this bizarre exchange is pointless so this will be my last response,0,1
8c3e7699fb891faa,"Wow! Bold talk from someone speaking anonymously. Again, I defer to Kate. But if Mr 155.91. etc is right and they must stay, then I will introduce additional quotes that will portray her in less than a 'crazy nut' light.",wow bold talk from someone speaking anonymously again i defer to kate but if mr 155 91 etc is right and they must stay then i will introduce additional quotes that will portray her in less than a crazy nut light,0,0
ad63433ed8354d59,"Hello Dreadstar
You left a comment on my talk page about uncivil comments. I just wanted to let you know I've seen the err of my ways and have come here to rectify the mistake I made by not also personally attacking you, yourself. So I'd just like to take this opportunity to say suck my dirty ass you cow-fucking trisomic, and thank you  .",hello dreadstar you left a comment on my talk page about uncivil comments i just wanted to let you know i ve seen the err of my ways and have come here to rectify the mistake i made by not also personally attacking you yourself so i d just like to take this opportunity to say suck my dirty ass you cow fucking trisomic and thank you,1,1
c6cb297f52b760f9,""":well idk about that but i DO know that his original name in the film was """"Chris"""" which makes it """"Chris Treborn,"""" or """"Christ Reborn."""" But i think the filmmakers thought it would be too obvious and there'd be some conflict or something so they changed it to evan
 Snak Pak

""",well idk about that but i do know that his original name in the film was chris which makes it chris treborn or christ reborn but i think the filmmakers thought it would be too obvious and there d be some conflict or something so they changed it to evan snak pak,0,0
84f3fa8ec28fc95c,"""

 Please do not vandalize pages, as you did with this edit to Galway. If you continue to do so, you will be blocked from editing.  |Parlez ici """,please do not vandalize pages as you did with this edit to galway if you continue to do so you will be blocked from editing parlez ici,0,0
d37851f39f37349d,"""::: You are also well aware that BOLD solo editing on controversial articles is frowned upon and that this has been mentioned to you many times in the form of advice, requests, and warnings. You should also be aware that ignoring such comments from other editors is uncollaborative and insulting and thus violates Wikipedia's policies regarding consensus/collaboration/AGF. If you aren't aware of this, then read my lips - IT IS! """"No man is an island,"""" and editors should not attempt to edit in isolation, especially on controversial articles. Solo editing by you and certain editors who are currently blocked or banned has created lots of trouble at this and other controversial articles and you are once again being requested and warned not to do it. Bring your proposed edits to the talk page and then hammer it out with other editors into a consensus version. THEN it can be added. Some semblance of a pretence at trying to work with, instead of ignoring, other editors would suit you well.   / talk 

""",you are also well aware that bold solo editing on controversial articles is frowned upon and that this has been mentioned to you many times in the form of advice requests and warnings you should also be aware that ignoring such comments from other editors is uncollaborative and insulting and thus violates wikipedia s policies regarding consensus collaboration agf if you aren t aware of this then read my lips it is no man is an island and editors should not attempt to edit in isolation especially on controversial articles solo editing by you and certain editors who are currently blocked or banned has created lots of trouble at this and other controversial articles and you are once again being requested and warned not to do it bring your proposed edits to the talk page and then hammer it out with other editors into a consensus version then it can be added some semblance of a pretence at trying to work with instead of ignoring other editors would suit you well talk,0,0
cc60843f80c299ee,i am kindof frusterated to day. had a rough morniing at tennis. BOYS BOYS AND MORE BOYS are my problem.,i am kindof frusterated to day had a rough morniing at tennis boys boys and more boys are my problem,0,0
7f0ab3cc322f2ee5,"I went ahead and removed the tables, since there’s no need to keep them while they’re being replaced. —67.14.236.50",i went ahead and removed the tables since there s no need to keep them while they re being replaced 67 14 236 50,0,0
f1e266a5f3da72ea,thanks for the comment. let me see if they'll get back to me...,thanks for the comment let me see if they ll get back to me,0,0
f2dc43979a0189bb,"""
Yes, that seems strange for Top Gear (2002 TV series). I'll fix it.  (✉) """,yes that seems strange for top gear 2002 tv series i ll fix it,0,0
94449e6092bcf528,"Alapana (album) 

Hello, and thanks for creating this article. It's been tagged for notability. Could you please look it over and see if you can help improve it? Best wishes,",alapana album hello and thanks for creating this article it s been tagged for notability could you please look it over and see if you can help improve it best wishes,0,0
5959a9ad79a23d12,understandng what I was doing,understandng what i was doing,0,0
65f7da661d8eec59,"""
Look, this real consensus building. Your incivility disrupts this process. How does this personal attack help? """"obvious English is not his first language"""" 72.0.36.36  """,look this real consensus building your incivility disrupts this process how does this personal attack help obvious english is not his first language 72 0 36 36,0,0
d07a1dde8a8d0c47,"""

Athiesm, templates, and History21
Thanks for your alert.  I don't know where I picked up the """"cite"""" phantom-tag, but it seems to follow me around like a pathetic puppy looking for a home.

And yes - History21's a bud. He also wrote the """"God bless you"""" statement in my user:talk (ironically, given the motivation for your talk visitation). The only thing that pains me more than seeing """"fuck"""" spelled without the """"c"""" is when people can't grasp there/their/they're and to/too/two.  D""",athiesm templates and history21 thanks for your alert i don t know where i picked up the cite phantom tag but it seems to follow me around like a pathetic puppy looking for a home and yes history21 s a bud he also wrote the god bless you statement in my user talk ironically given the motivation for your talk visitation the only thing that pains me more than seeing fuck spelled without the c is when people can t grasp there their they re and to too two d,1,0
fe0f64728f1f84db,"""

meatpuppetry

how does this  """"...and because of you rather obviously being another CAMERA meatpuppet""""
Retrieved from """"http://en.wikipedia.org/wiki/User_talk:Judadem""""

reconcile with what what i stated 7 hours before??: 

i state here that the members of any agenda driven group exposed should suffer the consequences even when other agenda driven groups escape exposure. that goes even if the pro palestinian/anti israeli group is never found. i also state that that is an existential flaw in the wiki model because the presumption of neutrality cannot be judged from within, an essential condition of wiki world. i do not believe in god thus i do not believe in perfect knowledge. Davidg (talk) 

http://en.wikipedia.org/wiki/Wikipedia:Administrators%27_noticeboard/Incidents/Wikilobby_campaign

did you act in ignorance or were you caught up in 'group think'?
  """,meatpuppetry how does this and because of you rather obviously being another camera meatpuppet retrieved from reconcile with what what i stated 7 hours before i state here that the members of any agenda driven group exposed should suffer the consequences even when other agenda driven groups escape exposure that goes even if the pro palestinian anti israeli group is never found i also state that that is an existential flaw in the wiki model because the presumption of neutrality cannot be judged from within an essential condition of wiki world i do not believe in god thus i do not believe in perfect knowledge davidg talk did you act in ignorance or were you caught up in group think,0,0
56948ae36d285e30,"Hi Lisamichelle2008. I understand how you're feeling and have removed one of the edits from public view as it was a WP:BLP violation. I can't run a checkuser and tell you results due to the meta:Privacy Policy and I should probably mention that Wikipedia has a policy which states that legal threats aren't allowed so you might want to strike your comment above. Let me know if there is anything else I might be able to help with. Regards,  (talk • contribs • logs)",hi lisamichelle2008 i understand how you re feeling and have removed one of the edits from public view as it was a wp blp violation i can t run a checkuser and tell you results due to the meta privacy policy and i should probably mention that wikipedia has a policy which states that legal threats aren t allowed so you might want to strike your comment above let me know if there is anything else i might be able to help with regards talk contribs logs,0,0
0374243ec3fe5a39,"""

 Minotaurgirl 

Kelly knew what color her eyes were when she made the song """"Behind These Hazel Eyes"""". Comparing the pictures of Kelly and Belle, they do seem to share the same eye color just slightly different shades of it - Belle's eyes are little lighter. Someone made a video called """"Behind Belle's Hazel Eyes"""", the person who made this video knew what color Belle's eyes were and decided to include Belle's name in the title. And if you read the comments, the people fully agree her eyes are hazel with comments like """"green or hazel? they look more hazel than brown or green . yup belles﻿ eyes are deffinetely hazel problem solved"""". I like the """"problem solved"""" part. With Minotaurgirl's bias against the idea of Belle having hazel eyes, I think there will always be a problem with people like her involved.

TV Tropes has already suffered an edit war because of her, so much so they forbade users from writting what Belle's eye color is. Notice how Belle's name is missing from the Eye Color tropes colony, while the rest of Disney Princesses have their eye color mentioned. Belle's name was there under the category of Hazel Eyes until Minotaurgirl came along and ruined it all. Same thing almost happened to Disney Wiki. This is Minotaurgirl's account, as you can see she got blocked with an expiry time of infinite, the reason; inserting false information, the false information being writting down Belle's eyes as brown.] And now here's Minotaurgirl on the Wikipedia. Is there any repsite from her?

I noticed she has a Live Journal account. See what she has written. The lack of links speaks for itself. She thinks she actually proved Belle's eyes are brown, depsite the fact what she has presented as evidence is either a minority or a plain old lie, like the screenshots she send me. By magnifying the images, you can see her eyes are hazel-colored and not the same color as her hair at all. Notice how she's afriad to use close-ups of Belle's eye cuz she knows they'll appear hazel if she did so, thus disproving her. On her blog, she didn't mention that she was blocked on Disney Wiki, and said the only reason Disney Wiki kept Belle's eyes color as hazel was to shut up people who keep writting her eyes as hazel, when in reality the one who got shut up was Minotaurgirl as she got blocked while the others didn't. She wrote """"Bleh. Kids these days. This one needs a hobby. I'm tired of wasting time trying to undo this snot's damage, and I'm fairly sure the mods of these sites are too. Would it be possible to just...block this person off the internet entirely until they learn some manners?"""" Yup, she calls people who use logic and legitimate evidence to prove their point snots and hobby-less kids if the evidence goes against what Minotaurgirl said/believes.

If anyone deserves to be blocked, it's Minotaurgirl. If it wasn't for her bias, sites like like TV Tropes, Disney Wiki and the Wikipedia wouldn't have suffered an edit war about Belle's eye color. The fact that there was never an edit about Belle's eye color until Minotaurgirl came along, says a lot. Ever since she got blocked from Disney Wiki almost an year ago, no edit war about Belle's eye color happened there either. It's like Minotaurgirl is the only person on the entire internet who refuses to accept Belle's eyes as hazel and is willing to go to every page and change her eye color to brown, just cuz she likes to think so, not because the world thinks so or any legit evidence are presented. It's like someone going around changing Ariel's eyes from blue to green, just cuz he likes the idea of Ariel being green-eyed. Thinks don't work like that.

My overall opinion on Minotaurgurl. I think it's safe to say the interent is better off without her. She's toxic, she's a nuisance, she's talks trash to people just cuz they disagree with her, she lies, she mangles, twists and misrepresents other people's words, and she causes edit wars. Action needs to be taken against people like this.  """,minotaurgirl kelly knew what color her eyes were when she made the song behind these hazel eyes comparing the pictures of kelly and belle they do seem to share the same eye color just slightly different shades of it belle s eyes are little lighter someone made a video called behind belle s hazel eyes the person who made this video knew what color belle s eyes were and decided to include belle s name in the title and if you read the comments the people fully agree her eyes are hazel with comments like green or hazel they look more hazel than brown or green yup belles eyes are deffinetely hazel problem solved i like the problem solved part with minotaurgirl s bias against the idea of belle having hazel eyes i think there will always be a problem with people like her involved tv tropes has already suffered an edit war because of her so much so they forbade users from writting what belle s eye color is notice how belle s name is missing from the eye color tropes colony while the rest of disney princesses have their eye color mentioned belle s name was there under the category of hazel eyes until minotaurgirl came along and ruined it all same thing almost happened to disney wiki this is minotaurgirl s account as you can see she got blocked with an expiry time of infinite the reason inserting false information the false information being writting down belle s eyes as brown and now here s minotaurgirl on the wikipedia is there any repsite from her i noticed she has a live journal account see what she has written the lack of links speaks for itself she thinks she actually proved belle s eyes are brown depsite the fact what she has presented as evidence is either a minority or a plain old lie like the screenshots she send me by magnifying the images you can see her eyes are hazel colored and not the same color as her hair at all notice how she s afriad to use close ups of belle s eye cuz she knows they ll appear hazel if she did so thus disproving her on her blog she didn t mention that she was blocked on disney wiki and said the only reason disney wiki kept belle s eyes color as hazel was to shut up people who keep writting her eyes as hazel when in reality the one who got shut up was minotaurgirl as she got blocked while the others didn t she wrote bleh kids these days this one needs a hobby i m tired of wasting time trying to undo this snot s damage and i m fairly sure the mods of these sites are too would it be possible to just block this person off the internet entirely until they learn some manners yup she calls people who use logic and legitimate evidence to prove their point snots and hobby less kids if the evidence goes against what minotaurgirl said believes if anyone deserves to be blocked it s minotaurgirl if it wasn t for her bias sites like like tv tropes disney wiki and the wikipedia wouldn t have suffered an edit war about belle s eye color the fact that there was never an edit about belle s eye color until minotaurgirl came along says a lot ever since she got blocked from disney wiki almost an year ago no edit war about belle s eye color happened there either it s like minotaurgirl is the only person on the entire internet who refuses to accept belle s eyes as hazel and is willing to go to every page and change her eye color to brown just cuz she likes to think so not because the world thinks so or any legit evidence are presented it s like someone going around changing ariel s eyes from blue to green just cuz he likes the idea of ariel being green eyed thinks don t work like that my overall opinion on minotaurgurl i think it s safe to say the interent is better off without her she s toxic she s a nuisance she s talks trash to people just cuz they disagree with her she lies she mangles twists and misrepresents other people s words and she causes edit wars action needs to be taken against people like this,0,1
e627212cebd297bf,"Moreover, this person has abused his/her discretion by not only blocking, but also removing rebuttals from its discussion page, a further indication of an underlying lack of integrity}}",moreover this person has abused his her discretion by not only blocking but also removing rebuttals from its discussion page a further indication of an underlying lack of integrity,0,0
5551c41839b6f17d,"Division symbol 
The )- one.  When did that happen?  Thanks.",division symbol the one when did that happen thanks,0,0
f0c76b1b13afb399,"Essjay
To be sure is this actually",essjay to be sure is this actually,0,0
3bcd017c58ec0409,"My RFA Thanks 

Thank you for your support at my RFA; it closed a short while ago as a success.  As support comments go, yours was certainly one of the briefest.  And what do I have to say to such brevity? Cheers! Once again, thank you.",my rfa thanks thank you for your support at my rfa it closed a short while ago as a success as support comments go yours was certainly one of the briefest and what do i have to say to such brevity cheers once again thank you,0,0
77cff5049318c4cd,"Welcome!

Hello, Amberlynnkinsey, and welcome to Wikipedia! Thank you for your contributions. I hope you like the place and decide to stay. Here are some pages that you might find helpful:
The five pillars of Wikipedia
Tutorial
How to edit a page and How to develop articles
How to create your first article (using the Article Wizard if you wish)
Manual of Style
I hope you enjoy editing here and being a Wikipedian! Please sign your messages on discussion pages using four tildes (~~~~); this will automatically insert your username and the date. If you need help, check out Wikipedia:Questions, ask me on my talk page, or ask your question on this page and then place {{help me}} before the question. Again, welcome!",welcome hello amberlynnkinsey and welcome to wikipedia thank you for your contributions i hope you like the place and decide to stay here are some pages that you might find helpful the five pillars of wikipedia tutorial how to edit a page and how to develop articles how to create your first article using the article wizard if you wish manual of style i hope you enjoy editing here and being a wikipedian please sign your messages on discussion pages using four tildes this will automatically insert your username and the date if you need help check out wikipedia questions ask me on my talk page or ask your question on this page and then place help me before the question again welcome,0,0
d45b7e00d713360a,"September 2007 
 Please stop. If you continue to vandalize Wikipedia, as you did to Indian subcontinent, you will be blocked from editing.   
If this is a shared IP address, and you didn't make the edit, consider creating an account for yourself so you can avoid further irrelevant notices.",september 2007 please stop if you continue to vandalize wikipedia as you did to indian subcontinent you will be blocked from editing if this is a shared ip address and you didn t make the edit consider creating an account for yourself so you can avoid further irrelevant notices,0,0
7e6b266e3e595185,"""

 Edit request on 14 September 2012 

PLEASE CHANGE """"Armstrong's family announced he would be buried at sea.[137]""""

TO

“Armstrong was honored in a tribute at Washington’s National Cathedral on September 13, 2012.  In attendance at the tribute were fellow Apollo 11 crewmates Michael Collins and Buzz Aldrin.  Also in attendance was Eugene A. Cernan, the Apollo 17 mission commander and last man to walk on the moon, and John Glenn, the former Senator and first American to orbit the Earth, as well as the current NASA Administrator Charles Bolden.  Armstrong was laid to rest in the Atlantic on Friday, September 14, 2012 in a burial at sea ceremony aboard the USS Philippine Sea (CG 58).  ”

  """,edit request on 14 september 2012 please change armstrong s family announced he would be buried at sea 137 to armstrong was honored in a tribute at washington s national cathedral on september 13 2012 in attendance at the tribute were fellow apollo 11 crewmates michael collins and buzz aldrin also in attendance was eugene a cernan the apollo 17 mission commander and last man to walk on the moon and john glenn the former senator and first american to orbit the earth as well as the current nasa administrator charles bolden armstrong was laid to rest in the atlantic on friday september 14 2012 in a burial at sea ceremony aboard the uss philippine sea cg 58,0,0
37bf95c1cea4d470,"This edit shows that you are not at all interested in a neutral, encyclopedic article. Which of the cult-basher cliques do you hang out with?",this edit shows that you are not at all interested in a neutral encyclopedic article which of the cult basher cliques do you hang out with,0,0
918a673c28ee79cf,"Uhh, no. Nintendo built the GameCube from the ground-up to be more cost-effective to produce than Sony or Microsoft did with their systems. Lack of DVD support also helps reduce manufacturing costs.

P.S.: Quit adding that POV paragraph to the article.",uhh no nintendo built the gamecube from the ground up to be more cost effective to produce than sony or microsoft did with their systems lack of dvd support also helps reduce manufacturing costs p s quit adding that pov paragraph to the article,0,0
6bc1c3e606565532,"""

p.p.s.  How do you put a vote on something nominated to be deleted?  I tried to vote to delete """"Round Faced Asian"""" and it didn't show up. 17:56, 23 Jun 2005 (UTC)""",p p s how do you put a vote on something nominated to be deleted i tried to vote to delete round faced asian and it didn t show up 17 56 23 jun 2005 utc,0,0
7e1ccbee3ce91207,"""

 I AGREE WITH USER DARCYJ 

YOU REALLY NEED TO POLISH UP YOUR ENGLISH!!!!! OVER AND OVER AGAIN YOU MISPELL SIMPLE WORDS, FOR EXAMPLE- YOU WRITE IGNORE AS """"IGNOR"""" OR SIMILIAR. HOW CAN YOU EXPECT TO AN EFFECTIVE EDITOR WHEN YOU CANNOT WRITE IN A GRAMMATICALLY AND SPELLING CORRECT FASHION!!! SECOND OF ALL, TO ME, YOU ARE A VERY BIG HYPOCRITE!!!!! YOU CLAIM THAT INDIAN ADMINISTRATORS ARE BEING PREDIJUICE TO YOU AND PLAYING """"FAVOURITES"""" WITH YOU AND OTHER PAKISTANI WIKIPEDIANS WHEN YOU A HIGHLY RACIST PERSON YOURSELF!!!!!! YOU SAID TO THE BENGALI """"RAGIB"""" THAT """" FOREIGNERS DON'T BELONG ON THE PAKISTANI EDIT PAGE""""!!!!!! IF THAT ISNT PREDIJUICE, WHAT IS???? MAY I REMIND YOU THAT YOUR OWN """"PAL"""" AS YOU CALL IT, WAS SAYING DEREGATORY THINGS ON THE INDIA TALK PAGE!!!! AS I RECALL HE WAS PAKISTANI.......OR SHOULD I SAY NORTH MIGRANTED INDIAN.....""",i agree with user darcyj you really need to polish up your english over and over again you mispell simple words for example you write ignore as ignor or similiar how can you expect to an effective editor when you cannot write in a grammatically and spelling correct fashion second of all to me you are a very big hypocrite you claim that indian administrators are being predijuice to you and playing favourites with you and other pakistani wikipedians when you a highly racist person yourself you said to the bengali ragib that foreigners don t belong on the pakistani edit page if that isnt predijuice what is may i remind you that your own pal as you call it was saying deregatory things on the india talk page as i recall he was pakistani or should i say north migranted indian,1,1
b359d675c05505e1,Anyone in the Republic of Singapore is Gay!!! India Forever!!,anyone in the republic of singapore is gay india forever,1,1
1992ab86f01a11b0,I agree. I'll upload one from the Greatest Hits era.,i agree i ll upload one from the greatest hits era,0,0
1aaa7ddc583eac8e,"""

Nice article, this jumped out at me.

 Scott Pelley: Why would anyone launch the largest chemical weapons attack in decades while chemical weapons inspectors are in town?

Scott Cairns: I ask myself that a lot. I don't know.

  lets talk """,nice article this jumped out at me scott pelley why would anyone launch the largest chemical weapons attack in decades while chemical weapons inspectors are in town scott cairns i ask myself that a lot i don t know lets talk,0,0
e4b3a17787022d94,"I'll try to list all the changes from the previous cabinet in the Cabinet of Zoran Milanović article to see what needs to be done. As for articles on individual ministries, we should wait for English language translations to become official and later split them from existing articles, leaving them unlinked in government templates in the meantime. That way we should have redirects in place for articles which will continue to use obsolete ministry names and properly titled articles reflecting current situation. There's no rush to get it right.  (''talk)",i ll try to list all the changes from the previous cabinet in the cabinet of zoran milanovi article to see what needs to be done as for articles on individual ministries we should wait for english language translations to become official and later split them from existing articles leaving them unlinked in government templates in the meantime that way we should have redirects in place for articles which will continue to use obsolete ministry names and properly titled articles reflecting current situation there s no rush to get it right talk,0,0
9f7e225dcf805422,"I agree, it certainly should not be redirect to National Alliance (United States), which is just a marginal political grouping.",i agree it certainly should not be redirect to national alliance united states which is just a marginal political grouping,0,0
69d66d56d4c6e966,"Contact
Please email me privately. There's a matter I'd like to discuss.",contact please email me privately there s a matter i d like to discuss,0,0
a3e7b90924c9ee30,""" June 2008 (UTC)  (WP:DGAF)  80(my 2 cents) 09:29, 6""",june 2008 utc wp dgaf 80 my 2 cents 09 29 6,0,0
f74ceab859ec45a0,"Macedonian (disambiguation)
I changed only the demographics section - which I explained in the talk page, even you participated in the talks back then. I don't know who changed the history section (I haven't touched it). As for Greek Macedonians - I told you you could write anything you wish but in English it sounds more like the members of the Macedonian Slav minority in Greece rather than a regional identification of someone who has a Greek national identity...",macedonian disambiguation i changed only the demographics section which i explained in the talk page even you participated in the talks back then i don t know who changed the history section i haven t touched it as for greek macedonians i told you you could write anything you wish but in english it sounds more like the members of the macedonian slav minority in greece rather than a regional identification of someone who has a greek national identity,0,0
b3e29abc98c0fc5d,"""

 Spam? Where? 
You keep on mentioning that when 195.64.95.116 is linking to this webpage it is considered """"spam"""". You even see this to be reason to block this IP for a week(!). Please define what you think is spam, because where I come from his/her linking to this particular website is anything but spam. I happen to be a member of some mailinglists (yahoogroups actually) on which Julius has written an enormous amount of very good articles on MP3 and stuff relating to audio-engineering, in Dutch. Many of the info he, his cousin and/or some others have put on this particular site, I see no reason for them to be needing any more visitors to this webpage than it already has; there are no popups, not even google-ads on it, so really, get your act together: This has NOTHING to do with spam. In fact, when I looked into this IP-address you blocked, I found that it resolves to """"jult.net"""", not to jthz.com, and even though it might be used by Julius, who is also one of the creators of the page you regard as spam, I still don't see the connection to """"spam"""".
Being able to use your admin-tools does not mean you need to abuse people on Wikipedia. Grow up!  
Note that Julius is even one of the people behind blocking/fighting spam; see example here, so you better do your homework first.  

 Still the same threats from the jealous little man with the minority complex? 
I read this nazi-like threat on the talk-page for my IP-address;
I thought you quit. If you don't stop spamming the MP3 article with links to your own website I'm going to block you from editing.  

1. I quit what? I never started or ended anything.
2. It's not spam and it has never been spam (and you know it isn't, your beef is something else, I don't even know what it is). Links YOU left in there ARE spam though, but you seem to be blind to those, so I will remove them for you.
3. Our webpage reaches more than 200 audio-enthusiasts daily, because it is informative on the subject, and has been since 1997.
4. If you keep on threatening me in this ridiculously nazi-manner of yours, I will report your behavior to those in charge, and we'll see about you being able to block perfectly valid links from being on that page. On top of that I will annoy you where and however I possibly can without breaking the law, your stalkerlike behavior is quite sickening and needs to stop.
5. You are pretty pathetic, not ONE claim you ever made had any proper foundation, and you know it.  """,spam where you keep on mentioning that when 195 64 95 116 is linking to this webpage it is considered spam you even see this to be reason to block this ip for a week please define what you think is spam because where i come from his her linking to this particular website is anything but spam i happen to be a member of some mailinglists yahoogroups actually on which julius has written an enormous amount of very good articles on mp3 and stuff relating to audio engineering in dutch many of the info he his cousin and or some others have put on this particular site i see no reason for them to be needing any more visitors to this webpage than it already has there are no popups not even google ads on it so really get your act together this has nothing to do with spam in fact when i looked into this ip address you blocked i found that it resolves to jult net not to jthz com and even though it might be used by julius who is also one of the creators of the page you regard as spam i still don t see the connection to spam being able to use your admin tools does not mean you need to abuse people on wikipedia grow up note that julius is even one of the people behind blocking fighting spam see example here so you better do your homework first still the same threats from the jealous little man with the minority complex i read this nazi like threat on the talk page for my ip address i thought you quit if you don t stop spamming the mp3 article with links to your own website i m going to block you from editing 1 i quit what i never started or ended anything 2 it s not spam and it has never been spam and you know it isn t your beef is something else i don t even know what it is links you left in there are spam though but you seem to be blind to those so i will remove them for you 3 our webpage reaches more than 200 audio enthusiasts daily because it is informative on the subject and has been since 1997 4 if you keep on threatening me in this ridiculously nazi manner of yours i will report your behavior to those in charge and we ll see about you being able to block perfectly valid links from being on that page on top of that i will annoy you where and however i possibly can without breaking the law your stalkerlike behavior is quite sickening and needs to stop 5 you are pretty pathetic not one claim you ever made had any proper foundation and you know it,1,1
1d261f176f4bcacb,"I understand. I certainly can't do everythign on wikipedia I'd like to, due to real world responsibilities. I was not seriously suggesting that nintou was a real word, just using it to flippantly point out the relationship between shinobigatana and ninjatou.
As for ninjaken, see Svartalf's comment at Talk:Ninjatō#Ninjaken, which seems to give a logical explanation.",i understand i certainly can t do everythign on wikipedia i d like to due to real world responsibilities i was not seriously suggesting that nintou was a real word just using it to flippantly point out the relationship between shinobigatana and ninjatou as for ninjaken see svartalf s comment at talk ninjat ninjaken which seems to give a logical explanation,0,0
f92752213daf54a0,"You are a racist pig, loser.  Don't vandalize again.  14:54, 28 Jan 2005 (UTC)",you are a racist pig loser don t vandalize again 14 54 28 jan 2005 utc,1,1
16350c7721725dcf,What annoys me is that stuff about us gets posted and we may not know about it. Can someone ping me next time this happens?,what annoys me is that stuff about us gets posted and we may not know about it can someone ping me next time this happens,0,0
9483b1281500aa19,"Are you going to remain a complete wanker ALL oyur life, or do you think its time to give up bullying other editors?",are you going to remain a complete wanker all oyur life or do you think its time to give up bullying other editors,1,1
50cf132daa0f05d8,"""
What about these questions BetaM refuses to reply to on his commons talkpage - Pedophile_fantasy_island - reallycan """,what about these questions betam refuses to reply to on his commons talkpage pedophile fantasy island reallycan,0,0
06178c1e995b8966,"""
Yeah, that paragraph is a mess. For starters, there was already a fascist regime in Italy before the Great Depression. I've done a provisional edit to that paragraph, including a wikilink to Weimar, etc., which is all I can do at present. 連絡 見学/迷惑 """,yeah that paragraph is a mess for starters there was already a fascist regime in italy before the great depression i ve done a provisional edit to that paragraph including a wikilink to weimar etc which is all i can do at present,0,0
3f60b9eb2b0eba76,"Aren't the functionalists holocaust deniers, because they deny that Hitler was responsible for the holocaust!? So maybe the redirection of from holocaust revisionism to this article was quite intentional? ;-)",aren t the functionalists holocaust deniers because they deny that hitler was responsible for the holocaust so maybe the redirection of from holocaust revisionism to this article was quite intentional,0,0
a70b1233b2a6bb9a,"""

It's now clear I recently misinterpreted something I read as suggesting Cho Sun In Min Bo was an occupation newspaper of the south. Good sources identify it as a northern paper that predated the war. Hence, we can return to the original identification of the journalists as NKs and smooth out the first sentence as GAB suggests. , , , , , I hope you can rejoin so we can get this done via consensus. This is a relatively simple section, as are the next couple. Thanks.   

""",it s now clear i recently misinterpreted something i read as suggesting cho sun in min bo was an occupation newspaper of the south good sources identify it as a northern paper that predated the war hence we can return to the original identification of the journalists as nks and smooth out the first sentence as gab suggests i hope you can rejoin so we can get this done via consensus this is a relatively simple section as are the next couple thanks,0,0
3d368f7a6b8e38b7,"My offer still stands 

Hey Tan,
Sorry about the RfA... I thought it was a coin toss earlier today.  But I did want to extend my offer to be a co-nom for you in a few months when you rerun.  You don't have to accept/reject it now, just know that the offer exist.",my offer still stands hey tan sorry about the rfa i thought it was a coin toss earlier today but i did want to extend my offer to be a co nom for you in a few months when you rerun you don t have to accept reject it now just know that the offer exist,0,0
ffa2d4579bb675f6,"Sure about that photo? Sweet potato leaves tend to
be heart-shaped. Perhaps you have a yam photo.",sure about that photo sweet potato leaves tend to be heart shaped perhaps you have a yam photo,0,0
7a8287d19c7617a5,"""

 Major expansion 

I'm going to try to expand this list greatly due to the fact that it is still very incomplete. I will add the missing localities from the individual shire's """"Localities in x"""" template such as this one. The sections that have been completed are marked with an x. After I'm finished this article will be HUGE. So we will probably need to split it again... Cheers, -7 """,major expansion i m going to try to expand this list greatly due to the fact that it is still very incomplete i will add the missing localities from the individual shire s localities in x template such as this one the sections that have been completed are marked with an x after i m finished this article will be huge so we will probably need to split it again cheers 7,0,0
423132f7d021127f,"Internal links 

[] No. It was WP:NOTBROKEN.",internal links no it was wp notbroken,0,0
362591c00858fea6,"""

Weiss vs. Weiß
The spelling """"Weiss"""" makers the article accessible to English language users - the symbol ß is not readily available on the English keyboard. P.S. Your note belongs on the article talk page, not as a trivia item in the article. Thanks.  """,weiss vs wei the spelling weiss makers the article accessible to english language users the symbol is not readily available on the english keyboard p s your note belongs on the article talk page not as a trivia item in the article thanks,0,0
5975d1c17a69e238,"I've added an article on the 507th Parachute Infantry Regiment and added wiki-links for some stuff on the Toccoa page. In doing so, I saw there are articles on a number of the other PIRs, so it looks like you (or someone else) have gotten to work....",i ve added an article on the 507th parachute infantry regiment and added wiki links for some stuff on the toccoa page in doing so i saw there are articles on a number of the other pirs so it looks like you or someone else have gotten to work,0,0
1ff16ee248ec9980,"It seems as if this wiki page would really benefit by being re-written into a model that is similar to the other pages in the same category, which would make the article much more informative than it is right now. The parts that would definitely work are the origin and history, and the addition of controversies is a good addition as well. The section:Satanism and new religious movements is very appropriate and could contain some interesting information, but the Practices and varieties should be switched so it would be varieties, and then practices.
I really like the inclusion of the demographics section, this would be excellent and it is something that is missing from this article.",it seems as if this wiki page would really benefit by being re written into a model that is similar to the other pages in the same category which would make the article much more informative than it is right now the parts that would definitely work are the origin and history and the addition of controversies is a good addition as well the section satanism and new religious movements is very appropriate and could contain some interesting information but the practices and varieties should be switched so it would be varieties and then practices i really like the inclusion of the demographics section this would be excellent and it is something that is missing from this article,0,0
695b259b37867e67,"You're right, that should be mentioned. Thanks, now fixed.",you re right that should be mentioned thanks now fixed,0,0
a87104388bd90f6d,"If you want to get yourself permanently banned, posting personal abuse is a great way to go about it.",if you want to get yourself permanently banned posting personal abuse is a great way to go about it,0,0
11b0bf92972c885e,what i wanna do im josh nanni i say fuck america and jews and ron howard,what i wanna do im josh nanni i say fuck america and jews and ron howard,1,1
299622f6c7a370a4,"That falls foul of WP:SYNTH I'm afraid.  It doesn't make any mention that it was an Embassy document, and the context of the article makes it unlikely.  In all likeliness, the newspaper reports wanted to get an official reaction and contacted the Embassy.",that falls foul of wp synth i m afraid it doesn t make any mention that it was an embassy document and the context of the article makes it unlikely in all likeliness the newspaper reports wanted to get an official reaction and contacted the embassy,0,0
2e6bd0261a3cd9ae,"Since when...? 

Have there been 4 species??? I don't remember there being 4...:/",since when have there been 4 species i don t remember there being 4,0,0
c4ab2d3a9c153c0a,"""

 The Fox and the Crow 

that """"see also"""" link refers to a cartoon show""",the fox and the crow that see also link refers to a cartoon show,0,0
e16442871a1ebef6,"You're a troll  

I bet you're one happy ass motherfucker now that you unfairly edited a wikipedia page without reason.",you re a troll i bet you re one happy ass motherfucker now that you unfairly edited a wikipedia page without reason,1,1
0eae0776cea1dc60,"Patriots cheat 

Why do you refuse to admit and discuss the cheating incidents? Just because it reflects unfavorably on your beloved Patriots does not mean that it does not belong on the pages. I would hate to see the page on Hitler if you were the editor!

Where do you propose the cheating incidents be addressed?",patriots cheat why do you refuse to admit and discuss the cheating incidents just because it reflects unfavorably on your beloved patriots does not mean that it does not belong on the pages i would hate to see the page on hitler if you were the editor where do you propose the cheating incidents be addressed,0,0
d33b7dc3a7cbe840,"""

First of all I have nothing against you or Rouvas (who is an artist I actually like) in case there is a misunderstanding. I read the changes and I have to admit that you did a very good job... but I still think you exagerate in general about Rouvas. He's not perfect in everything as the whole bio clearly slows. And the movie Sta Akra (because I live in Greece) was not a BIG box office hit... Don't live in a bubble. And in the article there's only one positive review from Zoumboulakis praising his performance and the movie itself. In this case only one review means that his performance was indeed good and proves a point and many """"random reviews"""" cannot prove that a movie was good or bad in the case of Alter Ego? (and let's face it... it was a really bad movie, but that's my opinion). You repeatedly put info in the Anna Vissi article, stating her commercial decline. Apagorevmeno sold 27.000 units (2x platinum) and it was her lowest selling album. You can't say that. I believe Rouvas' """"Parafora"""" certified double platinum, or am I wrong? I am not sure. But if it's true how many units did he sold. There must be around 25.000 units or more, right? That means it's his lowest selling album, right? If it is I didn't see you writing on his article!!! So, some things apply for Vissi and not for Rouvas. I think it's unfair and you're being highly impartial. Not to mention that Rouvas never made huge sellings (like 7 platinum that Vissi did) but he still is a big selling artist so his decline cannot be that obvious like Vissi and Vandi. (I really hope you get my point and what exactly I'm trying to say to you). So it's not easy or even possible to reach a 7 platinum status again in someone's career and especially in this period. I'm not mad about anything especially for a bad review that concerns Vissi. I'm used to it. To me it sounds really bad when someone uses the word """"decline"""" in an article because some reporter decided it is so. Anyway I'm sorry if I seemed a little mean (I'm not, really!!!). and one question: do you speak greek?  """,first of all i have nothing against you or rouvas who is an artist i actually like in case there is a misunderstanding i read the changes and i have to admit that you did a very good job but i still think you exagerate in general about rouvas he s not perfect in everything as the whole bio clearly slows and the movie sta akra because i live in greece was not a big box office hit don t live in a bubble and in the article there s only one positive review from zoumboulakis praising his performance and the movie itself in this case only one review means that his performance was indeed good and proves a point and many random reviews cannot prove that a movie was good or bad in the case of alter ego and let s face it it was a really bad movie but that s my opinion you repeatedly put info in the anna vissi article stating her commercial decline apagorevmeno sold 27 000 units 2x platinum and it was her lowest selling album you can t say that i believe rouvas parafora certified double platinum or am i wrong i am not sure but if it s true how many units did he sold there must be around 25 000 units or more right that means it s his lowest selling album right if it is i didn t see you writing on his article so some things apply for vissi and not for rouvas i think it s unfair and you re being highly impartial not to mention that rouvas never made huge sellings like 7 platinum that vissi did but he still is a big selling artist so his decline cannot be that obvious like vissi and vandi i really hope you get my point and what exactly i m trying to say to you so it s not easy or even possible to reach a 7 platinum status again in someone s career and especially in this period i m not mad about anything especially for a bad review that concerns vissi i m used to it to me it sounds really bad when someone uses the word decline in an article because some reporter decided it is so anyway i m sorry if i seemed a little mean i m not really and one question do you speak greek,0,1
6f94d6ecbc0fbfb3,"Article Image 

Can classic sonic be the only image used? or perhaps be more prominent atm he is hidden behind new sonic. new sonic seems to be finally getting phased out and more games are offering classic sonic options. imo we should get rid of new sonic all together those green eyes and long legs just look god awful94.168.197.209",article image can classic sonic be the only image used or perhaps be more prominent atm he is hidden behind new sonic new sonic seems to be finally getting phased out and more games are offering classic sonic options imo we should get rid of new sonic all together those green eyes and long legs just look god awful94 168 197 209,0,0
075ce7d44411e398,"This song was coverd by Paul Torrence, Tanner Viox, The Banjo sisters, and The super BEbop Boys featuring Al Gore.",this song was coverd by paul torrence tanner viox the banjo sisters and the super bebop boys featuring al gore,0,0
a87eedc0d3d6956e,"The problem is that the user didn't simply built upon my version, he deleted a ton of sourced content and then proceeded with his WP:SYNTH.",the problem is that the user didn t simply built upon my version he deleted a ton of sourced content and then proceeded with his wp synth,0,0
f602e6321f840554,I fucked your dad last night you fucking whore assed cunt.,i fucked your dad last night you fucking whore assed cunt,1,1
717f981575156428,", 31 August 2011 (UTC)
That is informative. Thanks.   14:49",31 august 2011 utc that is informative thanks 14 49,0,0
b5594fab02ddec9c,"""

June 2011
I don't mean to be a bother but could you explain why you think the """"List of Open Season characters"""" is unnecessary? I mean it doesn't matter whether or not an article is necessary, I just created it to be consistent with other animated film articles, such as the Shrek and Ice Age franchises, besides Open Season is a franchise too.

 """,june 2011 i don t mean to be a bother but could you explain why you think the list of open season characters is unnecessary i mean it doesn t matter whether or not an article is necessary i just created it to be consistent with other animated film articles such as the shrek and ice age franchises besides open season is a franchise too,0,0
6561dc60119a93a2,Again there's almost no adjectives in the article right now and the article has been extensively copyedited be by several editors I really do hope you can look it over or at least change your object to neutral if you don't have the time to read it.,again there s almost no adjectives in the article right now and the article has been extensively copyedited be by several editors i really do hope you can look it over or at least change your object to neutral if you don t have the time to read it,0,0
f28600318e86bf9e,"""Arguments like """"A friend of a friend said that she may be Panamanian..."""" are ridiculous. """,arguments like a friend of a friend said that she may be panamanian are ridiculous,0,0
36fca7900d6db92b,Withdraw per CHzz reasoning as I first thought the same as 117Avenue.,withdraw per chzz reasoning as i first thought the same as 117avenue,0,0
f803855809b4d1e2,"""

 inre this diff 

I realized what he was tying to do and was able to correct the problem. '''' MICHAEL Q.'' """,inre this diff i realized what he was tying to do and was able to correct the problem michael q,0,0
ca6ff6130cf4e53a,"Then let's get together and dance, my friend. I'd love to see you say anything to my face. I doubt that I would give you the opportunity.",then let s get together and dance my friend i d love to see you say anything to my face i doubt that i would give you the opportunity,0,0
9a1faa4e3fa4751c,I request that user page,i request that user page,0,0
5954ede8fda4655d,"Prashant Desai Shirol India 

Prashant Desai B.Eng(Civil),A.I.E,PGDMS,MCMI(London).is the London Based Engineer working with Railways  and Grandson of Shrimant Sardar Dinkarrao Desai  also scion of the shirol Based Gharge-Desai-Deshmukh Family which once hold various assets from Satara in Maharashtra to Kittur in Karnataka.",prashant desai shirol india prashant desai b eng civil a i e pgdms mcmi london is the london based engineer working with railways and grandson of shrimant sardar dinkarrao desai also scion of the shirol based gharge desai deshmukh family which once hold various assets from satara in maharashtra to kittur in karnataka,0,0
6cab4e88322d46f0,Is it so? Thanks for pointing out. Regard.  (talk),is it so thanks for pointing out regard talk,0,0
07379fc8fcfcb8d3,"You forgot to mention all the civilians killed by American Bombs in Indochina, we started the ball rolling and Pol Pot finished the job, its a real mean world, not all bunnies and flowers pal.",you forgot to mention all the civilians killed by american bombs in indochina we started the ball rolling and pol pot finished the job its a real mean world not all bunnies and flowers pal,0,1
7b363e10ea423f44,"This is about black people, not about Copts.",this is about black people not about copts,0,0
efc3c00d27528857,"what should i do? 

?????",what should i do,0,0
f9758d687253bd67,"Based on the request thread above, I guessed that you didn't have color-differentiated links, and I thought you might find them useful. Also, I'm active in the {{wt:totd|Tip of the day]] project again, so I'm in a tip giving mood. ) By the way, I didn't even know about the js for yellow dabs, so now I'm doubly glad I brought the subject up! The Transhumanist",based on the request thread above i guessed that you didn t have color differentiated links and i thought you might find them useful also i m active in the wt totd tip of the day project again so i m in a tip giving mood by the way i didn t even know about the js for yellow dabs so now i m doubly glad i brought the subject up the transhumanist,0,0
3321dc96a036ed50,"I have been blocked because this white guy couldnt handle the fact that his little white baby dick wasnt good enuff 4 me. I am just stating the facts, i mean thats what this is an encyclopedia.... I have been around, seen alot of different guys dicks, im talken hundreds, the fact is nigga Gs dicks are like three to four times the size of white guys and theyre waaaaay better in bed! and WOMEN ONLY WANT BIG DICK NOT LIL PATHETIC FEEBLE WHITE DICK!!!211.28.54.73  

PS if you want proof CHECK MY HISTORY HE IS OUT TO GET ME!!!",i have been blocked because this white guy couldnt handle the fact that his little white baby dick wasnt good enuff 4 me i am just stating the facts i mean thats what this is an encyclopedia i have been around seen alot of different guys dicks im talken hundreds the fact is nigga gs dicks are like three to four times the size of white guys and theyre waaaaay better in bed and women only want big dick not lil pathetic feeble white dick 211 28 54 73 ps if you want proof check my history he is out to get me,1,1
af8378fdb1a1dabf,"""
What is that you think compares? Nobody stole, someone helped me to get the infobox that I (the author) wanted, against reverts by those who knew better how an article should look like. Try to do the same to their articles, you will see some difference, it's called """"infobox war"""". - I think you said enough here,   """,what is that you think compares nobody stole someone helped me to get the infobox that i the author wanted against reverts by those who knew better how an article should look like try to do the same to their articles you will see some difference it s called infobox war i think you said enough here,0,0
23eb023bd36718be,"Attacks in 
Please do not make personal attacks. Wikipedia has a strict policy against personal attacks. Attack pages and images are not tolerated by Wikipedia and are speedily deleted. Users who continue to create or repost such pages and images, especially those in violation of our Wikipedia:Biographies of living persons policy, will be blocked from editing Wikipedia. Thank you.",attacks in please do not make personal attacks wikipedia has a strict policy against personal attacks attack pages and images are not tolerated by wikipedia and are speedily deleted users who continue to create or repost such pages and images especially those in violation of our wikipedia biographies of living persons policy will be blocked from editing wikipedia thank you,0,0
7df1ab719bfcacf4,""", 22 August 2010 (UTC)

I've got to tell you that I truly appreciate you voting in favor of keeping the Maddison Gabriel page I created even with the not so nice messages that I wrote on your talk page. This is a nice gesture from your side. One of the reasons why I hate having pages I created deleted (especially the """"speedy-deletion"""" thing that appears almost automatically seconds after a page has been created) is this: most of those page can be improved through time. I think it's a shame having some work destroyed so a person has to start again all the way from the beginning to revive the page. Anyway... That probably sums my thoughts and opinions better than the angry messages I left you since a year and a half. Again, thanks for that help   14:29""",22 august 2010 utc i ve got to tell you that i truly appreciate you voting in favor of keeping the maddison gabriel page i created even with the not so nice messages that i wrote on your talk page this is a nice gesture from your side one of the reasons why i hate having pages i created deleted especially the speedy deletion thing that appears almost automatically seconds after a page has been created is this most of those page can be improved through time i think it s a shame having some work destroyed so a person has to start again all the way from the beginning to revive the page anyway that probably sums my thoughts and opinions better than the angry messages i left you since a year and a half again thanks for that help 14 29,0,0
d9215be97bfb8da8,"Minoos mother 

Minoo and her mother speak farsi(the iranian language)",minoos mother minoo and her mother speak farsi the iranian language,0,0
0c1f79bff442c608,"Lead 

The lead should state what a person is best known for. This man is best known for his acting and his racism and to a much lesser extent his stand up. all three should feature in the lead, to not place this in the lead is tantamount to supporting racism94.168.210.8",lead the lead should state what a person is best known for this man is best known for his acting and his racism and to a much lesser extent his stand up all three should feature in the lead to not place this in the lead is tantamount to supporting racism94 168 210 8,0,0
8e2f058c3b3d8321,""" July 2014 (UTC)
Hey, the page exists at VJM Media Group. There is an ongoing AFD (Articles for Deletion) debate on the page, so you might want to take part in that. Hope this helps ) ~ (Talk page) 23""",july 2014 utc hey the page exists at vjm media group there is an ongoing afd articles for deletion debate on the page so you might want to take part in that hope this helps talk page 23,0,0
8feaaabbcaeebca2,"Jacob ebbs 
Hello and welcome to Wikipedia.  An article you recently created, Jacob ebbs, has been tagged for speedy deletion because its content is clearly written to promote a company, product, or service.  This article may have been deleted by the time you see this message.  Please keep in mind that Wikipedia is an encyclopedia, not an advertising service.  Thank you.",jacob ebbs hello and welcome to wikipedia an article you recently created jacob ebbs has been tagged for speedy deletion because its content is clearly written to promote a company product or service this article may have been deleted by the time you see this message please keep in mind that wikipedia is an encyclopedia not an advertising service thank you,0,0
61b31c1101bbede8,"""
What this appears to be is a collection of school kids who cry out, """"Listen, you old farts! We have this funky new word/concept/idea and we're going to use it, spread it around, and grab this chance at immortality. If you disagree, we'll make fun of your self-inflated intelligence."""" So be it. Then make a web page and tell your tale. But, this isn't encyclopedic. I voted delete, and made it strong delete because of all the silly puppetry. I don't see my vote changing.  """,what this appears to be is a collection of school kids who cry out listen you old farts we have this funky new word concept idea and we re going to use it spread it around and grab this chance at immortality if you disagree we ll make fun of your self inflated intelligence so be it then make a web page and tell your tale but this isn t encyclopedic i voted delete and made it strong delete because of all the silly puppetry i don t see my vote changing,0,0
787f8b2501116d09,"""
There's that """"shake"""" sense of humor we all know and love.    3:16 """,there s that shake sense of humor we all know and love 3 16,0,0
7585a685f3ec6640,"""
I added a picture of myself cosplaying Dave Strider to the Fan Community section. hadley """,i added a picture of myself cosplaying dave strider to the fan community section hadley,0,0
8dd0e09ab1cf6a16,Example of a good article: 2011 World Junior Short Track Speed Skating Championships – Women's 1500 metres.,example of a good article 2011 world junior short track speed skating championships women s 1500 metres,0,0
1f16f5c30f81d9e3,"""
The nick has not been changed by any bureaucratic Username Change Request I can find, so my inclination would be he's either left Wikipedia, or is under a newly created account.  Cheers, ✎  aka """"Wiz""""  (Talk to Me)  (Support Neutrality) """,the nick has not been changed by any bureaucratic username change request i can find so my inclination would be he s either left wikipedia or is under a newly created account cheers aka wiz talk to me support neutrality,0,0
c2eae62d30a22406,"This is indeed bizarre. I've not had any reports of this on the Questia side and I've been checking each one to make sure - I did have a lost code once prior, but that's to be expected out of the hundreds we've given out. I'll look into this more, but I think we can try and cut down on the issue by advocating more use of special-purpose e-mails for it. I advocate brand new e-mails for Questia, since renewals cannot be done. The one error I had on my end has not been duplicated since.",this is indeed bizarre i ve not had any reports of this on the questia side and i ve been checking each one to make sure i did have a lost code once prior but that s to be expected out of the hundreds we ve given out i ll look into this more but i think we can try and cut down on the issue by advocating more use of special purpose e mails for it i advocate brand new e mails for questia since renewals cannot be done the one error i had on my end has not been duplicated since,0,0
293b537a009ba139,Not sure why you nominated the article. It seems you didn't take the time to read the entry. Thanks.,not sure why you nominated the article it seems you didn t take the time to read the entry thanks,0,0
d85ee1fa006dc2b3,Thanks ) I guess I've been doing an ok job!,thanks i guess i ve been doing an ok job,0,0
cd0aecc120c75a85,"Income inequality article 

Nice work.",income inequality article nice work,0,0
7ea2731b1e3ef905,your a cocksucker u can't do anything to me,your a cocksucker u can t do anything to me,1,1
79582e1c684bb98d,"i'm wondering if you're here to discuss the censorship occuring here, or simply make irrelevent remarks.",i m wondering if you re here to discuss the censorship occuring here or simply make irrelevent remarks,0,0
df31834441282631,I see that UpDown isnt only messing around with me. sad to see.,i see that updown isnt only messing around with me sad to see,0,0
ee9622845ec12804,"""

""""Not one of your own friends. Better block me instead.""""  """,not one of your own friends better block me instead,0,0
ab3dd49810137a98,"If you can come up with facts about where the Pashtuns originated from then I will call the CIA and the United Nations to correct their map, chart and findings. If you fail to do this, then go along with what the claims of the Pashtuns are. You are just a normal person with limited knowledge about people. Do not act like you know more then CIA and the United Nations. The maps you keep showing is dated from 1980 made by an unknown agency. It is posted at Hazara.net, which is a site of Hazara people. Meaning these maps of yours are bogus. Afghanistan is soon going to have census and the mystery will be solved about the exact number of people of each ethnic group. In fact, they were suppose to do this a year ago but failed so far. The number of votes Hamid Karzai recieved is enough proof that Pashtuns are very high number in Afghanistan. As we all know that it's not normal for NON-Pashtuns to vote for a Pashtun leader. check Politics and government of Afghanistan, where the number of votes Karzai recieved. And don't give me any comments or excuses to that.",if you can come up with facts about where the pashtuns originated from then i will call the cia and the united nations to correct their map chart and findings if you fail to do this then go along with what the claims of the pashtuns are you are just a normal person with limited knowledge about people do not act like you know more then cia and the united nations the maps you keep showing is dated from 1980 made by an unknown agency it is posted at hazara net which is a site of hazara people meaning these maps of yours are bogus afghanistan is soon going to have census and the mystery will be solved about the exact number of people of each ethnic group in fact they were suppose to do this a year ago but failed so far the number of votes hamid karzai recieved is enough proof that pashtuns are very high number in afghanistan as we all know that it s not normal for non pashtuns to vote for a pashtun leader check politics and government of afghanistan where the number of votes karzai recieved and don t give me any comments or excuses to that,0,1
6dc11db564c984e4,"""All of this like """"socksomania"""". """,all of this like socksomania,0,0
82a5d15803147652,"""== Blood fetish ==
Regarding blood fetish: please don't suggest to people that:
 - a common way of finding out whether a person would be safe to engage in bloodplay with is for them to go to their local blood donation organisation, who check blood if it is safe and contains no diseases before it will be stored.
Using a blood donation organization as a proxy STD test is highly irresponsible; if the testing is not 100% perfect (and in never is), and the person trying this is positive (and presumably anyone who is considering doing this considers this to be entirely possible), they will almost certainly (because of pre-test blood pooling, and the very large blood volumes involved) infect one or more unwitting third parties with a potentially lethal disease.

Instead, they should get tested at their local sexual health clinic.    

People just wanting to make sure are no more likely to have an STD than other first-time blood donors.. I don't see your point: If that kind of carelessness goes on things would happen *anyway*  (Α⇔Ω ¦ ⇒✉) 

It's reasonable to assume that people who take part in high-risk activities are at higher risk than other members of the population. In epidemiology terms, it's assortative mixing among people with high risk tolerance; people who take part in one high-risk activity are more likely to take part in others, including taking part in these activities with multiple partners; and no, you can't trust your partner who tells you """"I've never done anything like this before, either"""". Consider the outbreaks of HIV in the regularly-tested adult movie industry; this in a population that take part in high-risk activities, and yet are all tested monthly.   

Hmm I guess that makes sense, kinda

I would be interested in reading if you feel like creating articles for """"assortative mixing"""" and """"risk tolerance"""" maybe  or   (Α⇔Ω ¦ ⇒✉)

I'm not familiar with the article or the subject of its concern, but I fail to see how saying """"X does Y"""" constitutes an actual endorsement of Y.  If such a method is indeed commonplace then, regardless of the advisability of such method for practitioners of said activity, it should be included as part of the article on that activity.   

Karada, I think you miss the point here.  Just because certain behavior is inadvisable does not mean Wikipedia should not state that people engage in it (if indeed they do) and describe it.  Certainly, the encyclopedia should not ENDORSE it (but then again, neither should it endorse anything elseNPOV and all that), but simply stating that it happens and describing what it is hardly constitutes an endorsement.  If we were to remove all content that describes inadvisable behavior, then we would also have to remove Collectivism, Fascism, Socialism, Christianity, Communism, Totalitarianism, Anarchism, Democracy, New England Patriots, Detroit Pistons, and Houston Astros.   

It's also worth noting that there are some bloodborne diseases that we can't yet test for.  (Prion diseases like Creutzfeldt-Jakob disease comes to mind.)  In addition to spreading these diseases to one's blood play partners, one would then potentially infect one or more innocent bystanders each time one donated blood.  Most jurisdictions also bar donations from individuals who have recently (in the last 12 months) come in contact with another person's blood.  Lying to the nurses when they ask about this stuff could conceivably make you civilly and/or criminally liable for any morbidity or mortality resulting from a tainted blood donation. (talk) 

The question is, is it actually a 'com",blood fetish regarding blood fetish please don t suggest to people that a common way of finding out whether a person would be safe to engage in bloodplay with is for them to go to their local blood donation organisation who check blood if it is safe and contains no diseases before it will be stored using a blood donation organization as a proxy std test is highly irresponsible if the testing is not 100 perfect and in never is and the person trying this is positive and presumably anyone who is considering doing this considers this to be entirely possible they will almost certainly because of pre test blood pooling and the very large blood volumes involved infect one or more unwitting third parties with a potentially lethal disease instead they should get tested at their local sexual health clinic people just wanting to make sure are no more likely to have an std than other first time blood donors i don t see your point if that kind of carelessness goes on things would happen anyway it s reasonable to assume that people who take part in high risk activities are at higher risk than other members of the population in epidemiology terms it s assortative mixing among people with high risk tolerance people who take part in one high risk activity are more likely to take part in others including taking part in these activities with multiple partners and no you can t trust your partner who tells you i ve never done anything like this before either consider the outbreaks of hiv in the regularly tested adult movie industry this in a population that take part in high risk activities and yet are all tested monthly hmm i guess that makes sense kinda i would be interested in reading if you feel like creating articles for assortative mixing and risk tolerance maybe or i m not familiar with the article or the subject of its concern but i fail to see how saying x does y constitutes an actual endorsement of y if such a method is indeed commonplace then regardless of the advisability of such method for practitioners of said activity it should be included as part of the article on that activity karada i think you miss the point here just because certain behavior is inadvisable does not mean wikipedia should not state that people engage in it if indeed they do and describe it certainly the encyclopedia should not endorse it but then again neither should it endorse anything elsenpov and all that but simply stating that it happens and describing what it is hardly constitutes an endorsement if we were to remove all content that describes inadvisable behavior then we would also have to remove collectivism fascism socialism christianity communism totalitarianism anarchism democracy new england patriots detroit pistons and houston astros it s also worth noting that there are some bloodborne diseases that we can t yet test for prion diseases like creutzfeldt jakob disease comes to mind in addition to spreading these diseases to one s blood play partners one would then potentially infect one or more innocent bystanders each time one donated blood most jurisdictions also bar donations from individuals who have recently in the last 12 months come in contact with another person s blood lying to the nurses when they ask about this stuff could conceivably make you civilly and or criminally liable for any morbidity or mortality resulting from a tainted blood donation talk the question is is it actually a com,0,1
3fd94e15e9449966,"""
Original research is now the policy of wikipedia ? Britannica is not the source anymore ? ≈talk≈ """,original research is now the policy of wikipedia britannica is not the source anymore talk,0,0
085633805d79312b,"This section has been here for ages.  And there are other sections about Karate's Influences in other places.  No one has ever complained about these sections before and I'm not sure why you don't see the topical relevance of these sections to Karate.  If the section is going to stay, it needs to provide context.  Reducing it down to what you've proposed would be factually misleading.",this section has been here for ages and there are other sections about karate s influences in other places no one has ever complained about these sections before and i m not sure why you don t see the topical relevance of these sections to karate if the section is going to stay it needs to provide context reducing it down to what you ve proposed would be factually misleading,0,0
198ec45e225512b8,"There is also a one month free trial. Or you can get AWB and my ISSN checking script which I will try to publish soon.  Farmbrough, 19:26 2  December 2006 (GMT).",there is also a one month free trial or you can get awb and my issn checking script which i will try to publish soon farmbrough 19 26 2 december 2006 gmt,0,0
97c749f9e12a44f3,"""

Congratulations on another TFA.♦ Dr. ☠ Blofeld """,congratulations on another tfa dr blofeld,0,0
6002a6df906c5321,"Muhammad's teacher
I know this is quite difficult to accept for you muslims, but, as it is, this guy was (one of several) Muhammad's teacher. This is an irrefutable fact of history. I realise that the idea of Muhammad having a teacher beside Allah is some kind of heresy for you, but, here's the truth: Muhammad had an Assyrian Christian teacher. Muhammad learned a lot from him. I am not misrepresenting any source by pointing out this well known fact amongst theologians. It may be so, that Sargis Bkheera did not teach Muhammad about everything, but Muhammad gleaned a lot from him.

Here's what AINA says:

633 A.D. (5383)
Muhammad declares himself the prophet of God and originates Islam. It is well known that Muhammad's principal teacher was the Assyrian monk Sargis Bkheera. This accounts for the extraordinary doctrinal similarity between some aspects of Islam and the Assyrian Church of the East. For example, according to Assyrian Church doctrine, there is no awareness of passage of time between the moment of death and final judgement; final judgement occurs immediately even though thousands of years may have passed on Earth. Islam holds this same view. It is also noteworthy that the Koran states that in the day of final judgement the angels of Allah will speak to man in Assyrian.http://www.aina.org/aol/peter/timeline.htm''

Where do you think Muhammad got that from? Of course, he got it from his Assyrian Christian teacher. You want this referenced from some academic work? I'm sure that's no problem. Here you go, take your pick:  He was Muhammad's teacher. Stop reverting unless you have some source refuting this claim.

|Talk 20:42, 14 Jun, 2007 (UTC)",muhammad s teacher i know this is quite difficult to accept for you muslims but as it is this guy was one of several muhammad s teacher this is an irrefutable fact of history i realise that the idea of muhammad having a teacher beside allah is some kind of heresy for you but here s the truth muhammad had an assyrian christian teacher muhammad learned a lot from him i am not misrepresenting any source by pointing out this well known fact amongst theologians it may be so that sargis bkheera did not teach muhammad about everything but muhammad gleaned a lot from him here s what aina says 633 a d 5383 muhammad declares himself the prophet of god and originates islam it is well known that muhammad s principal teacher was the assyrian monk sargis bkheera this accounts for the extraordinary doctrinal similarity between some aspects of islam and the assyrian church of the east for example according to assyrian church doctrine there is no awareness of passage of time between the moment of death and final judgement final judgement occurs immediately even though thousands of years may have passed on earth islam holds this same view it is also noteworthy that the koran states that in the day of final judgement the angels of allah will speak to man in assyrian where do you think muhammad got that from of course he got it from his assyrian christian teacher you want this referenced from some academic work i m sure that s no problem here you go take your pick he was muhammad s teacher stop reverting unless you have some source refuting this claim talk 20 42 14 jun 2007 utc,0,1
dbc1742374ef878c,"SHAME ON User:Sean.hoyland
he allways delete my words (Probably because he does not know to deal with them) 46.120.172.91",shame on user sean hoyland he allways delete my words probably because he does not know to deal with them 46 120 172 91,0,0
23aa287c226f9363,"hey retard. 

You don't get it. those two put warnings on my page for vandalising User:tommy2010/vandalise. they can putt odd things on my page, i can put weird things on theirs.",hey retard you don t get it those two put warnings on my page for vandalising user tommy2010 vandalise they can putt odd things on my page i can put weird things on theirs,1,1
0fc7dbe9ab86755f,"yay!  
I found this article quite informative and helpful, I'm giving it a gold star!-",yay i found this article quite informative and helpful i m giving it a gold star,0,0
b71211730de82a98,to withdraw $10USD from your bank account,to withdraw 10usd from your bank account,0,0
827fcf2b4c598191,"""
Was the NYT consistently used for years as Nazi propaganda? as was The Daily Mail under Rothermere? . Garibaldi Baconfat  """,was the nyt consistently used for years as nazi propaganda as was the daily mail under rothermere garibaldi baconfat,0,0
2b84cdf1eb4f3e64,"""
Actually, I think the """"address restricted"""" ones do count, as far as fully illustrated lists go. There's a number in Florida like that. In some cases, they're erroneously labelled, or their status has changed, and you can get photos of them. Fort Walton Mound, the Fort Chokonikla Site and Old Haulover Canal, to name a few. For the still restricted ones, there's a few options I've thought about. Contact the historical societies in the areas where the sites are, they're usually glad to help with information. Also, find out who's administering the sites, or excavated them. Often it's the archaeology departments of state universities. Try getting in touch with them. If the sites aren't accessible, perhaps artifacts from the sites could be photographed, with appropriate permissions obtained, of course. Just some thoughts, hope they help. )   """,actually i think the address restricted ones do count as far as fully illustrated lists go there s a number in florida like that in some cases they re erroneously labelled or their status has changed and you can get photos of them fort walton mound the fort chokonikla site and old haulover canal to name a few for the still restricted ones there s a few options i ve thought about contact the historical societies in the areas where the sites are they re usually glad to help with information also find out who s administering the sites or excavated them often it s the archaeology departments of state universities try getting in touch with them if the sites aren t accessible perhaps artifacts from the sites could be photographed with appropriate permissions obtained of course just some thoughts hope they help,0,0
90d5f4504e865835,"""

Assessment
""""Writing in 1833, before the restoration of 1840 ..."""". What restoration of 1840?""",assessment writing in 1833 before the restoration of 1840 what restoration of 1840,0,0
75379259db2fba2a,"REDIRECT Talk:Tinwald, Dumfries and Galloway",redirect talk tinwald dumfries and galloway,0,0
cda667390e81cba7,"""

 Benjamin Leigh Smith 

Hi. Please don't leave your comments on the Wikipedia UI inside references. Thanks. Yintan  """,benjamin leigh smith hi please don t leave your comments on the wikipedia ui inside references thanks yintan,0,0
b727002175ac5810,"""

 Thank you. First of all, if you're going to get into amount of work – I have the most edits on the article. Secondly, that should be completely disregarded – please look at past discussions on this before making this change. It has been done before, and will be reverted again until further consensus develops. List of countries is really the central article, and if you want to add those constituent countries, then take it up THERE first, as it also uses """"countries"""" in its title.  (talk) """,thank you first of all if you re going to get into amount of work i have the most edits on the article secondly that should be completely disregarded please look at past discussions on this before making this change it has been done before and will be reverted again until further consensus develops list of countries is really the central article and if you want to add those constituent countries then take it up there first as it also uses countries in its title talk,0,0
d6cd197201340bff,"Bot warning 

Huh? What vandalism?",bot warning huh what vandalism,0,0
df40a20db0571690,Not finished creating the profile for it to be speedily deleted.,not finished creating the profile for it to be speedily deleted,0,0
9dd6016b8cce87d1,TY for the FYI. I am always willing to give someone advice just on the off chance they were making (multiple) honest mistakes.,ty for the fyi i am always willing to give someone advice just on the off chance they were making multiple honest mistakes,0,0
2b219b9bf81749bf,"Hi girlie, you miss the turd doc?",hi girlie you miss the turd doc,0,1
26e1b63617df36b1,"""

 charlie wilson 

i didnt notice the music genres that were reverted. However my intention was to revert his alias that you deleted.  His alias a.k.a is actually """"Uncle Charlie"""" and needs to be put back and shouldn't  have been removed.""",charlie wilson i didnt notice the music genres that were reverted however my intention was to revert his alias that you deleted his alias a k a is actually uncle charlie and needs to be put back and shouldn t have been removed,0,0
895614004671cdc0,"Could you please check an IP address?
We have a relatively new User named {{vandal|NoPuzzleStranger]] who is evincing disruptive behavior in a rather familiar manner.  Since Lir used to edit as PizzaPuzzle, I'm wondering about NoPuzzleStranger's name and if it's a reference.  Can you check to see if this User is Lir?   23:36, August 14, 2005 (UTC)",could you please check an ip address we have a relatively new user named vandal nopuzzlestranger who is evincing disruptive behavior in a rather familiar manner since lir used to edit as pizzapuzzle i m wondering about nopuzzlestranger s name and if it s a reference can you check to see if this user is lir 23 36 august 14 2005 utc,0,0
beb77f6f38130770,"Talk:FETCH! with Ruff Ruffman  

Premiere of Season 4
Who keeps changing the date season 4 premiered to september 14th? Because the official fetch website had an ad before it premiered saying it would preimere on sepetmber 11th right on it's home page!!! So please stop editing it back to the 14th. Just because the station that's TV schedule is a reference had it late, doesn't mean that somewhere in the country there is a station that aired it on the 11th.   Anakiniman
I know but only some stations had it the 11th. The 11th was only a sneak peek and then the season officially started on the 14th. If you look at tv.com it has it listed as the 14th. Also since some stations had there program sechedules messed up, I say lets have it say the 14th. I did get a hold of WGBH and they did say it was a sneak peek. The site just said when the season was kind of starting. Also, the episode aired omn the 11th and then reaired on the 14th with the rest of of season. Lets see what other people say about the date and we can maybe change it but for nw leave it. You seen to be the only person to have a problem with it being the 14.",talk fetch with ruff ruffman premiere of season 4 who keeps changing the date season 4 premiered to september 14th because the official fetch website had an ad before it premiered saying it would preimere on sepetmber 11th right on it s home page so please stop editing it back to the 14th just because the station that s tv schedule is a reference had it late doesn t mean that somewhere in the country there is a station that aired it on the 11th anakiniman i know but only some stations had it the 11th the 11th was only a sneak peek and then the season officially started on the 14th if you look at tv com it has it listed as the 14th also since some stations had there program sechedules messed up i say lets have it say the 14th i did get a hold of wgbh and they did say it was a sneak peek the site just said when the season was kind of starting also the episode aired omn the 11th and then reaired on the 14th with the rest of of season lets see what other people say about the date and we can maybe change it but for nw leave it you seen to be the only person to have a problem with it being the 14,0,1
12b1e7ad0a417437,"REDIRECT Talk:List of astrological traditions, types, and systems",redirect talk list of astrological traditions types and systems,0,0
3adf8e3a529f447a,can u tell me reasons why this person is notabl;e but B. S. Sahay is.,can u tell me reasons why this person is notabl e but b s sahay is,0,0
8a0d3d3f7241dbe9,"I certainly hope you find the information you're looking for. When you do, I hope you can summarize it and add it to the article, together with a list of sources it came from.",i certainly hope you find the information you re looking for when you do i hope you can summarize it and add it to the article together with a list of sources it came from,0,0
663dfdb0a20fcc7f,"""

 Diwali! 

 Happy Diwali!!! 
Sky full of fireworks,Mouth full of sweets,
Home full of lamps,And festival full of sweet memories...

'''''Wishing You a Very Happy and Prosperous Diwali.
  

Send Diwali wishings by adding  to people's talk pages with a friendly message.""",diwali happy diwali sky full of fireworks mouth full of sweets home full of lamps and festival full of sweet memories wishing you a very happy and prosperous diwali send diwali wishings by adding to people s talk pages with a friendly message,0,0
82c4d2f3c329448e,"""

For no reason other than I share similar political views. Seems on around here if someone doesn't like you they accuse you of """"sock puppetry"""". Quite ridiculous, the accusers should be punished for lying and false accusations when I am vindicated.   """,for no reason other than i share similar political views seems on around here if someone doesn t like you they accuse you of sock puppetry quite ridiculous the accusers should be punished for lying and false accusations when i am vindicated,0,0
67144101be8e1d9b,"""==POV?==

Some of this seems a bit POV, especially the paragraph that begins, """"In March 1990..."""" The person who wrote this is obviously trying to be even-handed, but on delicate matters like this, it would probably be better to cite conflicting view from responsible sources.   | Talk 01:31, Nov 18, 2004 (UTC)""",pov some of this seems a bit pov especially the paragraph that begins in march 1990 the person who wrote this is obviously trying to be even handed but on delicate matters like this it would probably be better to cite conflicting view from responsible sources talk 01 31 nov 18 2004 utc,0,0
9dd6b381bac5586e,"""

 Plot 

I think how Great Waterton is discovered is probably because Thomas and James are having a race and Thomas gets derailed and finds GW. It won't be like TFC says: """"Thomas, go and find some forgotten place on Sodor like a good engine"""" It must be an accident on how Thomas 
discovers it. Your views, please.

 """,plot i think how great waterton is discovered is probably because thomas and james are having a race and thomas gets derailed and finds gw it won t be like tfc says thomas go and find some forgotten place on sodor like a good engine it must be an accident on how thomas discovers it your views please,0,0
27b66577568ee293,"Yes, I believe I've already said that the point in this case is answered. I've explained the broader question I was asking twice so I'll just wait to see if anyone else has an answer. If no one...so be it!",yes i believe i ve already said that the point in this case is answered i ve explained the broader question i was asking twice so i ll just wait to see if anyone else has an answer if no one so be it,0,0
fc851f643def3b5e,"The Tranche 2 EJ200 has not only a completly different FADEC, the T2 EJ200 produce more thrust and has the ability for steering a future TVC-nozzle (only the konvergent/divergent system must changed)! (FlugRevue 4/2008, S.102-103, Eurojet EJ200: Mehr Leistung und weniger Kosten) The Swiss Eurofighter site supercuise Mach 1.5 Swiss Eurofighter Only Rafale, Gripen and Eurofighter is in the swiss competion.",the tranche 2 ej200 has not only a completly different fadec the t2 ej200 produce more thrust and has the ability for steering a future tvc nozzle only the konvergent divergent system must changed flugrevue 4 2008 s 102 103 eurojet ej200 mehr leistung und weniger kosten the swiss eurofighter site supercuise mach 1 5 swiss eurofighter only rafale gripen and eurofighter is in the swiss competion,0,0
85eb178efa281a73,"(The article on Government of Croatia defines its scope as the executive branch. Judiciary should thus either remain in the politics section or have a separate article, covering the constitutional court, supreme court, county courts, etc. Local government also has little to do with the Croatian government per se - its officials are elected in a different set of elections and the PM has no authority over local matters.)  (''talk)",the article on government of croatia defines its scope as the executive branch judiciary should thus either remain in the politics section or have a separate article covering the constitutional court supreme court county courts etc local government also has little to do with the croatian government per se its officials are elected in a different set of elections and the pm has no authority over local matters talk,0,0
5290a955a5ba1510,"No, they are working.",no they are working,0,0
6af112990e8aabc3,"""

This sentence: 'Marking is practiced if a baptized member persists in a course of action regarded as a violation of Bible principles but not a """"serious sin"""".' is the only place in the entire article where """"Marking"""" is mentioned. I understand that it is practiced, and why, but I have no idea as to """"what"""". Consider removing some of the ambiguity in that statement. Expand the note if suitable prose is not desirable.  talk  """,this sentence marking is practiced if a baptized member persists in a course of action regarded as a violation of bible principles but not a serious sin is the only place in the entire article where marking is mentioned i understand that it is practiced and why but i have no idea as to what consider removing some of the ambiguity in that statement expand the note if suitable prose is not desirable talk,0,0
97afa2bd50b39cbe,"Theres nothing rude or uncivilized about my above comment. You reverted my edit plain and simple. I know your new to wikipedia and im trying to help you but do not undo edits ex if you dont know what you are doing. If you feel so strongly about it take it to the talk page otherwise let it die. Also note saying people are rude and uncivilized, if you say it to the right person, will get you blocked. Im sorry if I come off mean but you shouldnt just undo peoples edits ex when you are in the wrong/dont know what you are doing which is obviously the case here.",theres nothing rude or uncivilized about my above comment you reverted my edit plain and simple i know your new to wikipedia and im trying to help you but do not undo edits ex if you dont know what you are doing if you feel so strongly about it take it to the talk page otherwise let it die also note saying people are rude and uncivilized if you say it to the right person will get you blocked im sorry if i come off mean but you shouldnt just undo peoples edits ex when you are in the wrong dont know what you are doing which is obviously the case here,0,0
5041f2ca6b067ea4,"Done, see Australia (1989 film). Won a couple of awards, at least one of which (the Golden Osella) makes it easily encyclopedic.",done see australia 1989 film won a couple of awards at least one of which the golden osella makes it easily encyclopedic,0,0
5a2175d056292486,"""

Copyright problem: Vedique Goes Online
Hello, and welcome to Wikipedia! We welcome and appreciate your contributions, such as Vedique Goes Online, but we regretfully cannot accept copyrighted text or images borrowed from either web sites or printed material. This article appears to be a copy from http://www.articletogo.com/articledetail.php?artid=88670&catid;=1&title;=Vedique+Goes+Online-00-1518, and therefore a copyright violation. The copyrighted text has been or will soon be deleted. While we appreciate contributions, we must require all contributors to understand and comply with our copyright policy. Wikipedia takes copyright violations very seriously, and persistent violators will be blocked from editing. 

If you believe that the article is not a copyright violation, or if you have permission from the copyright holder to release the content freely under allowance license, then you should do one of the following:

If you have permission from the author leave a message explaining the details at Talk:Vedique Goes Online and send an email with confirmation of permission to """"permissions-en (at) wikimedia (dot) org"""". See Wikipedia:Requesting copyright permission for instructions.
If a note on the original website states that re-use is permitted 'under the GNU Free Documentation License (GFDL), versions 1.3 or later and Creative Commons Share Alike (CC-BY-SA), versions 3.0 or later, under CC-BY-SA, versions 3.0 or later, or that the material is released into the public domain leave a note at Talk:Vedique Goes Online with a link to where we can find that note. 
If you own the copyright to the material: send an e-mail from an address associated with the original publication to permissions-en(at)wikimedia(dot)org or a postal message to the Wikimedia Foundation permitting re-use under the GFDL and CC-BY-SA'', and note that you have done so on Talk:Vedique Goes Online. See Wikipedia:Donating copyrighted materials for instructions.'''
It may also be necessary for the text be modified to have an encyclopedic tone and to follow Wikipedia article layout. For more information on Wikipedia's policies, see Wikipedia's policies and guidelines. 

If you would like to begin working on a new version of the article you may do so at [ this temporary page]. Leave a note at Talk:Vedique Goes Online saying you have done so and an administrator will move the new article into place once the issue is resolved. 
Thank you, and please feel welcome to continue contributing to Wikipedia. Happy editing! — talkI'm BACK! """,copyright problem vedique goes online hello and welcome to wikipedia we welcome and appreciate your contributions such as vedique goes online but we regretfully cannot accept copyrighted text or images borrowed from either web sites or printed material this article appears to be a copy from and therefore a copyright violation the copyrighted text has been or will soon be deleted while we appreciate contributions we must require all contributors to understand and comply with our copyright policy wikipedia takes copyright violations very seriously and persistent violators will be blocked from editing if you believe that the article is not a copyright violation or if you have permission from the copyright holder to release the content freely under allowance license then you should do one of the following if you have permission from the author leave a message explaining the details at talk vedique goes online and send an email with confirmation of permission to permissions en at wikimedia dot org see wikipedia requesting copyright permission for instructions if a note on the original website states that re use is permitted under the gnu free documentation license gfdl versions 1 3 or later and creative commons share alike cc by sa versions 3 0 or later under cc by sa versions 3 0 or later or that the material is released into the public domain leave a note at talk vedique goes online with a link to where we can find that note if you own the copyright to the material send an e mail from an address associated with the original publication to permissions en at wikimedia dot org or a postal message to the wikimedia foundation permitting re use under the gfdl and cc by sa and note that you have done so on talk vedique goes online see wikipedia donating copyrighted materials for instructions it may also be necessary for the text be modified to have an encyclopedic tone and to follow wikipedia article layout for more information on wikipedia s policies see wikipedia s policies and guidelines if you would like to begin working on a new version of the article you may do so at this temporary page leave a note at talk vedique goes online saying you have done so and an administrator will move the new article into place once the issue is resolved thank you and please feel welcome to continue contributing to wikipedia happy editing talki m back,0,1
60e1d229f84aff94,What's the deal with SineBot anywho? I don't get the big deal about signing....,what s the deal with sinebot anywho i don t get the big deal about signing,0,0
b22fb3a814bd7adf,"Incidentally, glancing over the ro version: the template for the wikisource thing doesn't work (a script error?) and I want to suggest either removing the bare url from the other refs or unlinking the titles - both side by side just looks weird to me, and I don't really see what they add. Unless this is a larger format convention used by rowiki, in which case just ignore me.",incidentally glancing over the ro version the template for the wikisource thing doesn t work a script error and i want to suggest either removing the bare url from the other refs or unlinking the titles both side by side just looks weird to me and i don t really see what they add unless this is a larger format convention used by rowiki in which case just ignore me,0,0
836617ab6af5d6b6,"Relations
Do you think the Federal Republic of Aurelia has any notable relations?",relations do you think the federal republic of aurelia has any notable relations,0,0
937857f04b91212f,", This is a warning to you.",this is a warning to you,0,0
4f5dc872908a578b,See also: WP:3RR WP:TPG and Help:Contents,see also wp 3rr wp tpg and help contents,0,0
df7219bf9aed6d0d,"""

 Please do not remove content from pages without explanation, as you did with this edit to Albert Sabin. If you continue to do so, you may be blocked from editing.  Unpopular Opinion (talk · contribs) """,please do not remove content from pages without explanation as you did with this edit to albert sabin if you continue to do so you may be blocked from editing unpopular opinion talk contribs,0,0
a912a346f45b9fb0,REDIRECT Talk:Celebrity Big Brother 8,redirect talk celebrity big brother 8,0,0
cdc4cd86b069a9ad,"""

Template removal {{POV|date=July 2009}} 

I removed the {{POV|date=July 2009}} template because it does not meet the requirements of  

 """"Please note: This label is meant to indicate that a discussion is still going on, and that the article's content is disputed, and volatile. If you add this template to an article in which you see a bias about which there is no discussion underway, you need at least to leave a note on the article's talk page describing what you consider unacceptable about the article. The note should address the troubling passages, elements, or phrases specifically enough to encourage constructive discussion that leads to resolution.""""
92.251.255.13  """,template removal pov date july 2009 i removed the pov date july 2009 template because it does not meet the requirements of please note this label is meant to indicate that a discussion is still going on and that the article s content is disputed and volatile if you add this template to an article in which you see a bias about which there is no discussion underway you need at least to leave a note on the article s talk page describing what you consider unacceptable about the article the note should address the troubling passages elements or phrases specifically enough to encourage constructive discussion that leads to resolution 92 251 255 13,0,0
af4f6699bb5e7fac,"""
I would have to look at the 2004 DVD for that, since I only have the VHS from the original broadcast, but I can believe some racism (""""Roger of the Raj"""") and sexism (""""Damassi"""" = schoolgirls, from Across the Andes by Frog) raising a PC eyebrow. andemu """,i would have to look at the 2004 dvd for that since i only have the vhs from the original broadcast but i can believe some racism roger of the raj and sexism damassi schoolgirls from across the andes by frog raising a pc eyebrow andemu,0,0
004a23742282fee4,"Welcome to Wikipedia ! [bla] Discover Ekopedia, the practical encyclopedia about alternative life techniques. 

 
[bla] Discover Ekopedia, the practical encyclopedia about alternative life techniques.",welcome to wikipedia bla discover ekopedia the practical encyclopedia about alternative life techniques bla discover ekopedia the practical encyclopedia about alternative life techniques,0,0
e163ed263c824a2a,"""
Everyone who doesn't think that what I did was a good idea is a fucking retard.  Go fuck yourself in the asshole while jumping off a bridge.-The'FortyFive' """,everyone who doesn t think that what i did was a good idea is a fucking retard go fuck yourself in the asshole while jumping off a bridge the fortyfive,1,1
f01dde67407370e6,I suggest you keep out of my way then.,i suggest you keep out of my way then,0,0
e36b1255411443dd,"Nicholas v R Mess
Page was just fine and dandy a couple days ago until someone decided to delete the info ther and replace it with a totall different Nicholas' information  The following is convo:
convo
Nicholas van Rensselaer
Thanks for you addition, now if you were able to find info on a Philip P van Rensselaer I'd clean out your garage for free P
  
You're welcome.  Philip doesn't seem to be in the Appletons' article, so I doubt I will run across him, and will have to leave the garage in its present miserable shape.   
ooop
I took a closer look, unfortunately this family had a bent for recycling names. as a result I started a rage and transferred what info you added  to that page Nicholas van Rensselaer
  
LOL there was no rage but a Page I did start P
  
 A move would have been more appropriate.  Wikipedia isn't a genealogy site.  I would say the dreadfully obscure Van Rensselaers should just remain notes on their parents' pages.  And I think the disambiguation more properly belongs on the obscure fellow.   
 So I added a disambiguation to the obscure fellow, and repaired the links and orphaned talk page that resulted from a copy being used instead of a move.  There may be one or two links you have made to Nicholas Van Rensselaer that now need to be sent to Nicholas Van Rensselaer (soldier).   

Two days ago NEITHER Nicholas had a page, With me so far? I made one for a Revolutionary soldier. then YOU come along totally deface it with info on a reverend without even bothering to look at dates or anything. So I REPAIRED YOU MISTAKE! And you turn RIGHT back around and screw it all back up without ANY regard to My having links to it and all. I thought you liked trying to HELP people and you are hijacking articles.
  

OK I actually made a REAL disambiguation page. Hopefully we can both be satisfied with the ORDINARY style, rather than trying to force me into changing links on other pages to fit in an out of the ordinary style.",nicholas v r mess page was just fine and dandy a couple days ago until someone decided to delete the info ther and replace it with a totall different nicholas information the following is convo convo nicholas van rensselaer thanks for you addition now if you were able to find info on a philip p van rensselaer i d clean out your garage for free p you re welcome philip doesn t seem to be in the appletons article so i doubt i will run across him and will have to leave the garage in its present miserable shape ooop i took a closer look unfortunately this family had a bent for recycling names as a result i started a rage and transferred what info you added to that page nicholas van rensselaer lol there was no rage but a page i did start p a move would have been more appropriate wikipedia isn t a genealogy site i would say the dreadfully obscure van rensselaers should just remain notes on their parents pages and i think the disambiguation more properly belongs on the obscure fellow so i added a disambiguation to the obscure fellow and repaired the links and orphaned talk page that resulted from a copy being used instead of a move there may be one or two links you have made to nicholas van rensselaer that now need to be sent to nicholas van rensselaer soldier two days ago neither nicholas had a page with me so far i made one for a revolutionary soldier then you come along totally deface it with info on a reverend without even bothering to look at dates or anything so i repaired you mistake and you turn right back around and screw it all back up without any regard to my having links to it and all i thought you liked trying to help people and you are hijacking articles ok i actually made a real disambiguation page hopefully we can both be satisfied with the ordinary style rather than trying to force me into changing links on other pages to fit in an out of the ordinary style,0,1
f787c768f597871b,"""

If you insert that content again, you'll be blocked. Mr. Darcy talk  
One solid example of why that content can not stay. Your edit said: The story was unsubstantiated, with no presentation made of either tangible proof or any named sources. Yet the reference you provided to back that up is an article by Glazer himself that says: Several sources have told FOX Sports that Favre earlier this year phoned the Detroit Lions prior to their battle versus Favre's old team, the Green Bay Packers, and gave them a rundown of the nuances of what Green Bay does on offense. According to the sources, Favre actually spent over an hour on the phone with Lions coaches, who were connected with Favre by then-team president Matt Millen. That story is not """"unsubstantiated"""" and the use of anonymous sources is completely normal and accepted in journalism. Calling the story unsubstantiated is a violation of WP:BLP, and implying that it was incorrect because of the lack of """"named sources"""" is an arbitrary standard that violates WP:NPOV. In addition, in the third source you provide, Favre admits that he did have a conversation with the Detroit executive, and that """"Favre said former players and coaches exchange information all the time."""" That doesn't disprove anything Glazer said, and in some ways seems to support it. As I said above, if you reinsert that content, I will have to block you from editing. Let's not get to that point; find new reliable sources and quote them properly, or leave the article alone. Mr. Darcy talk 

The story is unsubstantiated.  There is no other than Jay Glazer who has said that this has occurred.  Favre himself tells a completely different story.  Glazer's story becomes nothing more than a """"He said, he said"""" without anyone else backin it.

The fact that you would threaten to block my ability to edit is ludicrous.  You are not an administrator here.  If you change my information, should I threaten to have you blocked, as well?  How about this:  If you have me blocked from editing, I shall request that the same occur to you.""",if you insert that content again you ll be blocked mr darcy talk one solid example of why that content can not stay your edit said the story was unsubstantiated with no presentation made of either tangible proof or any named sources yet the reference you provided to back that up is an article by glazer himself that says several sources have told fox sports that favre earlier this year phoned the detroit lions prior to their battle versus favre s old team the green bay packers and gave them a rundown of the nuances of what green bay does on offense according to the sources favre actually spent over an hour on the phone with lions coaches who were connected with favre by then team president matt millen that story is not unsubstantiated and the use of anonymous sources is completely normal and accepted in journalism calling the story unsubstantiated is a violation of wp blp and implying that it was incorrect because of the lack of named sources is an arbitrary standard that violates wp npov in addition in the third source you provide favre admits that he did have a conversation with the detroit executive and that favre said former players and coaches exchange information all the time that doesn t disprove anything glazer said and in some ways seems to support it as i said above if you reinsert that content i will have to block you from editing let s not get to that point find new reliable sources and quote them properly or leave the article alone mr darcy talk the story is unsubstantiated there is no other than jay glazer who has said that this has occurred favre himself tells a completely different story glazer s story becomes nothing more than a he said he said without anyone else backin it the fact that you would threaten to block my ability to edit is ludicrous you are not an administrator here if you change my information should i threaten to have you blocked as well how about this if you have me blocked from editing i shall request that the same occur to you,0,1
5e025bd0a4bc7588,", 27 May 2009 (UTC)

 Hi Avidius, Please see below for at least two sorces. 63.209.227.248  15:57",27 may 2009 utc hi avidius please see below for at least two sorces 63 209 227 248 15 57,0,0
a33436639000948e,"About Cheat Code Dangers 

Yeah I know. I saw it. Is there any way I can delete it? I think it's kinda crappy too y'know -P",about cheat code dangers yeah i know i saw it is there any way i can delete it i think it s kinda crappy too y know p,0,0
5cd3dfd2d4819b56,"""# Provide sources for all statements. (Non-ASU sources are preferred.)
 Convert """"Academic profile"""" to prose.
 Convert """"Facts and figures"""" to prose.
 Arrange images for best look and compliance with WP:MOS.
 Ensure all spelling and grammar are correct.
 Discuss splitting """"Notable people"""" into its own article.
 Keep this list update by adding new concerns and striking ones that have been addressed.""",provide sources for all statements non asu sources are preferred convert academic profile to prose convert facts and figures to prose arrange images for best look and compliance with wp mos ensure all spelling and grammar are correct discuss splitting notable people into its own article keep this list update by adding new concerns and striking ones that have been addressed,0,0
8f3e9f250e9c3a91,"Willa Cather 

How does the template work exactly? I took it from what I'd done with James Baldwin but somehow I couldn't get only one line after creating it. Sorry if I made things difficult. I think those templates make things clearer though, don't you?",willa cather how does the template work exactly i took it from what i d done with james baldwin but somehow i couldn t get only one line after creating it sorry if i made things difficult i think those templates make things clearer though don t you,0,0
f3fb115c9bede00e,"The Corset and the Crinoline. A Book of Modes and Costumes from Remote Periods to the Present Time. By W.B.L. Lord, William Barry. [1868] Is the first book about/for tightlacing, but a fantasy-book or mythology of tightlacing. And all later literatures have this book as source. But this important book is not mentioned in the article.  10:31, 2004 Dec 22 (UTC)",the corset and the crinoline a book of modes and costumes from remote periods to the present time by w b l lord william barry 1868 is the first book about for tightlacing but a fantasy book or mythology of tightlacing and all later literatures have this book as source but this important book is not mentioned in the article 10 31 2004 dec 22 utc,0,0
